/*
 Navicat Premium Data Transfer

 Source Server         : 本地mysql
 Source Server Type    : MySQL
 Source Server Version : 80021
 Source Host           : localhost:3306
 Source Schema         : student

 Target Server Type    : MySQL
 Target Server Version : 80021
 File Encoding         : 65001

 Date: 10/04/2022 22:03:35
*/

SET NAMES utf8mb4;
SET FOREIGN_KEY_CHECKS = 0;

-- ----------------------------
-- Table structure for checkin
-- ----------------------------
DROP TABLE IF EXISTS `checkin`;
CREATE TABLE `checkin`  (
                            `checkin_id` int NOT NULL AUTO_INCREMENT COMMENT '报到记录id',
                            `checkin_stuid` int NULL DEFAULT NULL COMMENT '报到学生',
                            `checkin_stuno` varchar(50) CHARACTER SET utf8mb4 COLLATE utf8mb4_general_ci NULL DEFAULT NULL COMMENT '报到学生',
                            `checkin_stuname` varchar(255) CHARACTER SET utf8mb4 COLLATE utf8mb4_general_ci NULL DEFAULT NULL COMMENT '报到学生',
                            `checkin_majorid` int NULL DEFAULT NULL COMMENT '专业',
                            `checkin_major` varchar(255) CHARACTER SET utf8mb4 COLLATE utf8mb4_general_ci NULL DEFAULT NULL COMMENT '专业',
                            `checkin_classid` int NULL DEFAULT NULL COMMENT '班级',
                            `checkin_class` varchar(255) CHARACTER SET utf8mb4 COLLATE utf8mb4_general_ci NULL DEFAULT NULL COMMENT '班级',
                            `checkin_time` datetime(0) NULL DEFAULT NULL COMMENT '报到时间',
                            `delflag` bit(1) NULL DEFAULT b'0' COMMENT '删除标记',
                            `create_byid` int NULL DEFAULT NULL COMMENT '创建人',
                            `create_by` varchar(32) CHARACTER SET utf8mb4 COLLATE utf8mb4_general_ci NULL DEFAULT NULL COMMENT '创建人',
                            `create_time` datetime(0) NULL DEFAULT NULL COMMENT '创建时间',
                            `update_byid` int NULL DEFAULT NULL COMMENT '更新人',
                            `update_by` varchar(32) CHARACTER SET utf8mb4 COLLATE utf8mb4_general_ci NULL DEFAULT NULL COMMENT '更新人',
                            `update_time` datetime(0) NULL DEFAULT NULL COMMENT '更新时间',
                            PRIMARY KEY (`checkin_id`) USING BTREE
) ENGINE = InnoDB AUTO_INCREMENT = 1 CHARACTER SET = utf8mb4 COLLATE = utf8mb4_general_ci COMMENT = '新生报到记录' ROW_FORMAT = Dynamic;

-- ----------------------------
-- Records of checkin
-- ----------------------------

-- ----------------------------
-- Table structure for class1
-- ----------------------------
DROP TABLE IF EXISTS `class1`;
CREATE TABLE `class1`  (
                           `class_id` int NOT NULL AUTO_INCREMENT COMMENT '班级id',
                           `class_name` varchar(50) CHARACTER SET utf8mb4 COLLATE utf8mb4_general_ci NULL DEFAULT NULL COMMENT '班级名称',
                           `class_majorid` int NULL DEFAULT NULL COMMENT '专业',
                           `class_major` varchar(255) CHARACTER SET utf8mb4 COLLATE utf8mb4_general_ci NULL DEFAULT NULL COMMENT '专业',
                           `class_description` varchar(255) CHARACTER SET utf8mb4 COLLATE utf8mb4_general_ci NULL DEFAULT NULL COMMENT '班级描述',
                           `remark` varchar(255) CHARACTER SET utf8mb4 COLLATE utf8mb4_general_ci NULL DEFAULT NULL COMMENT '备注',
                           `delflag` bit(1) NULL DEFAULT b'0' COMMENT '删除标记',
                           `create_byid` int NULL DEFAULT NULL COMMENT '创建人id',
                           `create_by` varchar(32) CHARACTER SET utf8mb4 COLLATE utf8mb4_general_ci NULL DEFAULT NULL COMMENT '创建人',
                           `create_time` datetime(0) NULL DEFAULT NULL COMMENT '创建时间',
                           `update_byid` int NULL DEFAULT NULL COMMENT '更新人id',
                           `update_by` varchar(32) CHARACTER SET utf8mb4 COLLATE utf8mb4_general_ci NULL DEFAULT NULL COMMENT '更新人',
                           `update_time` datetime(0) NULL DEFAULT NULL COMMENT '更新时间',
                           PRIMARY KEY (`class_id`) USING BTREE
) ENGINE = InnoDB CHARACTER SET = utf8mb4 COLLATE = utf8mb4_general_ci COMMENT = '班级表' ROW_FORMAT = Dynamic;

-- ----------------------------
-- Records of class1
-- ----------------------------
INSERT INTO `class1` VALUES (1, '202201班', 3, '计算机科学与技术', '2022届计算机科学与技术一班', '计科一班', b'0', 1, '超级管理员', '2022-04-07 21:56:53', 1, '超级管理员', '2022-04-10 14:50:45');
INSERT INTO `class1` VALUES (2, '202211班', 1, '通信工程', '2022届通信工程一班', '通信一班', b'0', 1, '超级管理员', '2022-04-10 14:49:37', 1, '超级管理员', '2022-04-10 14:49:37');

-- ----------------------------
-- Table structure for comp_news
-- ----------------------------
DROP TABLE IF EXISTS `comp_news`;
CREATE TABLE `comp_news`  (
                              `news_id` int NOT NULL AUTO_INCREMENT COMMENT '新闻id',
                              `news_userid` int NULL DEFAULT NULL COMMENT '用户ID',
                              `news_username` varchar(255) CHARACTER SET utf8mb4 COLLATE utf8mb4_general_ci NULL DEFAULT NULL COMMENT '用户名',
                              `news_title` varchar(255) CHARACTER SET utf8mb4 COLLATE utf8mb4_general_ci NULL DEFAULT NULL COMMENT '标题',
                              `news_content` mediumtext CHARACTER SET utf8mb4 COLLATE utf8mb4_general_ci NULL COMMENT '新闻内容',
                              `news_statuscode` char(1) CHARACTER SET utf8mb4 COLLATE utf8mb4_general_ci NULL DEFAULT NULL COMMENT '状态',
                              `news_status` varchar(10) CHARACTER SET utf8mb4 COLLATE utf8mb4_general_ci NULL DEFAULT NULL COMMENT '状态',
                              `news_order` int NULL DEFAULT NULL COMMENT '排序值',
                              `news_summary` text CHARACTER SET utf8mb4 COLLATE utf8mb4_general_ci NULL COMMENT '摘要',
                              `news_thumbnail` varchar(255) CHARACTER SET utf8mb4 COLLATE utf8mb4_general_ci NULL DEFAULT NULL COMMENT '缩略图',
                              `delflag` bit(1) NULL DEFAULT b'0' COMMENT '删除标记',
                              `create_byid` int NULL DEFAULT NULL COMMENT '创建人',
                              `create_by` varchar(32) CHARACTER SET utf8mb4 COLLATE utf8mb4_general_ci NULL DEFAULT NULL COMMENT '创建人',
                              `create_time` datetime(0) NULL DEFAULT NULL COMMENT '创建时间',
                              `update_byid` int NULL DEFAULT NULL COMMENT '更新人',
                              `update_by` varchar(32) CHARACTER SET utf8mb4 COLLATE utf8mb4_general_ci NULL DEFAULT NULL COMMENT '更新人',
                              `update_time` datetime(0) NULL DEFAULT NULL COMMENT '更新时间',
                              PRIMARY KEY (`news_id`) USING BTREE
) ENGINE = InnoDB AUTO_INCREMENT = 3 CHARACTER SET = utf8mb4 COLLATE = utf8mb4_general_ci COMMENT = '校园新闻' ROW_FORMAT = Dynamic;

-- ----------------------------
-- Records of comp_news
-- ----------------------------
INSERT INTO `comp_news` VALUES (1, 1, '超级管理员', '新生开学了', '2023级新生开学了<img src=\"http://localhost:8088/profile/upload/2022/04/10/优惠奖励大图_20220410094435A001.png\" />欢迎来到计算机专业大家庭<a href=\"https://www.baidu.com\" target=\"_blank\">百度一下</a>', '1', '新建', 1, '这是一条测试新闻', 'http://localhost:8088/profile/upload/2022/04/10/优惠奖励大图_20220410094435A001.png', b'0', 1, '超级管理员', '2022-04-10 09:46:25', 1, '超级管理员', '2022-04-10 09:46:25');
INSERT INTO `comp_news` VALUES (2, 1, '超级管理员', '测试一下缩略图上传', '测试一下缩略图上传', '2', '已发布', 2, '测试一下缩略图上传', 'http://localhost:8088/profile/upload/2022/04/10/积分奖励大图_20220410095107A002.png', b'0', 1, '超级管理员', '2022-04-10 09:51:12', 1, '超级管理员', '2022-04-10 09:51:24');

-- ----------------------------
-- Table structure for dormitory
-- ----------------------------
DROP TABLE IF EXISTS `dormitory`;
CREATE TABLE `dormitory`  (
                              `dor_id` int NOT NULL AUTO_INCREMENT COMMENT '宿舍id',
                              `dor_parentid` varchar(32) CHARACTER SET utf8mb4 COLLATE utf8mb4_general_ci NULL DEFAULT NULL COMMENT '父节点id',
                              `dor_no` varchar(10) CHARACTER SET utf8mb4 COLLATE utf8mb4_general_ci NULL DEFAULT NULL COMMENT '宿舍号',
                              `dor_name` varchar(255) CHARACTER SET utf8mb4 COLLATE utf8mb4_general_ci NULL DEFAULT NULL COMMENT '宿舍名称',
                              `dor_beds` int NULL DEFAULT NULL COMMENT '床位数',
                              `dor_description` varchar(500) CHARACTER SET utf8mb4 COLLATE utf8mb4_general_ci NULL DEFAULT NULL COMMENT '宿舍描述',
                              `remark` varchar(255) CHARACTER SET utf8mb4 COLLATE utf8mb4_general_ci NULL DEFAULT NULL COMMENT '备注',
                              `delflag` bit(1) NULL DEFAULT b'0' COMMENT '删除标记',
                              `create_byid` int NULL DEFAULT NULL COMMENT '创建人id',
                              `create_by` varchar(32) CHARACTER SET utf8mb4 COLLATE utf8mb4_general_ci NULL DEFAULT NULL COMMENT '创建人',
                              `create_time` datetime(0) NULL DEFAULT NULL COMMENT '创建时间',
                              `update_byid` int NULL DEFAULT NULL COMMENT '更新人id',
                              `update_by` varchar(32) CHARACTER SET utf8mb4 COLLATE utf8mb4_general_ci NULL DEFAULT NULL COMMENT '更新人',
                              `update_time` datetime(0) NULL DEFAULT NULL COMMENT '更新时间',
                              PRIMARY KEY (`dor_id`) USING BTREE
) ENGINE = InnoDB CHARACTER SET = utf8mb4 COLLATE = utf8mb4_general_ci COMMENT = '宿舍信息' ROW_FORMAT = Dynamic;

-- ----------------------------
-- Records of dormitory
-- ----------------------------
INSERT INTO `dormitory` VALUES (1, '0', '3#', '3号楼', 360, '梅苑三号楼', NULL, b'0', 1, '超级管理员', '2022-04-07 21:50:42', 1, '超级管理员', '2022-04-07 21:50:57');
INSERT INTO `dormitory` VALUES (2, '1', '1F', '一层', 60, '一层', NULL, b'0', 1, '超级管理员', '2022-04-07 21:53:28', 1, '超级管理员', '2022-04-07 21:53:41');
INSERT INTO `dormitory` VALUES (3, '2', '101', '一零一', 6, '一零一室', NULL, b'0', 1, '超级管理员', '2022-04-07 21:54:47', 1, '超级管理员', '2022-04-07 21:54:59');
INSERT INTO `dormitory` VALUES (4, '2', '102', '一零二', 4, '四人间', '', b'0', 1, '超级管理员', '2022-04-10 15:39:26', 1, '超级管理员', '2022-04-10 15:44:32');
INSERT INTO `dormitory` VALUES (5, '1', '2F', '二层', 60, '', '', b'0', 1, '超级管理员', '2022-04-10 15:41:48', 1, '超级管理员', '2022-04-10 15:44:34');
INSERT INTO `dormitory` VALUES (6, '5', '201', '二零一', 6, '', '', b'0', 1, '超级管理员', '2022-04-10 15:42:03', 1, '超级管理员', '2022-04-10 15:44:35');

-- ----------------------------
-- Table structure for gen_table
-- ----------------------------
DROP TABLE IF EXISTS `gen_table`;
CREATE TABLE `gen_table`  (
                              `table_id` bigint NOT NULL AUTO_INCREMENT COMMENT '编号',
                              `table_name` varchar(200) CHARACTER SET utf8mb4 COLLATE utf8mb4_general_ci NULL DEFAULT '' COMMENT '表名称',
                              `table_comment` varchar(500) CHARACTER SET utf8mb4 COLLATE utf8mb4_general_ci NULL DEFAULT '' COMMENT '表描述',
                              `sub_table_name` varchar(64) CHARACTER SET utf8mb4 COLLATE utf8mb4_general_ci NULL DEFAULT NULL COMMENT '关联子表的表名',
                              `sub_table_fk_name` varchar(64) CHARACTER SET utf8mb4 COLLATE utf8mb4_general_ci NULL DEFAULT NULL COMMENT '子表关联的外键名',
                              `class_name` varchar(100) CHARACTER SET utf8mb4 COLLATE utf8mb4_general_ci NULL DEFAULT '' COMMENT '实体类名称',
                              `tpl_category` varchar(200) CHARACTER SET utf8mb4 COLLATE utf8mb4_general_ci NULL DEFAULT 'crud' COMMENT '使用的模板（crud单表操作 tree树表操作 sub主子表操作）',
                              `package_name` varchar(100) CHARACTER SET utf8mb4 COLLATE utf8mb4_general_ci NULL DEFAULT NULL COMMENT '生成包路径',
                              `module_name` varchar(30) CHARACTER SET utf8mb4 COLLATE utf8mb4_general_ci NULL DEFAULT NULL COMMENT '生成模块名',
                              `business_name` varchar(30) CHARACTER SET utf8mb4 COLLATE utf8mb4_general_ci NULL DEFAULT NULL COMMENT '生成业务名',
                              `function_name` varchar(50) CHARACTER SET utf8mb4 COLLATE utf8mb4_general_ci NULL DEFAULT NULL COMMENT '生成功能名',
                              `function_author` varchar(50) CHARACTER SET utf8mb4 COLLATE utf8mb4_general_ci NULL DEFAULT NULL COMMENT '生成功能作者',
                              `gen_type` char(1) CHARACTER SET utf8mb4 COLLATE utf8mb4_general_ci NULL DEFAULT '0' COMMENT '生成代码方式（0zip压缩包 1自定义路径）',
                              `gen_path` varchar(200) CHARACTER SET utf8mb4 COLLATE utf8mb4_general_ci NULL DEFAULT '/' COMMENT '生成路径（不填默认项目路径）',
                              `options` varchar(1000) CHARACTER SET utf8mb4 COLLATE utf8mb4_general_ci NULL DEFAULT NULL COMMENT '其它生成选项',
                              `create_by` varchar(64) CHARACTER SET utf8mb4 COLLATE utf8mb4_general_ci NULL DEFAULT '' COMMENT '创建者',
                              `create_time` datetime(0) NULL DEFAULT NULL COMMENT '创建时间',
                              `update_by` varchar(64) CHARACTER SET utf8mb4 COLLATE utf8mb4_general_ci NULL DEFAULT '' COMMENT '更新者',
                              `update_time` datetime(0) NULL DEFAULT NULL COMMENT '更新时间',
                              `remark` varchar(500) CHARACTER SET utf8mb4 COLLATE utf8mb4_general_ci NULL DEFAULT NULL COMMENT '备注',
                              PRIMARY KEY (`table_id`) USING BTREE
) ENGINE = InnoDB AUTO_INCREMENT = 11 CHARACTER SET = utf8mb4 COLLATE = utf8mb4_general_ci COMMENT = '代码生成业务表' ROW_FORMAT = Dynamic;

-- ----------------------------
-- Records of gen_table
-- ----------------------------
INSERT INTO `gen_table` VALUES (2, 'dormitory', '宿舍信息', '', NULL, 'Dormitory', 'tree', 'com.ruoyi.project.system', 'system', 'dormitory', '宿舍信息', 'ruoyi', '0', '/', '{\"parentMenuId\":\"2000\",\"treeName\":\"dor_no\",\"treeParentCode\":\"dor_parentid\",\"parentMenuName\":\"校务管理\",\"treeCode\":\"dor_id\"}', 'admin', '2022-04-08 22:04:44', '', '2022-04-09 20:45:32', '');
INSERT INTO `gen_table` VALUES (3, 'major', '专业信息', '', NULL, 'Major', 'crud', 'com.ruoyi.project.system', 'system', 'major', '专业信息', 'ruoyi', '0', '/', '{\"parentMenuId\":\"2000\",\"treeName\":\"\",\"treeParentCode\":\"\",\"parentMenuName\":\"校务管理\",\"treeCode\":\"\"}', 'admin', '2022-04-08 22:04:44', '', '2022-04-10 16:35:11', '');
INSERT INTO `gen_table` VALUES (4, 'student', '学生信息', '', NULL, 'Student', 'crud', 'com.ruoyi.project.system', 'system', 'student', '学生信息', 'ruoyi', '0', '/', '{\"parentMenuId\":\"2000\",\"treeName\":\"\",\"treeParentCode\":\"\",\"parentMenuName\":\"校务管理\",\"treeCode\":\"\"}', 'admin', '2022-04-08 22:04:44', '', '2022-04-10 15:27:39', '');
INSERT INTO `gen_table` VALUES (5, 'class1', '班级表', '', NULL, 'Class1', 'crud', 'com.ruoyi.project.system', 'system', 'class1', '班级', 'ruoyi', '0', '/', '{\"parentMenuId\":\"\",\"treeName\":\"\",\"treeParentCode\":\"\",\"parentMenuName\":\"\",\"treeCode\":\"\"}', 'admin', '2022-04-08 22:35:45', '', '2022-04-10 14:30:36', '');
INSERT INTO `gen_table` VALUES (6, 'checkin', '新生报到记录', '', NULL, 'Checkin', 'crud', 'com.ruoyi.project.system', 'system', 'checkin', '新生报到记录', 'ruoyi', '0', '/', '{\"parentMenuId\":\"2000\",\"treeName\":\"\",\"treeParentCode\":\"\",\"parentMenuName\":\"校务管理\",\"treeCode\":\"\"}', 'admin', '2022-04-09 14:26:32', '', '2022-04-09 20:43:07', '');
INSERT INTO `gen_table` VALUES (7, 'comp_news', '校园新闻', '', NULL, 'CompNews', 'crud', 'com.ruoyi.project.system', 'system', 'news', '校园新闻', 'ruoyi', '0', '/', '{\"parentMenuId\":\"2000\",\"treeName\":\"\",\"treeParentCode\":\"\",\"parentMenuName\":\"校务管理\",\"treeCode\":\"\"}', 'admin', '2022-04-09 14:26:33', '', '2022-04-09 20:37:09', '');
INSERT INTO `gen_table` VALUES (8, 'leaveword', '留言', '', NULL, 'Leaveword', 'crud', 'com.ruoyi.project.system', 'system', 'leaveword', '留言', 'ruoyi', '0', '/', '{\"parentMenuId\":\"2000\",\"treeName\":\"\",\"treeParentCode\":\"\",\"parentMenuName\":\"校务管理\",\"treeCode\":\"\"}', 'admin', '2022-04-09 14:26:33', '', '2022-04-10 10:28:48', '');
INSERT INTO `gen_table` VALUES (9, 'payment_item', '缴费项目', '', NULL, 'PaymentItem', 'crud', 'com.ruoyi.project.system', 'system', 'item', '缴费项目', 'ruoyi', '0', '/', '{\"parentMenuId\":\"2000\",\"treeName\":\"\",\"treeParentCode\":\"\",\"parentMenuName\":\"校务管理\",\"treeCode\":\"\"}', 'admin', '2022-04-09 14:26:33', '', '2022-04-10 10:48:49', '');
INSERT INTO `gen_table` VALUES (10, 'payment_record', '缴费记录', '', NULL, 'PaymentRecord', 'crud', 'com.ruoyi.project.system', 'system', 'record', '缴费记录', 'ruoyi', '0', '/', '{\"parentMenuId\":\"2000\",\"treeName\":\"\",\"treeParentCode\":\"\",\"parentMenuName\":\"校务管理\",\"treeCode\":\"\"}', 'admin', '2022-04-09 14:26:33', '', '2022-04-10 21:11:48', '');

-- ----------------------------
-- Table structure for gen_table_column
-- ----------------------------
DROP TABLE IF EXISTS `gen_table_column`;
CREATE TABLE `gen_table_column`  (
                                     `column_id` bigint NOT NULL AUTO_INCREMENT COMMENT '编号',
                                     `table_id` varchar(64) CHARACTER SET utf8mb4 COLLATE utf8mb4_general_ci NULL DEFAULT NULL COMMENT '归属表编号',
                                     `column_name` varchar(200) CHARACTER SET utf8mb4 COLLATE utf8mb4_general_ci NULL DEFAULT NULL COMMENT '列名称',
                                     `column_comment` varchar(500) CHARACTER SET utf8mb4 COLLATE utf8mb4_general_ci NULL DEFAULT NULL COMMENT '列描述',
                                     `column_type` varchar(100) CHARACTER SET utf8mb4 COLLATE utf8mb4_general_ci NULL DEFAULT NULL COMMENT '列类型',
                                     `java_type` varchar(500) CHARACTER SET utf8mb4 COLLATE utf8mb4_general_ci NULL DEFAULT NULL COMMENT 'JAVA类型',
                                     `java_field` varchar(200) CHARACTER SET utf8mb4 COLLATE utf8mb4_general_ci NULL DEFAULT NULL COMMENT 'JAVA字段名',
                                     `is_pk` char(1) CHARACTER SET utf8mb4 COLLATE utf8mb4_general_ci NULL DEFAULT NULL COMMENT '是否主键（1是）',
                                     `is_increment` char(1) CHARACTER SET utf8mb4 COLLATE utf8mb4_general_ci NULL DEFAULT NULL COMMENT '是否自增（1是）',
                                     `is_required` char(1) CHARACTER SET utf8mb4 COLLATE utf8mb4_general_ci NULL DEFAULT NULL COMMENT '是否必填（1是）',
                                     `is_insert` char(1) CHARACTER SET utf8mb4 COLLATE utf8mb4_general_ci NULL DEFAULT NULL COMMENT '是否为插入字段（1是）',
                                     `is_edit` char(1) CHARACTER SET utf8mb4 COLLATE utf8mb4_general_ci NULL DEFAULT NULL COMMENT '是否编辑字段（1是）',
                                     `is_list` char(1) CHARACTER SET utf8mb4 COLLATE utf8mb4_general_ci NULL DEFAULT NULL COMMENT '是否列表字段（1是）',
                                     `is_query` char(1) CHARACTER SET utf8mb4 COLLATE utf8mb4_general_ci NULL DEFAULT NULL COMMENT '是否查询字段（1是）',
                                     `query_type` varchar(200) CHARACTER SET utf8mb4 COLLATE utf8mb4_general_ci NULL DEFAULT 'EQ' COMMENT '查询方式（等于、不等于、大于、小于、范围）',
                                     `html_type` varchar(200) CHARACTER SET utf8mb4 COLLATE utf8mb4_general_ci NULL DEFAULT NULL COMMENT '显示类型（文本框、文本域、下拉框、复选框、单选框、日期控件）',
                                     `dict_type` varchar(200) CHARACTER SET utf8mb4 COLLATE utf8mb4_general_ci NULL DEFAULT '' COMMENT '字典类型',
                                     `sort` int NULL DEFAULT NULL COMMENT '排序',
                                     `create_by` varchar(64) CHARACTER SET utf8mb4 COLLATE utf8mb4_general_ci NULL DEFAULT '' COMMENT '创建者',
                                     `create_time` datetime(0) NULL DEFAULT NULL COMMENT '创建时间',
                                     `update_by` varchar(64) CHARACTER SET utf8mb4 COLLATE utf8mb4_general_ci NULL DEFAULT '' COMMENT '更新者',
                                     `update_time` datetime(0) NULL DEFAULT NULL COMMENT '更新时间',
                                     PRIMARY KEY (`column_id`) USING BTREE
) ENGINE = InnoDB AUTO_INCREMENT = 143 CHARACTER SET = utf8mb4 COLLATE = utf8mb4_general_ci COMMENT = '代码生成业务表字段' ROW_FORMAT = Dynamic;

-- ----------------------------
-- Records of gen_table_column
-- ----------------------------
INSERT INTO `gen_table_column` VALUES (13, '2', 'dor_id', '宿舍id', 'int', 'Long', 'dorId', '0', '0', NULL, NULL, NULL, NULL, NULL, 'EQ', 'input', '', 1, 'admin', '2022-04-08 22:04:44', NULL, '2022-04-09 20:45:32');
INSERT INTO `gen_table_column` VALUES (14, '2', 'dor_parentid', '父级', 'varchar(32)', 'String', 'dorParentid', '0', '0', '1', '1', '1', NULL, NULL, 'EQ', 'input', '', 2, 'admin', '2022-04-08 22:04:44', NULL, '2022-04-09 20:45:32');
INSERT INTO `gen_table_column` VALUES (15, '2', 'dor_no', '宿舍号', 'varchar(10)', 'String', 'dorNo', '0', '0', '1', '1', '1', '1', '1', 'EQ', 'input', '', 3, 'admin', '2022-04-08 22:04:44', NULL, '2022-04-09 20:45:32');
INSERT INTO `gen_table_column` VALUES (16, '2', 'dor_name', '宿舍名称', 'varchar(255)', 'String', 'dorName', '0', '0', '1', '1', '1', '1', '1', 'LIKE', 'input', '', 4, 'admin', '2022-04-08 22:04:44', NULL, '2022-04-09 20:45:32');
INSERT INTO `gen_table_column` VALUES (17, '2', 'dor_beds', '床位数', 'int', 'Long', 'dorBeds', '0', '0', '1', '1', '1', '1', NULL, 'EQ', 'input', '', 5, 'admin', '2022-04-08 22:04:44', NULL, '2022-04-09 20:45:32');
INSERT INTO `gen_table_column` VALUES (18, '2', 'dor_description', '宿舍描述', 'varchar(500)', 'String', 'dorDescription', '0', '0', NULL, '1', '1', NULL, NULL, 'EQ', 'textarea', '', 6, 'admin', '2022-04-08 22:04:44', NULL, '2022-04-09 20:45:32');
INSERT INTO `gen_table_column` VALUES (19, '2', 'remark', '备注', 'varchar(255)', 'String', 'remark', '0', '0', NULL, '1', '1', NULL, NULL, 'EQ', 'input', '', 7, 'admin', '2022-04-08 22:04:44', NULL, '2022-04-09 20:45:32');
INSERT INTO `gen_table_column` VALUES (20, '2', 'delflag', '删除标记', 'bit(1)', 'Integer', 'delflag', '0', '0', NULL, NULL, NULL, NULL, NULL, 'EQ', 'input', '', 8, 'admin', '2022-04-08 22:04:44', NULL, '2022-04-09 20:45:32');
INSERT INTO `gen_table_column` VALUES (21, '2', 'create_byid', '创建人id', 'int', 'Long', 'createByid', '0', '0', NULL, NULL, NULL, NULL, NULL, 'EQ', 'input', '', 9, 'admin', '2022-04-08 22:04:44', NULL, '2022-04-09 20:45:32');
INSERT INTO `gen_table_column` VALUES (22, '2', 'create_by', '创建人', 'varchar(32)', 'String', 'createBy', '0', '0', NULL, NULL, NULL, '1', NULL, 'EQ', 'input', '', 10, 'admin', '2022-04-08 22:04:44', NULL, '2022-04-09 20:45:32');
INSERT INTO `gen_table_column` VALUES (23, '2', 'create_time', '创建时间', 'datetime', 'Date', 'createTime', '0', '0', NULL, NULL, NULL, '1', NULL, 'EQ', 'datetime', '', 11, 'admin', '2022-04-08 22:04:44', NULL, '2022-04-09 20:45:32');
INSERT INTO `gen_table_column` VALUES (24, '2', 'update_byid', '更新人id', 'int', 'Long', 'updateByid', '0', '0', NULL, NULL, NULL, NULL, NULL, 'EQ', 'input', '', 12, 'admin', '2022-04-08 22:04:44', NULL, '2022-04-09 20:45:32');
INSERT INTO `gen_table_column` VALUES (25, '2', 'update_by', '更新人', 'varchar(32)', 'String', 'updateBy', '0', '0', NULL, NULL, NULL, '1', NULL, 'EQ', 'input', '', 13, 'admin', '2022-04-08 22:04:44', NULL, '2022-04-09 20:45:32');
INSERT INTO `gen_table_column` VALUES (26, '2', 'update_time', '更新时间', 'datetime', 'Date', 'updateTime', '0', '0', NULL, NULL, NULL, '1', NULL, 'EQ', 'datetime', '', 14, 'admin', '2022-04-08 22:04:44', NULL, '2022-04-09 20:45:32');
INSERT INTO `gen_table_column` VALUES (27, '3', 'major_id', '专业id', 'int', 'Long', 'majorId', '0', '0', NULL, NULL, NULL, NULL, NULL, 'EQ', 'input', '', 1, 'admin', '2022-04-08 22:04:44', NULL, '2022-04-10 16:35:11');
INSERT INTO `gen_table_column` VALUES (28, '3', 'major_name', '专业名称', 'varchar(255)', 'String', 'majorName', '0', '0', '1', '1', '1', '1', '1', 'LIKE', 'input', '', 3, 'admin', '2022-04-08 22:04:44', NULL, '2022-04-10 16:35:11');
INSERT INTO `gen_table_column` VALUES (29, '3', 'major_description', '专业描述', 'varchar(500)', 'String', 'majorDescription', '0', '0', '1', '1', '1', NULL, NULL, 'EQ', 'textarea', '', 4, 'admin', '2022-04-08 22:04:44', NULL, '2022-04-10 16:35:11');
INSERT INTO `gen_table_column` VALUES (30, '3', 'remark', '备注', 'varchar(255)', 'String', 'remark', '0', '0', NULL, '1', '1', '1', NULL, 'EQ', 'input', '', 5, 'admin', '2022-04-08 22:04:44', NULL, '2022-04-10 16:35:11');
INSERT INTO `gen_table_column` VALUES (31, '3', 'delflag', '删除标记', 'bit(1)', 'Integer', 'delflag', '0', '0', NULL, NULL, NULL, NULL, NULL, 'EQ', 'input', '', 6, 'admin', '2022-04-08 22:04:44', NULL, '2022-04-10 16:35:11');
INSERT INTO `gen_table_column` VALUES (32, '3', 'create_byid', '创建人id', 'int', 'Long', 'createByid', '0', '0', NULL, NULL, NULL, NULL, NULL, 'EQ', 'input', '', 7, 'admin', '2022-04-08 22:04:44', NULL, '2022-04-10 16:35:11');
INSERT INTO `gen_table_column` VALUES (33, '3', 'create_by', '创建人', 'varchar(32)', 'String', 'createBy', '0', '0', NULL, NULL, NULL, '1', NULL, 'EQ', 'input', '', 8, 'admin', '2022-04-08 22:04:44', NULL, '2022-04-10 16:35:11');
INSERT INTO `gen_table_column` VALUES (34, '3', 'create_time', '创建时间', 'datetime', 'Date', 'createTime', '0', '0', NULL, NULL, NULL, '1', NULL, 'EQ', 'datetime', '', 9, 'admin', '2022-04-08 22:04:44', NULL, '2022-04-10 16:35:11');
INSERT INTO `gen_table_column` VALUES (35, '3', 'update_byid', '更新人id', 'int', 'Long', 'updateByid', '0', '0', NULL, NULL, NULL, NULL, NULL, 'EQ', 'input', '', 10, 'admin', '2022-04-08 22:04:44', NULL, '2022-04-10 16:35:11');
INSERT INTO `gen_table_column` VALUES (36, '3', 'update_by', '更新人', 'varchar(32)', 'String', 'updateBy', '0', '0', NULL, NULL, NULL, '1', NULL, 'EQ', 'input', '', 11, 'admin', '2022-04-08 22:04:44', NULL, '2022-04-10 16:35:11');
INSERT INTO `gen_table_column` VALUES (37, '3', 'update_time', '更新时间', 'datetime', 'Date', 'updateTime', '0', '0', NULL, NULL, NULL, '1', NULL, 'EQ', 'datetime', '', 12, 'admin', '2022-04-08 22:04:44', NULL, '2022-04-10 16:35:11');
INSERT INTO `gen_table_column` VALUES (38, '4', 'stu_id', '学生id', 'int', 'Long', 'stuId', '0', '0', NULL, NULL, NULL, NULL, NULL, 'EQ', 'input', '', 1, 'admin', '2022-04-08 22:04:44', NULL, '2022-04-10 15:27:39');
INSERT INTO `gen_table_column` VALUES (39, '4', 'stu_no', '学号', 'varchar(50)', 'String', 'stuNo', '0', '0', '1', '1', '1', '1', '1', 'EQ', 'input', '', 4, 'admin', '2022-04-08 22:04:44', NULL, '2022-04-10 15:27:39');
INSERT INTO `gen_table_column` VALUES (40, '4', 'stu_name', '姓名', 'varchar(10)', 'String', 'stuName', '0', '0', '1', '1', '1', '1', '1', 'LIKE', 'input', '', 5, 'admin', '2022-04-08 22:04:44', NULL, '2022-04-10 15:27:39');
INSERT INTO `gen_table_column` VALUES (41, '4', 'stu_gender', '性别', 'char(1)', 'String', 'stuGender', '0', '0', '1', '1', '1', '1', '1', 'EQ', 'select', 'sys_user_sex', 6, 'admin', '2022-04-08 22:04:44', NULL, '2022-04-10 15:27:39');
INSERT INTO `gen_table_column` VALUES (42, '4', 'stu_phoneno', '手机号', 'varchar(20)', 'String', 'stuPhoneno', '0', '0', '1', '1', '1', '1', '1', 'EQ', 'input', '', 7, 'admin', '2022-04-08 22:04:44', NULL, '2022-04-10 15:27:39');
INSERT INTO `gen_table_column` VALUES (43, '4', 'stu_idcardno', '身份证号', 'varchar(18)', 'String', 'stuIdcardno', '0', '0', '1', '1', '1', NULL, NULL, 'EQ', 'input', '', 8, 'admin', '2022-04-08 22:04:44', NULL, '2022-04-10 15:27:39');
INSERT INTO `gen_table_column` VALUES (44, '4', 'stu_address', '家庭住址', 'varchar(100)', 'String', 'stuAddress', '0', '0', '1', '1', '1', NULL, NULL, 'EQ', 'input', '', 9, 'admin', '2022-04-08 22:04:44', NULL, '2022-04-10 15:27:39');
INSERT INTO `gen_table_column` VALUES (45, '4', 'stu_majorid', '专业', 'int', 'Long', 'stuMajorid', '0', '0', '1', '1', '1', NULL, NULL, 'EQ', 'select', 'sys_common_status', 10, 'admin', '2022-04-08 22:04:44', NULL, '2022-04-10 15:27:39');
INSERT INTO `gen_table_column` VALUES (46, '4', 'stu_major', '专业', 'varchar(50)', 'String', 'stuMajor', '0', '0', NULL, NULL, NULL, '1', '1', 'LIKE', 'input', '', 11, 'admin', '2022-04-08 22:04:44', NULL, '2022-04-10 15:27:39');
INSERT INTO `gen_table_column` VALUES (47, '4', 'stu_classid', '班级', 'int', 'Long', 'stuClassid', '0', '0', '1', '1', '1', NULL, NULL, 'EQ', 'select', 'sys_common_status', 12, 'admin', '2022-04-08 22:04:44', NULL, '2022-04-10 15:27:39');
INSERT INTO `gen_table_column` VALUES (48, '4', 'stu_class', '班级', 'varchar(50)', 'String', 'stuClass', '0', '0', NULL, NULL, NULL, '1', '1', 'LIKE', 'input', '', 13, 'admin', '2022-04-08 22:04:44', NULL, '2022-04-10 15:27:39');
INSERT INTO `gen_table_column` VALUES (49, '4', 'stu_dormitoryid', '宿舍', 'int', 'Long', 'stuDormitoryid', '0', '0', NULL, NULL, NULL, NULL, NULL, 'EQ', 'input', '', 14, 'admin', '2022-04-08 22:04:44', NULL, '2022-04-10 15:27:39');
INSERT INTO `gen_table_column` VALUES (50, '4', 'stu_dormitory', '宿舍', 'varchar(50)', 'String', 'stuDormitory', '0', '0', NULL, NULL, NULL, '1', NULL, 'EQ', 'input', '', 15, 'admin', '2022-04-08 22:04:44', NULL, '2022-04-10 15:27:39');
INSERT INTO `gen_table_column` VALUES (51, '4', 'stu_statuscode', '状态', 'char(1)', 'String', 'stuStatuscode', '0', '0', '1', '1', '1', '1', '1', 'EQ', 'select', 'student_status', 16, 'admin', '2022-04-08 22:04:44', NULL, '2022-04-10 15:27:39');
INSERT INTO `gen_table_column` VALUES (52, '4', 'stu_status', '状态', 'varchar(50)', 'String', 'stuStatus', '0', '0', NULL, NULL, NULL, NULL, NULL, 'EQ', 'radio', '', 17, 'admin', '2022-04-08 22:04:44', NULL, '2022-04-10 15:27:39');
INSERT INTO `gen_table_column` VALUES (53, '4', 'delflag', '是否删除', 'bit(1)', 'Integer', 'delflag', '0', '0', NULL, NULL, NULL, NULL, NULL, 'EQ', 'input', '', 18, 'admin', '2022-04-08 22:04:44', NULL, '2022-04-10 15:27:39');
INSERT INTO `gen_table_column` VALUES (54, '4', 'create_byid', '创建人id', 'int', 'Long', 'createByid', '0', '0', NULL, NULL, NULL, NULL, NULL, 'EQ', 'input', '', 19, 'admin', '2022-04-08 22:04:44', NULL, '2022-04-10 15:27:39');
INSERT INTO `gen_table_column` VALUES (55, '4', 'create_by', '创建人', 'varchar(32)', 'String', 'createBy', '0', '0', NULL, NULL, NULL, NULL, NULL, 'EQ', 'input', '', 20, 'admin', '2022-04-08 22:04:44', NULL, '2022-04-10 15:27:39');
INSERT INTO `gen_table_column` VALUES (56, '4', 'create_time', '创建时间', 'datetime', 'Date', 'createTime', '0', '0', NULL, NULL, NULL, NULL, NULL, 'EQ', 'datetime', '', 21, 'admin', '2022-04-08 22:04:44', NULL, '2022-04-10 15:27:39');
INSERT INTO `gen_table_column` VALUES (57, '4', 'update_byid', '更新人id', 'int', 'Long', 'updateByid', '0', '0', NULL, NULL, NULL, NULL, NULL, 'EQ', 'input', '', 22, 'admin', '2022-04-08 22:04:44', NULL, '2022-04-10 15:27:39');
INSERT INTO `gen_table_column` VALUES (58, '4', 'update_by', '更新人', 'varchar(32)', 'String', 'updateBy', '0', '0', NULL, NULL, NULL, '1', NULL, 'EQ', 'input', '', 23, 'admin', '2022-04-08 22:04:44', NULL, '2022-04-10 15:27:39');
INSERT INTO `gen_table_column` VALUES (59, '4', 'update_time', '更新时间', 'datetime', 'Date', 'updateTime', '0', '0', NULL, NULL, NULL, '1', NULL, 'EQ', 'datetime', '', 24, 'admin', '2022-04-08 22:04:44', NULL, '2022-04-10 15:27:39');
INSERT INTO `gen_table_column` VALUES (60, '5', 'class_id', '班级id', 'int', 'Long', 'classId', '0', '0', NULL, NULL, NULL, NULL, NULL, 'EQ', 'input', '', 1, 'admin', '2022-04-08 22:35:45', NULL, '2022-04-10 14:30:36');
INSERT INTO `gen_table_column` VALUES (61, '5', 'class_name', '班级名称', 'varchar(50)', 'String', 'className', '0', '0', '1', '1', '1', '1', '1', 'LIKE', 'input', '', 2, 'admin', '2022-04-08 22:35:45', NULL, '2022-04-10 14:30:36');
INSERT INTO `gen_table_column` VALUES (62, '5', 'class_majorid', '专业', 'int', 'Long', 'classMajorid', '0', '0', '1', '1', '1', NULL, '1', 'EQ', 'select', 'sys_common_status', 3, 'admin', '2022-04-08 22:35:45', NULL, '2022-04-10 14:30:36');
INSERT INTO `gen_table_column` VALUES (63, '5', 'class_major', '专业', 'varchar(255)', 'String', 'classMajor', '0', '0', NULL, NULL, NULL, '1', NULL, 'EQ', 'input', '', 4, 'admin', '2022-04-08 22:35:45', NULL, '2022-04-10 14:30:36');
INSERT INTO `gen_table_column` VALUES (64, '5', 'remark', '备注', 'varchar(255)', 'String', 'remark', '0', '0', NULL, '1', '1', '1', NULL, 'EQ', 'input', '', 6, 'admin', '2022-04-08 22:35:45', NULL, '2022-04-10 14:30:36');
INSERT INTO `gen_table_column` VALUES (65, '5', 'delflag', '删除标记', 'varchar(32)', 'Integer', 'delflag', '0', '0', NULL, NULL, NULL, NULL, NULL, 'EQ', 'input', '', 7, 'admin', '2022-04-08 22:35:45', NULL, '2022-04-10 14:30:36');
INSERT INTO `gen_table_column` VALUES (66, '5', 'create_byid', '创建人id', 'int', 'Long', 'createByid', '0', '0', NULL, NULL, NULL, NULL, NULL, 'EQ', 'input', '', 8, 'admin', '2022-04-08 22:35:45', NULL, '2022-04-10 14:30:36');
INSERT INTO `gen_table_column` VALUES (67, '5', 'create_by', '创建人', 'varchar(32)', 'String', 'createBy', '0', '0', NULL, NULL, NULL, '1', NULL, 'EQ', 'input', '', 9, 'admin', '2022-04-08 22:35:45', NULL, '2022-04-10 14:30:36');
INSERT INTO `gen_table_column` VALUES (68, '5', 'create_time', '创建时间', 'datetime', 'Date', 'createTime', '0', '0', NULL, NULL, NULL, '1', NULL, 'EQ', 'datetime', '', 10, 'admin', '2022-04-08 22:35:45', NULL, '2022-04-10 14:30:36');
INSERT INTO `gen_table_column` VALUES (69, '5', 'update_byid', '更新人id', 'int', 'Long', 'updateByid', '0', '0', NULL, NULL, NULL, NULL, NULL, 'EQ', 'input', '', 11, 'admin', '2022-04-08 22:35:45', NULL, '2022-04-10 14:30:36');
INSERT INTO `gen_table_column` VALUES (70, '5', 'update_by', '更新人', 'varchar(32)', 'String', 'updateBy', '0', '0', NULL, NULL, NULL, '1', NULL, 'EQ', 'input', '', 12, 'admin', '2022-04-08 22:35:45', NULL, '2022-04-10 14:30:36');
INSERT INTO `gen_table_column` VALUES (71, '5', 'update_time', '更新时间', 'datetime', 'Date', 'updateTime', '0', '0', NULL, NULL, NULL, '1', NULL, 'EQ', 'datetime', '', 13, 'admin', '2022-04-08 22:35:46', NULL, '2022-04-10 14:30:36');
INSERT INTO `gen_table_column` VALUES (72, '6', 'checkin_id', '报到记录id', 'int', 'Long', 'checkinId', '0', '0', NULL, NULL, NULL, NULL, NULL, 'EQ', 'input', '', 1, 'admin', '2022-04-09 14:26:33', NULL, '2022-04-09 20:43:07');
INSERT INTO `gen_table_column` VALUES (73, '6', 'checkin_stuid', '报到学生', 'int', 'Long', 'checkinStuid', '0', '0', NULL, NULL, NULL, NULL, NULL, 'EQ', 'input', '', 2, 'admin', '2022-04-09 14:26:33', NULL, '2022-04-09 20:43:07');
INSERT INTO `gen_table_column` VALUES (74, '6', 'checkin_stuno', '报到学生', 'varchar(50)', 'String', 'checkinStuno', '0', '0', NULL, NULL, NULL, NULL, NULL, 'EQ', 'input', '', 3, 'admin', '2022-04-09 14:26:33', NULL, '2022-04-09 20:43:07');
INSERT INTO `gen_table_column` VALUES (75, '6', 'checkin_stuname', '报到学生', 'varchar(255)', 'String', 'checkinStuname', '0', '0', NULL, '1', NULL, '1', '1', 'LIKE', 'input', '', 4, 'admin', '2022-04-09 14:26:33', NULL, '2022-04-09 20:43:07');
INSERT INTO `gen_table_column` VALUES (76, '6', 'checkin_majorid', '专业', 'int', 'Long', 'checkinMajorid', '0', '0', '1', '1', '1', NULL, '1', 'EQ', 'select', 'sys_common_status', 5, 'admin', '2022-04-09 14:26:33', NULL, '2022-04-09 20:43:07');
INSERT INTO `gen_table_column` VALUES (77, '6', 'checkin_major', '专业', 'varchar(255)', 'String', 'checkinMajor', '0', '0', NULL, NULL, NULL, '1', NULL, 'EQ', 'input', '', 6, 'admin', '2022-04-09 14:26:33', NULL, '2022-04-09 20:43:07');
INSERT INTO `gen_table_column` VALUES (78, '6', 'checkin_classid', '班级', 'int', 'Long', 'checkinClassid', '0', '0', '1', '1', '1', NULL, '1', 'EQ', 'select', 'sys_common_status', 7, 'admin', '2022-04-09 14:26:33', NULL, '2022-04-09 20:43:07');
INSERT INTO `gen_table_column` VALUES (79, '6', 'checkin_class', '班级', 'varchar(255)', 'String', 'checkinClass', '0', '0', NULL, NULL, NULL, '1', NULL, 'EQ', 'input', '', 11, 'admin', '2022-04-09 14:26:33', NULL, '2022-04-09 20:43:07');
INSERT INTO `gen_table_column` VALUES (80, '6', 'checkin_time', '报到时间', 'datetime', 'Date', 'checkinTime', '0', '0', NULL, '1', '1', '1', NULL, 'EQ', 'datetime', '', 9, 'admin', '2022-04-09 14:26:33', NULL, '2022-04-09 20:43:07');
INSERT INTO `gen_table_column` VALUES (81, '6', 'delflag', '删除标记', 'bit(1)', 'Integer', 'delflag', '0', '0', NULL, NULL, NULL, NULL, NULL, 'EQ', 'input', '', 8, 'admin', '2022-04-09 14:26:33', NULL, '2022-04-09 20:43:07');
INSERT INTO `gen_table_column` VALUES (82, '6', 'create_byid', '创建人', 'int', 'Long', 'createByid', '0', '0', NULL, NULL, NULL, NULL, NULL, 'EQ', 'input', '', 10, 'admin', '2022-04-09 14:26:33', NULL, '2022-04-09 20:43:07');
INSERT INTO `gen_table_column` VALUES (83, '6', 'create_by', '创建人', 'varchar(32)', 'String', 'createBy', '0', '0', NULL, NULL, NULL, '1', NULL, 'EQ', 'input', '', 12, 'admin', '2022-04-09 14:26:33', NULL, '2022-04-09 20:43:07');
INSERT INTO `gen_table_column` VALUES (84, '6', 'create_time', '创建时间', 'datetime', 'Date', 'createTime', '0', '0', NULL, NULL, NULL, '1', NULL, 'EQ', 'datetime', '', 13, 'admin', '2022-04-09 14:26:33', NULL, '2022-04-09 20:43:07');
INSERT INTO `gen_table_column` VALUES (85, '6', 'update_byid', '更新人', 'int', 'Long', 'updateByid', '0', '0', NULL, NULL, NULL, NULL, NULL, 'EQ', 'input', '', 14, 'admin', '2022-04-09 14:26:33', NULL, '2022-04-09 20:43:07');
INSERT INTO `gen_table_column` VALUES (86, '6', 'update_by', '更新人', 'varchar(32)', 'String', 'updateBy', '0', '0', NULL, NULL, NULL, '1', NULL, 'EQ', 'input', '', 15, 'admin', '2022-04-09 14:26:33', NULL, '2022-04-09 20:43:07');
INSERT INTO `gen_table_column` VALUES (87, '6', 'update_time', '更新时间', 'datetime', 'Date', 'updateTime', '0', '0', NULL, NULL, NULL, '1', NULL, 'EQ', 'datetime', '', 16, 'admin', '2022-04-09 14:26:33', NULL, '2022-04-09 20:43:07');
INSERT INTO `gen_table_column` VALUES (88, '7', 'news_id', '新闻id', 'int', 'Long', 'newsId', '1', '1', NULL, NULL, NULL, NULL, NULL, 'EQ', 'input', '', 1, 'admin', '2022-04-09 14:26:33', NULL, '2022-04-09 20:37:09');
INSERT INTO `gen_table_column` VALUES (89, '7', 'news_userid', '用户ID', 'int', 'Long', 'newsUserid', '0', '0', NULL, NULL, NULL, NULL, NULL, 'EQ', 'input', '', 2, 'admin', '2022-04-09 14:26:33', NULL, '2022-04-09 20:37:09');
INSERT INTO `gen_table_column` VALUES (90, '7', 'news_username', '用户名', 'varchar(255)', 'String', 'newsUsername', '0', '0', NULL, '1', '1', '1', '1', 'LIKE', 'input', '', 3, 'admin', '2022-04-09 14:26:33', NULL, '2022-04-09 20:37:09');
INSERT INTO `gen_table_column` VALUES (91, '7', 'news_title', '标题', 'varchar(255)', 'String', 'newsTitle', '0', '0', '1', '1', '1', '1', '1', 'LIKE', 'input', '', 4, 'admin', '2022-04-09 14:26:33', NULL, '2022-04-09 20:37:09');
INSERT INTO `gen_table_column` VALUES (92, '7', 'news_content', '新闻内容', 'mediumtext', 'String', 'newsContent', '0', '0', '1', '1', '1', NULL, NULL, 'EQ', 'summernote', '', 5, 'admin', '2022-04-09 14:26:33', NULL, '2022-04-09 20:37:09');
INSERT INTO `gen_table_column` VALUES (93, '7', 'news_statuscode', '状态', 'char(1)', 'String', 'newsStatuscode', '0', '0', '1', '1', '1', NULL, '1', 'EQ', 'select', 'new_status', 6, 'admin', '2022-04-09 14:26:33', NULL, '2022-04-09 20:37:09');
INSERT INTO `gen_table_column` VALUES (94, '7', 'news_status', '状态', 'varchar(10)', 'String', 'newsStatus', '0', '0', NULL, NULL, NULL, '1', NULL, 'EQ', 'input', '', 7, 'admin', '2022-04-09 14:26:33', NULL, '2022-04-09 20:37:09');
INSERT INTO `gen_table_column` VALUES (95, '7', 'news_order', '排序值', 'int', 'Long', 'newsOrder', '0', '0', '1', '1', '1', '1', NULL, 'EQ', 'input', '', 8, 'admin', '2022-04-09 14:26:33', NULL, '2022-04-09 20:37:09');
INSERT INTO `gen_table_column` VALUES (96, '7', 'news_summary', '摘要', 'text', 'String', 'newsSummary', '0', '0', '1', '1', '1', NULL, NULL, 'EQ', 'textarea', '', 9, 'admin', '2022-04-09 14:26:33', NULL, '2022-04-09 20:37:09');
INSERT INTO `gen_table_column` VALUES (97, '7', 'news_thumbnail', '缩略图', 'varchar(255)', 'String', 'newsThumbnail', '0', '0', '1', '1', '1', NULL, NULL, 'EQ', 'upload', '', 10, 'admin', '2022-04-09 14:26:33', NULL, '2022-04-09 20:37:09');
INSERT INTO `gen_table_column` VALUES (98, '7', 'delflag', '删除标记', 'bit(1)', 'Integer', 'delflag', '0', '0', NULL, NULL, NULL, NULL, NULL, 'EQ', 'input', '', 11, 'admin', '2022-04-09 14:26:33', NULL, '2022-04-09 20:37:09');
INSERT INTO `gen_table_column` VALUES (99, '7', 'create_byid', '创建人', 'int', 'Long', 'createByid', '0', '0', NULL, NULL, NULL, NULL, NULL, 'EQ', 'input', '', 12, 'admin', '2022-04-09 14:26:33', NULL, '2022-04-09 20:37:09');
INSERT INTO `gen_table_column` VALUES (100, '7', 'create_by', '创建人', 'varchar(32)', 'String', 'createBy', '0', '0', NULL, NULL, NULL, '1', NULL, 'EQ', 'input', '', 13, 'admin', '2022-04-09 14:26:33', NULL, '2022-04-09 20:37:09');
INSERT INTO `gen_table_column` VALUES (101, '7', 'create_time', '创建时间', 'datetime', 'Date', 'createTime', '0', '0', NULL, NULL, NULL, '1', NULL, 'EQ', 'datetime', '', 14, 'admin', '2022-04-09 14:26:33', NULL, '2022-04-09 20:37:09');
INSERT INTO `gen_table_column` VALUES (102, '7', 'update_byid', '更新人', 'int', 'Long', 'updateByid', '0', '0', NULL, NULL, NULL, NULL, NULL, 'EQ', 'input', '', 15, 'admin', '2022-04-09 14:26:33', NULL, '2022-04-09 20:37:09');
INSERT INTO `gen_table_column` VALUES (103, '7', 'update_by', '更新人', 'varchar(32)', 'String', 'updateBy', '0', '0', NULL, NULL, NULL, '1', NULL, 'EQ', 'input', '', 16, 'admin', '2022-04-09 14:26:33', NULL, '2022-04-09 20:37:09');
INSERT INTO `gen_table_column` VALUES (104, '7', 'update_time', '更新时间', 'datetime', 'Date', 'updateTime', '0', '0', NULL, NULL, NULL, '1', NULL, 'EQ', 'datetime', '', 17, 'admin', '2022-04-09 14:26:33', NULL, '2022-04-09 20:37:09');
INSERT INTO `gen_table_column` VALUES (105, '8', 'lw_id', '留言id', 'int', 'Long', 'lwId', '1', '1', NULL, NULL, NULL, NULL, NULL, 'EQ', 'input', '', 1, 'admin', '2022-04-09 14:26:33', NULL, '2022-04-10 10:28:48');
INSERT INTO `gen_table_column` VALUES (106, '8', 'lw_stuid', '留言学生', 'int', 'Long', 'lwStuid', '0', '0', NULL, NULL, NULL, NULL, NULL, 'EQ', 'input', '', 4, 'admin', '2022-04-09 14:26:33', NULL, '2022-04-10 10:28:48');
INSERT INTO `gen_table_column` VALUES (107, '8', 'lw_stuno', '留言学生', 'varchar(50)', 'String', 'lwStuno', '0', '0', NULL, NULL, NULL, NULL, NULL, 'EQ', 'input', '', 5, 'admin', '2022-04-09 14:26:33', NULL, '2022-04-10 10:28:48');
INSERT INTO `gen_table_column` VALUES (108, '8', 'lw_stuname', '留言学生', 'varchar(50)', 'String', 'lwStuname', '0', '0', NULL, NULL, NULL, NULL, NULL, 'LIKE', 'input', '', 6, 'admin', '2022-04-09 14:26:33', NULL, '2022-04-10 10:28:48');
INSERT INTO `gen_table_column` VALUES (109, '8', 'lw_content', '留言内容', 'text', 'String', 'lwContent', '0', '0', '1', '1', '1', '1', '1', 'EQ', 'summernote', '', 7, 'admin', '2022-04-09 14:26:33', NULL, '2022-04-10 10:28:48');
INSERT INTO `gen_table_column` VALUES (110, '8', 'lw_leavetime', '留言时间', 'datetime', 'Date', 'lwLeavetime', '0', '0', NULL, '1', '1', '1', '1', 'EQ', 'datetime', '', 8, 'admin', '2022-04-09 14:26:33', NULL, '2022-04-10 10:28:48');
INSERT INTO `gen_table_column` VALUES (111, '8', 'delflag', '删除标记', 'bit(1)', 'Integer', 'delflag', '0', '0', NULL, NULL, NULL, NULL, NULL, 'EQ', 'input', '', 9, 'admin', '2022-04-09 14:26:33', NULL, '2022-04-10 10:28:48');
INSERT INTO `gen_table_column` VALUES (112, '8', 'create_byid', '创建人', 'int', 'Long', 'createByid', '0', '0', NULL, NULL, NULL, NULL, NULL, 'EQ', 'input', '', 10, 'admin', '2022-04-09 14:26:33', NULL, '2022-04-10 10:28:48');
INSERT INTO `gen_table_column` VALUES (113, '8', 'create_by', '创建人', 'varchar(32)', 'String', 'createBy', '0', '0', NULL, NULL, NULL, '1', NULL, 'EQ', 'input', '', 11, 'admin', '2022-04-09 14:26:33', NULL, '2022-04-10 10:28:48');
INSERT INTO `gen_table_column` VALUES (114, '8', 'create_time', '创建时间', 'datetime', 'Date', 'createTime', '0', '0', NULL, NULL, NULL, '1', NULL, 'EQ', 'datetime', '', 12, 'admin', '2022-04-09 14:26:33', NULL, '2022-04-10 10:28:48');
INSERT INTO `gen_table_column` VALUES (115, '8', 'update_byid', '更新人', 'int', 'Long', 'updateByid', '0', '0', NULL, NULL, NULL, NULL, NULL, 'EQ', 'input', '', 13, 'admin', '2022-04-09 14:26:33', NULL, '2022-04-10 10:28:48');
INSERT INTO `gen_table_column` VALUES (116, '8', 'update_by', '更新人', 'varchar(32)', 'String', 'updateBy', '0', '0', NULL, NULL, NULL, '1', NULL, 'EQ', 'input', '', 14, 'admin', '2022-04-09 14:26:33', NULL, '2022-04-10 10:28:48');
INSERT INTO `gen_table_column` VALUES (117, '8', 'update_time', '更新时间', 'datetime', 'Date', 'updateTime', '0', '0', NULL, NULL, NULL, '1', NULL, 'EQ', 'datetime', '', 15, 'admin', '2022-04-09 14:26:33', NULL, '2022-04-10 10:28:48');
INSERT INTO `gen_table_column` VALUES (118, '9', 'pi_id', '缴费项id', 'int', 'Long', 'piId', '0', '0', NULL, NULL, NULL, NULL, NULL, 'EQ', 'input', '', 1, 'admin', '2022-04-09 14:26:33', NULL, '2022-04-10 10:48:49');
INSERT INTO `gen_table_column` VALUES (119, '9', 'pi_name', '缴费项', 'varchar(255)', 'String', 'piName', '0', '0', '1', '1', '1', '1', '1', 'LIKE', 'input', '', 2, 'admin', '2022-04-09 14:26:33', NULL, '2022-04-10 10:48:49');
INSERT INTO `gen_table_column` VALUES (120, '9', 'pi_amount', '缴费金额', 'decimal(18,2)', 'BigDecimal', 'piAmount', '0', '0', '1', '1', '1', '1', NULL, 'EQ', 'input', '', 3, 'admin', '2022-04-09 14:26:33', NULL, '2022-04-10 10:48:49');
INSERT INTO `gen_table_column` VALUES (121, '9', 'pi_deadline', '截止时间', 'datetime', 'Date', 'piDeadline', '0', '0', '1', '1', '1', '1', NULL, 'EQ', 'datetime', '', 4, 'admin', '2022-04-09 14:26:33', NULL, '2022-04-10 10:48:49');
INSERT INTO `gen_table_column` VALUES (122, '9', 'remark', '备注', 'varchar(255)', 'String', 'remark', '0', '0', NULL, '1', '1', NULL, NULL, 'EQ', 'input', '', 5, 'admin', '2022-04-09 14:26:33', NULL, '2022-04-10 10:48:49');
INSERT INTO `gen_table_column` VALUES (123, '9', 'delflag', '删除标记', 'bit(1)', 'Integer', 'delflag', '0', '0', NULL, NULL, NULL, NULL, NULL, 'EQ', 'input', '', 6, 'admin', '2022-04-09 14:26:33', NULL, '2022-04-10 10:48:49');
INSERT INTO `gen_table_column` VALUES (124, '9', 'create_byid', '创建人', 'int', 'Long', 'createByid', '0', '0', NULL, NULL, NULL, NULL, NULL, 'EQ', 'input', '', 7, 'admin', '2022-04-09 14:26:33', NULL, '2022-04-10 10:48:49');
INSERT INTO `gen_table_column` VALUES (125, '9', 'create_by', '创建人', 'varchar(32)', 'String', 'createBy', '0', '0', NULL, NULL, NULL, '1', NULL, 'EQ', 'input', '', 8, 'admin', '2022-04-09 14:26:33', NULL, '2022-04-10 10:48:49');
INSERT INTO `gen_table_column` VALUES (126, '9', 'create_time', '创建时间', 'datetime', 'Date', 'createTime', '0', '0', NULL, NULL, NULL, '1', NULL, 'EQ', 'datetime', '', 9, 'admin', '2022-04-09 14:26:33', NULL, '2022-04-10 10:48:49');
INSERT INTO `gen_table_column` VALUES (127, '9', 'update_byid', '更新人', 'int', 'Long', 'updateByid', '0', '0', NULL, NULL, NULL, NULL, NULL, 'EQ', 'input', '', 10, 'admin', '2022-04-09 14:26:33', NULL, '2022-04-10 10:48:49');
INSERT INTO `gen_table_column` VALUES (128, '9', 'update_by', '更新人', 'varchar(32)', 'String', 'updateBy', '0', '0', NULL, NULL, NULL, '1', NULL, 'EQ', 'input', '', 11, 'admin', '2022-04-09 14:26:33', NULL, '2022-04-10 10:48:49');
INSERT INTO `gen_table_column` VALUES (129, '9', 'update_time', '更新时间', 'datetime', 'Date', 'updateTime', '0', '0', NULL, NULL, NULL, '1', NULL, 'EQ', 'datetime', '', 12, 'admin', '2022-04-09 14:26:33', NULL, '2022-04-10 10:48:49');
INSERT INTO `gen_table_column` VALUES (130, '10', 'pr_id', '缴费记录id', 'int', 'Long', 'prId', '1', '1', NULL, NULL, NULL, NULL, NULL, 'EQ', 'input', '', 1, 'admin', '2022-04-09 14:26:33', NULL, '2022-04-10 21:11:48');
INSERT INTO `gen_table_column` VALUES (131, '10', 'pr_piid', '缴费项', 'int', 'Long', 'prPiid', '0', '0', '1', '1', '1', NULL, NULL, 'EQ', 'select', 'sys_common_status', 2, 'admin', '2022-04-09 14:26:33', NULL, '2022-04-10 21:11:48');
INSERT INTO `gen_table_column` VALUES (132, '10', 'pr_piname', '缴费项', 'varchar(255)', 'String', 'prPiname', '0', '0', NULL, NULL, NULL, '1', '1', 'LIKE', 'input', '', 3, 'admin', '2022-04-09 14:26:33', NULL, '2022-04-10 21:11:48');
INSERT INTO `gen_table_column` VALUES (133, '10', 'pr_stuid', '缴费人', 'int', 'Long', 'prStuid', '0', '0', NULL, '1', NULL, NULL, NULL, 'EQ', 'select', 'sys_common_status', 5, 'admin', '2022-04-09 14:26:33', NULL, '2022-04-10 21:11:48');
INSERT INTO `gen_table_column` VALUES (134, '10', 'pr_stuno', '缴费人', 'varchar(50)', 'String', 'prStuno', '0', '0', NULL, NULL, NULL, NULL, NULL, 'EQ', 'input', '', 6, 'admin', '2022-04-09 14:26:33', NULL, '2022-04-10 21:11:48');
INSERT INTO `gen_table_column` VALUES (135, '10', 'pr_stuname', '缴费人', 'varchar(50)', 'String', 'prStuname', '0', '0', NULL, NULL, NULL, '1', '1', 'LIKE', 'input', '', 7, 'admin', '2022-04-09 14:26:33', NULL, '2022-04-10 21:11:48');
INSERT INTO `gen_table_column` VALUES (136, '10', 'pr_paytime', '缴费时间', 'datetime', 'Date', 'prPaytime', '0', '0', NULL, '1', '1', '1', NULL, 'EQ', 'datetime', '', 8, 'admin', '2022-04-09 14:26:33', NULL, '2022-04-10 21:11:48');
INSERT INTO `gen_table_column` VALUES (137, '10', 'delflag', '删除标记', 'varchar(32)', 'Integer', 'delflag', '0', '0', NULL, NULL, NULL, NULL, NULL, 'EQ', 'input', '', 9, 'admin', '2022-04-09 14:26:33', NULL, '2022-04-10 21:11:48');
INSERT INTO `gen_table_column` VALUES (138, '10', 'create_byid', '创建人', 'int', 'Long', 'createByid', '0', '0', NULL, NULL, NULL, NULL, NULL, 'EQ', 'input', '', 10, 'admin', '2022-04-09 14:26:33', NULL, '2022-04-10 21:11:48');
INSERT INTO `gen_table_column` VALUES (139, '10', 'create_by', '创建人', 'varchar(32)', 'String', 'createBy', '0', '0', NULL, NULL, NULL, '1', NULL, 'EQ', 'input', '', 11, 'admin', '2022-04-09 14:26:33', NULL, '2022-04-10 21:11:48');
INSERT INTO `gen_table_column` VALUES (140, '10', 'create_time', '创建时间', 'datetime', 'Date', 'createTime', '0', '0', NULL, NULL, NULL, '1', NULL, 'EQ', 'datetime', '', 12, 'admin', '2022-04-09 14:26:33', NULL, '2022-04-10 21:11:48');
INSERT INTO `gen_table_column` VALUES (141, '10', 'update_byid', '更新人', 'int', 'Long', 'updateByid', '0', '0', NULL, NULL, NULL, NULL, NULL, 'EQ', 'input', '', 13, 'admin', '2022-04-09 14:26:33', NULL, '2022-04-10 21:11:48');
INSERT INTO `gen_table_column` VALUES (142, '10', 'update_by', '更新人', 'varchar(32)', 'String', 'updateBy', '0', '0', NULL, NULL, NULL, '1', NULL, 'EQ', 'input', '', 14, 'admin', '2022-04-09 14:26:33', NULL, '2022-04-10 21:11:48');
INSERT INTO `gen_table_column` VALUES (143, '10', 'update_time', '更新时间', 'datetime', 'Date', 'updateTime', '0', '0', NULL, NULL, NULL, '1', NULL, 'EQ', 'datetime', '', 15, 'admin', '2022-04-09 14:26:33', NULL, '2022-04-10 21:11:48');
INSERT INTO `gen_table_column` VALUES (144, '8', 'lw_userid', '用户', 'int', 'Long', 'lwUserid', '0', '0', NULL, NULL, NULL, NULL, NULL, 'EQ', 'input', '', 2, '', '2022-04-10 10:27:11', NULL, '2022-04-10 10:28:48');
INSERT INTO `gen_table_column` VALUES (145, '8', 'lw_username', '用户', 'varchar(255)', 'String', 'lwUsername', '0', '0', NULL, NULL, NULL, '1', '1', 'LIKE', 'input', '', 3, '', '2022-04-10 10:27:11', NULL, '2022-04-10 10:28:48');
INSERT INTO `gen_table_column` VALUES (146, '3', 'major_code', '专业代码', 'varchar(255)', 'String', 'majorCode', '0', '0', '1', '1', '1', '1', '1', 'EQ', 'input', '', 2, '', '2022-04-10 14:13:10', NULL, '2022-04-10 16:35:11');
INSERT INTO `gen_table_column` VALUES (147, '5', 'class_description', '班级描述', 'varchar(255)', 'String', 'classDescription', '0', '0', '1', '1', '1', NULL, NULL, 'EQ', 'input', '', 5, '', '2022-04-10 14:29:36', NULL, '2022-04-10 14:30:36');
INSERT INTO `gen_table_column` VALUES (148, '4', 'stu_userid', '用户名', 'int', 'Long', 'stuUserid', '0', '0', '1', '1', '1', NULL, NULL, 'EQ', 'select', 'sys_common_status', 2, '', '2022-04-10 14:52:06', NULL, '2022-04-10 15:27:39');
INSERT INTO `gen_table_column` VALUES (149, '4', 'stu_username', '用户名', 'varchar(20)', 'String', 'stuUsername', '0', '0', NULL, NULL, NULL, '1', NULL, 'LIKE', 'input', '', 3, '', '2022-04-10 14:52:06', NULL, '2022-04-10 15:27:39');
INSERT INTO `gen_table_column` VALUES (150, '10', 'pr_piamount', '缴费金额', 'decimal(18,2)', 'BigDecimal', 'prPiamount', '0', '0', NULL, '1', '1', '1', NULL, 'EQ', 'input', '', 4, '', '2022-04-10 21:08:49', NULL, '2022-04-10 21:11:48');

-- ----------------------------
-- Table structure for leaveword
-- ----------------------------
DROP TABLE IF EXISTS `leaveword`;
CREATE TABLE `leaveword`  (
                              `lw_id` int NOT NULL AUTO_INCREMENT COMMENT '留言id',
                              `lw_userid` int NULL DEFAULT NULL COMMENT '用户',
                              `lw_username` varchar(255) CHARACTER SET utf8mb4 COLLATE utf8mb4_general_ci NULL DEFAULT NULL COMMENT '用户',
                              `lw_stuid` int NULL DEFAULT NULL COMMENT '留言学生',
                              `lw_stuno` varchar(50) CHARACTER SET utf8mb4 COLLATE utf8mb4_general_ci NULL DEFAULT NULL COMMENT '留言学生',
                              `lw_stuname` varchar(50) CHARACTER SET utf8mb4 COLLATE utf8mb4_general_ci NULL DEFAULT NULL COMMENT '留言学生',
                              `lw_content` mediumtext CHARACTER SET utf8mb4 COLLATE utf8mb4_general_ci NULL COMMENT '留言内容',
                              `lw_leavetime` datetime(0) NULL DEFAULT NULL COMMENT '留言时间',
                              `delflag` bit(1) NULL DEFAULT b'0' COMMENT '删除标记',
                              `create_byid` int NULL DEFAULT NULL COMMENT '创建人',
                              `create_by` varchar(32) CHARACTER SET utf8mb4 COLLATE utf8mb4_general_ci NULL DEFAULT NULL COMMENT '创建人',
                              `create_time` datetime(0) NULL DEFAULT NULL COMMENT '创建时间',
                              `update_byid` int NULL DEFAULT NULL COMMENT '更新人',
                              `update_by` varchar(32) CHARACTER SET utf8mb4 COLLATE utf8mb4_general_ci NULL DEFAULT NULL COMMENT '更新人',
                              `update_time` datetime(0) NULL DEFAULT NULL COMMENT '更新时间',
                              PRIMARY KEY (`lw_id`) USING BTREE
) ENGINE = InnoDB AUTO_INCREMENT = 3 CHARACTER SET = utf8mb4 COLLATE = utf8mb4_general_ci COMMENT = '留言' ROW_FORMAT = Dynamic;

-- ----------------------------
-- Records of leaveword
-- ----------------------------
INSERT INTO `leaveword` VALUES (2, 1, '超级管理员', NULL, NULL, NULL, '测试留言111', '2022-04-10 10:41:55', b'0', 1, '超级管理员', '2022-04-10 10:41:55', 1, '超级管理员', '2022-04-10 10:44:14');

-- ----------------------------
-- Table structure for major
-- ----------------------------
DROP TABLE IF EXISTS `major`;
CREATE TABLE `major`  (
                          `major_id` int NOT NULL AUTO_INCREMENT COMMENT '专业id',
                          `major_code` varchar(255) CHARACTER SET utf8mb4 COLLATE utf8mb4_general_ci NULL DEFAULT NULL COMMENT '专业代码',
                          `major_name` varchar(255) CHARACTER SET utf8mb4 COLLATE utf8mb4_general_ci NULL DEFAULT NULL COMMENT '专业名称',
                          `major_description` varchar(500) CHARACTER SET utf8mb4 COLLATE utf8mb4_general_ci NULL DEFAULT NULL COMMENT '专业描述',
                          `remark` varchar(255) CHARACTER SET utf8mb4 COLLATE utf8mb4_general_ci NULL DEFAULT NULL COMMENT '备注',
                          `delflag` bit(1) NULL DEFAULT b'0' COMMENT '删除标记',
                          `create_byid` int NULL DEFAULT NULL COMMENT '创建人id',
                          `create_by` varchar(32) CHARACTER SET utf8mb4 COLLATE utf8mb4_general_ci NULL DEFAULT NULL COMMENT '创建人',
                          `create_time` datetime(0) NULL DEFAULT NULL COMMENT '创建时间',
                          `update_byid` int NULL DEFAULT NULL COMMENT '更新人id',
                          `update_by` varchar(32) CHARACTER SET utf8mb4 COLLATE utf8mb4_general_ci NULL DEFAULT NULL COMMENT '更新人',
                          `update_time` datetime(0) NULL DEFAULT NULL COMMENT '更新时间',
                          PRIMARY KEY (`major_id`) USING BTREE
) ENGINE = InnoDB AUTO_INCREMENT = 1 CHARACTER SET = utf8mb4 COLLATE = utf8mb4_general_ci COMMENT = '专业信息' ROW_FORMAT = Dynamic;

-- ----------------------------
-- Records of major
-- ----------------------------
INSERT INTO `major` VALUES (1, '1500001', '通信工程', '主修通信原理、信号学', '新增专业', b'0', 1, '超级管理员', '2022-04-07 21:55:37', 1, '超级管理员', '2022-04-10 14:48:27');
INSERT INTO `major` VALUES (3, '1500002', '计算机科学与技术', '主修计算机原理、操作系统等', '计科', b'0', 1, '超级管理员', '2022-04-10 14:24:32', 1, '超级管理员', '2022-04-10 14:27:17');

-- ----------------------------
-- Table structure for payment_item
-- ----------------------------
DROP TABLE IF EXISTS `payment_item`;
CREATE TABLE `payment_item`  (
                                 `pi_id` int NOT NULL AUTO_INCREMENT COMMENT '缴费项id',
                                 `pi_name` varchar(255) CHARACTER SET utf8mb4 COLLATE utf8mb4_general_ci NULL DEFAULT NULL COMMENT '缴费项名称',
                                 `pi_amount` decimal(18, 2) NULL DEFAULT NULL COMMENT '缴费金额',
                                 `pi_deadline` datetime(0) NULL DEFAULT NULL COMMENT '截止时间',
                                 `remark` varchar(255) CHARACTER SET utf8mb4 COLLATE utf8mb4_general_ci NULL DEFAULT NULL COMMENT '备注',
                                 `delflag` bit(1) NULL DEFAULT b'0' COMMENT '删除标记',
                                 `create_byid` int NULL DEFAULT NULL COMMENT '创建人',
                                 `create_by` varchar(32) CHARACTER SET utf8mb4 COLLATE utf8mb4_general_ci NULL DEFAULT NULL COMMENT '创建人',
                                 `create_time` datetime(0) NULL DEFAULT NULL COMMENT '创建时间',
                                 `update_byid` int NULL DEFAULT NULL COMMENT '更新人',
                                 `update_by` varchar(32) CHARACTER SET utf8mb4 COLLATE utf8mb4_general_ci NULL DEFAULT NULL COMMENT '更新人',
                                 `update_time` datetime(0) NULL DEFAULT NULL COMMENT '更新时间',
                                 PRIMARY KEY (`pi_id`) USING BTREE
) ENGINE = InnoDB AUTO_INCREMENT = 2 CHARACTER SET = utf8mb4 COLLATE = utf8mb4_general_ci COMMENT = '缴费项目' ROW_FORMAT = Dynamic;

-- ----------------------------
-- Records of payment_item
-- ----------------------------
INSERT INTO `payment_item` VALUES (1, '2023年度学杂费', 1100.50, '2022-04-14 00:00:00', '', b'0', 1, '超级管理员', '2022-04-10 10:58:55', 1, '超级管理员', '2022-04-10 17:31:42');

-- ----------------------------
-- Table structure for payment_record
-- ----------------------------
DROP TABLE IF EXISTS `payment_record`;
CREATE TABLE `payment_record`  (
                                   `pr_id` int NOT NULL AUTO_INCREMENT COMMENT '缴费记录id',
                                   `pr_piid` int NULL DEFAULT NULL COMMENT '缴费项',
                                   `pr_piname` varchar(255) CHARACTER SET utf8mb4 COLLATE utf8mb4_general_ci NULL DEFAULT NULL COMMENT '缴费项',
                                   `pr_piamount` decimal(18, 2) NULL DEFAULT NULL COMMENT '缴费金额',
                                   `pr_stuid` int NULL DEFAULT NULL COMMENT '缴费学生',
                                   `pr_stuno` varchar(50) CHARACTER SET utf8mb4 COLLATE utf8mb4_general_ci NULL DEFAULT NULL COMMENT '缴费学生',
                                   `pr_stuname` varchar(50) CHARACTER SET utf8mb4 COLLATE utf8mb4_general_ci NULL DEFAULT NULL COMMENT '缴费学生',
                                   `pr_paytime` datetime(0) NULL DEFAULT NULL COMMENT '缴费时间',
                                   `delflag` bit(1) NULL DEFAULT b'0' COMMENT '删除标记',
                                   `create_byid` int NULL DEFAULT NULL COMMENT '创建人',
                                   `create_by` varchar(32) CHARACTER SET utf8mb4 COLLATE utf8mb4_general_ci NULL DEFAULT NULL COMMENT '创建人',
                                   `create_time` datetime(0) NULL DEFAULT NULL COMMENT '创建时间',
                                   `update_byid` int NULL DEFAULT NULL COMMENT '更新人',
                                   `update_by` varchar(32) CHARACTER SET utf8mb4 COLLATE utf8mb4_general_ci NULL DEFAULT NULL COMMENT '更新人',
                                   `update_time` datetime(0) NULL DEFAULT NULL COMMENT '更新时间',
                                   PRIMARY KEY (`pr_id`) USING BTREE
) ENGINE = InnoDB AUTO_INCREMENT = 1 CHARACTER SET = utf8mb4 COLLATE = utf8mb4_general_ci COMMENT = '缴费记录' ROW_FORMAT = Dynamic;

-- ----------------------------
-- Records of payment_record
-- ----------------------------
INSERT INTO `payment_record` VALUES (8, 1, '2023年度学杂费', 1100.50, 1, '202211010101', '张三', '2022-04-10 21:50:46', b'0', 103, '张三', '2022-04-10 21:51:04', 103, '张三', '2022-04-10 21:51:04');

-- ----------------------------
-- Table structure for student
-- ----------------------------
DROP TABLE IF EXISTS `student`;
CREATE TABLE `student`  (
                            `stu_id` int NOT NULL AUTO_INCREMENT COMMENT '学生id',
                            `stu_userid` int NULL DEFAULT NULL COMMENT '用户名',
                            `stu_username` varchar(20) CHARACTER SET utf8mb4 COLLATE utf8mb4_general_ci NULL DEFAULT NULL COMMENT '用户名',
                            `stu_no` varchar(50) CHARACTER SET utf8mb4 COLLATE utf8mb4_general_ci NULL DEFAULT NULL COMMENT '学号',
                            `stu_name` varchar(10) CHARACTER SET utf8mb4 COLLATE utf8mb4_general_ci NULL DEFAULT NULL COMMENT '姓名',
                            `stu_gender` char(1) CHARACTER SET utf8mb4 COLLATE utf8mb4_general_ci NULL DEFAULT NULL COMMENT '性别',
                            `stu_phoneno` varchar(20) CHARACTER SET utf8mb4 COLLATE utf8mb4_general_ci NULL DEFAULT NULL COMMENT '手机号',
                            `stu_idcardno` varchar(18) CHARACTER SET utf8mb4 COLLATE utf8mb4_general_ci NULL DEFAULT NULL COMMENT '身份证号',
                            `stu_address` varchar(100) CHARACTER SET utf8mb4 COLLATE utf8mb4_general_ci NULL DEFAULT NULL COMMENT '家庭住址',
                            `stu_majorid` int NULL DEFAULT NULL COMMENT '专业',
                            `stu_major` varchar(50) CHARACTER SET utf8mb4 COLLATE utf8mb4_general_ci NULL DEFAULT NULL COMMENT '专业',
                            `stu_classid` int NULL DEFAULT NULL COMMENT '班级',
                            `stu_class` varchar(50) CHARACTER SET utf8mb4 COLLATE utf8mb4_general_ci NULL DEFAULT NULL COMMENT '班级',
                            `stu_dormitoryid` int NULL DEFAULT NULL COMMENT '宿舍',
                            `stu_dormitory` varchar(50) CHARACTER SET utf8mb4 COLLATE utf8mb4_general_ci NULL DEFAULT NULL COMMENT '宿舍',
                            `stu_statuscode` char(1) CHARACTER SET utf8mb4 COLLATE utf8mb4_general_ci NULL DEFAULT NULL COMMENT '状态',
                            `stu_status` varchar(50) CHARACTER SET utf8mb4 COLLATE utf8mb4_general_ci NULL DEFAULT NULL COMMENT '状态',
                            `delflag` bit(1) NULL DEFAULT b'0' COMMENT '是否删除',
                            `create_byid` int NULL DEFAULT NULL COMMENT '创建人id',
                            `create_by` varchar(32) CHARACTER SET utf8mb4 COLLATE utf8mb4_general_ci NULL DEFAULT NULL COMMENT '创建人',
                            `create_time` datetime(0) NULL DEFAULT NULL COMMENT '创建时间',
                            `update_byid` int NULL DEFAULT NULL COMMENT '更新人id',
                            `update_by` varchar(32) CHARACTER SET utf8mb4 COLLATE utf8mb4_general_ci NULL DEFAULT NULL COMMENT '更新人',
                            `update_time` datetime(0) NULL DEFAULT NULL COMMENT '更新时间',
                            PRIMARY KEY (`stu_id`) USING BTREE
) ENGINE = InnoDB CHARACTER SET = utf8mb4 COLLATE = utf8mb4_general_ci COMMENT = '学生信息' ROW_FORMAT = Dynamic;

-- ----------------------------
-- Records of student
-- ----------------------------
INSERT INTO `student` VALUES (1, 103, '张三', '202211010101', '张三', '1', '15965875668', '370823548963254125', '北京市海淀区盛海路101号', 3, '计算机科学与技术', 1, '202201班', 3, '梅苑三号楼一层一零一', '1', '已报到', b'0', 1, '超级管理员', '2022-04-07 22:00:00', 1, '超级管理员', '2022-04-07 22:00:09');

-- ----------------------------
-- Table structure for sys_config
-- ----------------------------
DROP TABLE IF EXISTS `sys_config`;
CREATE TABLE `sys_config`  (
                               `config_id` int NOT NULL AUTO_INCREMENT COMMENT '参数主键',
                               `config_name` varchar(100) CHARACTER SET utf8mb4 COLLATE utf8mb4_general_ci NULL DEFAULT '' COMMENT '参数名称',
                               `config_key` varchar(100) CHARACTER SET utf8mb4 COLLATE utf8mb4_general_ci NULL DEFAULT '' COMMENT '参数键名',
                               `config_value` varchar(500) CHARACTER SET utf8mb4 COLLATE utf8mb4_general_ci NULL DEFAULT '' COMMENT '参数键值',
                               `config_type` char(1) CHARACTER SET utf8mb4 COLLATE utf8mb4_general_ci NULL DEFAULT 'N' COMMENT '系统内置（Y是 N否）',
                               `create_by` varchar(64) CHARACTER SET utf8mb4 COLLATE utf8mb4_general_ci NULL DEFAULT '' COMMENT '创建者',
                               `create_time` datetime(0) NULL DEFAULT NULL COMMENT '创建时间',
                               `update_by` varchar(64) CHARACTER SET utf8mb4 COLLATE utf8mb4_general_ci NULL DEFAULT '' COMMENT '更新者',
                               `update_time` datetime(0) NULL DEFAULT NULL COMMENT '更新时间',
                               `remark` varchar(500) CHARACTER SET utf8mb4 COLLATE utf8mb4_general_ci NULL DEFAULT NULL COMMENT '备注',
                               PRIMARY KEY (`config_id`) USING BTREE
) ENGINE = InnoDB AUTO_INCREMENT = 100 CHARACTER SET = utf8mb4 COLLATE = utf8mb4_general_ci COMMENT = '参数配置表' ROW_FORMAT = Dynamic;

-- ----------------------------
-- Records of sys_config
-- ----------------------------
INSERT INTO `sys_config` VALUES (1, '主框架页-默认皮肤样式名称', 'sys.index.skinName', 'skin-blue', 'Y', 'admin', '2022-04-08 15:19:15', '', NULL, '蓝色 skin-blue、绿色 skin-green、紫色 skin-purple、红色 skin-red、黄色 skin-yellow');
INSERT INTO `sys_config` VALUES (2, '用户管理-账号初始密码', 'sys.user.initPassword', '123456', 'Y', 'admin', '2022-04-08 15:19:15', '', NULL, '初始化密码 123456');
INSERT INTO `sys_config` VALUES (3, '主框架页-侧边栏主题', 'sys.index.sideTheme', 'theme-dark', 'Y', 'admin', '2022-04-08 15:19:15', '', NULL, '深黑主题theme-dark，浅色主题theme-light，深蓝主题theme-blue');
INSERT INTO `sys_config` VALUES (4, '账号自助-是否开启用户注册功能', 'sys.account.registerUser', 'false', 'Y', 'admin', '2022-04-08 15:19:15', '', NULL, '是否开启注册用户功能（true开启，false关闭）');
INSERT INTO `sys_config` VALUES (5, '用户管理-密码字符范围', 'sys.account.chrtype', '0', 'Y', 'admin', '2022-04-08 15:19:15', '', NULL, '默认任意字符范围，0任意（密码可以输入任意字符），1数字（密码只能为0-9数字），2英文字母（密码只能为a-z和A-Z字母），3字母和数字（密码必须包含字母，数字）,4字母数字和特殊字符（目前支持的特殊字符包括：~!@#$%^&*()-=_+）');
INSERT INTO `sys_config` VALUES (6, '用户管理-初始密码修改策略', 'sys.account.initPasswordModify', '0', 'Y', 'admin', '2022-04-08 15:19:15', '', NULL, '0：初始密码修改策略关闭，没有任何提示，1：提醒用户，如果未修改初始密码，则在登录时就会提醒修改密码对话框');
INSERT INTO `sys_config` VALUES (7, '用户管理-账号密码更新周期', 'sys.account.passwordValidateDays', '0', 'Y', 'admin', '2022-04-08 15:19:15', '', NULL, '密码更新周期（填写数字，数据初始化值为0不限制，若修改必须为大于0小于365的正整数），如果超过这个周期登录系统时，则在登录时就会提醒修改密码对话框');
INSERT INTO `sys_config` VALUES (8, '主框架页-菜单导航显示风格', 'sys.index.menuStyle', 'default', 'Y', 'admin', '2022-04-08 15:19:15', '', NULL, '菜单导航显示风格（default为左侧导航菜单，topnav为顶部导航菜单）');
INSERT INTO `sys_config` VALUES (9, '主框架页-是否开启页脚', 'sys.index.footer', 'true', 'Y', 'admin', '2022-04-08 15:19:15', '', NULL, '是否开启底部页脚显示（true显示，false隐藏）');
INSERT INTO `sys_config` VALUES (10, '主框架页-是否开启页签', 'sys.index.tagsView', 'true', 'Y', 'admin', '2022-04-08 15:19:15', '', NULL, '是否开启菜单多页签显示（true显示，false隐藏）');

-- ----------------------------
-- Table structure for sys_dept
-- ----------------------------
DROP TABLE IF EXISTS `sys_dept`;
CREATE TABLE `sys_dept`  (
                             `dept_id` bigint NOT NULL AUTO_INCREMENT COMMENT '部门id',
                             `parent_id` bigint NULL DEFAULT 0 COMMENT '父部门id',
                             `ancestors` varchar(50) CHARACTER SET utf8mb4 COLLATE utf8mb4_general_ci NULL DEFAULT '' COMMENT '祖级列表',
                             `dept_name` varchar(30) CHARACTER SET utf8mb4 COLLATE utf8mb4_general_ci NULL DEFAULT '' COMMENT '部门名称',
                             `order_num` int NULL DEFAULT 0 COMMENT '显示顺序',
                             `leader` varchar(20) CHARACTER SET utf8mb4 COLLATE utf8mb4_general_ci NULL DEFAULT NULL COMMENT '负责人',
                             `phone` varchar(11) CHARACTER SET utf8mb4 COLLATE utf8mb4_general_ci NULL DEFAULT NULL COMMENT '联系电话',
                             `email` varchar(50) CHARACTER SET utf8mb4 COLLATE utf8mb4_general_ci NULL DEFAULT NULL COMMENT '邮箱',
                             `status` char(1) CHARACTER SET utf8mb4 COLLATE utf8mb4_general_ci NULL DEFAULT '0' COMMENT '部门状态（0正常 1停用）',
                             `del_flag` char(1) CHARACTER SET utf8mb4 COLLATE utf8mb4_general_ci NULL DEFAULT '0' COMMENT '删除标志（0代表存在 2代表删除）',
                             `create_by` varchar(64) CHARACTER SET utf8mb4 COLLATE utf8mb4_general_ci NULL DEFAULT '' COMMENT '创建者',
                             `create_time` datetime(0) NULL DEFAULT NULL COMMENT '创建时间',
                             `update_by` varchar(64) CHARACTER SET utf8mb4 COLLATE utf8mb4_general_ci NULL DEFAULT '' COMMENT '更新者',
                             `update_time` datetime(0) NULL DEFAULT NULL COMMENT '更新时间',
                             PRIMARY KEY (`dept_id`) USING BTREE
) ENGINE = InnoDB AUTO_INCREMENT = 201 CHARACTER SET = utf8mb4 COLLATE = utf8mb4_general_ci COMMENT = '部门表' ROW_FORMAT = Dynamic;

-- ----------------------------
-- Records of sys_dept
-- ----------------------------
INSERT INTO `sys_dept` VALUES (100, 0, '0', '唐山学院', 0, '超级管理员', '15888888888', 'ry@qq.com', '0', '0', 'admin', '2022-04-08 15:19:14', 'admin', '2022-04-09 21:08:27');
INSERT INTO `sys_dept` VALUES (101, 100, '0,100', '信息科学与工程学院', 3, '若依', '15888888888', 'ry@qq.com', '0', '0', 'admin', '2022-04-08 15:19:14', 'admin', '2022-04-09 13:32:05');
INSERT INTO `sys_dept` VALUES (102, 100, '0,100', '外语学院', 2, '若依', '15888888888', 'ry@qq.com', '0', '0', 'admin', '2022-04-08 15:19:14', 'admin', '2022-04-08 22:24:08');
INSERT INTO `sys_dept` VALUES (103, 101, '0,100,101', '计算机科学与技术', 1, '若依', '15888888888', 'ry@qq.com', '0', '0', 'admin', '2022-04-08 15:19:14', 'admin', '2022-04-08 22:24:19');
INSERT INTO `sys_dept` VALUES (104, 101, '0,100,101', '市场部门', 2, '若依', '15888888888', 'ry@qq.com', '0', '2', 'admin', '2022-04-08 15:19:14', '', NULL);
INSERT INTO `sys_dept` VALUES (105, 101, '0,100,101', '通信工程', 3, '若依', '15888888888', 'ry@qq.com', '0', '0', 'admin', '2022-04-08 15:19:14', 'admin', '2022-04-08 22:24:31');
INSERT INTO `sys_dept` VALUES (106, 101, '0,100,101', '财务部门', 4, '若依', '15888888888', 'ry@qq.com', '0', '2', 'admin', '2022-04-08 15:19:14', '', NULL);
INSERT INTO `sys_dept` VALUES (107, 101, '0,100,101', '财务', 5, '若依', '15888888888', 'ry@qq.com', '0', '2', 'admin', '2022-04-08 15:19:14', 'admin', '2022-04-08 22:25:14');
INSERT INTO `sys_dept` VALUES (108, 102, '0,100,102', '英语', 1, '若依', '15888888888', 'ry@qq.com', '0', '0', 'admin', '2022-04-08 15:19:14', 'admin', '2022-04-08 22:25:22');
INSERT INTO `sys_dept` VALUES (109, 102, '0,100,102', '西班牙语', 2, '若依', '15888888888', 'ry@qq.com', '0', '0', 'admin', '2022-04-08 15:19:14', 'admin', '2022-04-08 22:25:32');
INSERT INTO `sys_dept` VALUES (200, 100, '0,100', '财务部', 1, '会计', '18856549782', '12345@163.com', '0', '0', 'admin', '2022-04-09 13:31:11', 'admin', '2022-04-09 21:09:18');

-- ----------------------------
-- Table structure for sys_dict_data
-- ----------------------------
DROP TABLE IF EXISTS `sys_dict_data`;
CREATE TABLE `sys_dict_data`  (
                                  `dict_code` bigint NOT NULL AUTO_INCREMENT COMMENT '字典编码',
                                  `dict_sort` int NULL DEFAULT 0 COMMENT '字典排序',
                                  `dict_label` varchar(100) CHARACTER SET utf8mb4 COLLATE utf8mb4_general_ci NULL DEFAULT '' COMMENT '字典标签',
                                  `dict_value` varchar(100) CHARACTER SET utf8mb4 COLLATE utf8mb4_general_ci NULL DEFAULT '' COMMENT '字典键值',
                                  `dict_type` varchar(100) CHARACTER SET utf8mb4 COLLATE utf8mb4_general_ci NULL DEFAULT '' COMMENT '字典类型',
                                  `css_class` varchar(100) CHARACTER SET utf8mb4 COLLATE utf8mb4_general_ci NULL DEFAULT NULL COMMENT '样式属性（其他样式扩展）',
                                  `list_class` varchar(100) CHARACTER SET utf8mb4 COLLATE utf8mb4_general_ci NULL DEFAULT NULL COMMENT '表格回显样式',
                                  `is_default` char(1) CHARACTER SET utf8mb4 COLLATE utf8mb4_general_ci NULL DEFAULT 'N' COMMENT '是否默认（Y是 N否）',
                                  `status` char(1) CHARACTER SET utf8mb4 COLLATE utf8mb4_general_ci NULL DEFAULT '0' COMMENT '状态（0正常 1停用）',
                                  `create_by` varchar(64) CHARACTER SET utf8mb4 COLLATE utf8mb4_general_ci NULL DEFAULT '' COMMENT '创建者',
                                  `create_time` datetime(0) NULL DEFAULT NULL COMMENT '创建时间',
                                  `update_by` varchar(64) CHARACTER SET utf8mb4 COLLATE utf8mb4_general_ci NULL DEFAULT '' COMMENT '更新者',
                                  `update_time` datetime(0) NULL DEFAULT NULL COMMENT '更新时间',
                                  `remark` varchar(500) CHARACTER SET utf8mb4 COLLATE utf8mb4_general_ci NULL DEFAULT NULL COMMENT '备注',
                                  PRIMARY KEY (`dict_code`) USING BTREE
) ENGINE = InnoDB AUTO_INCREMENT = 106 CHARACTER SET = utf8mb4 COLLATE = utf8mb4_general_ci COMMENT = '字典数据表' ROW_FORMAT = Dynamic;

-- ----------------------------
-- Records of sys_dict_data
-- ----------------------------
INSERT INTO `sys_dict_data` VALUES (1, 1, '男', '0', 'sys_user_sex', '', '', 'Y', '0', 'admin', '2022-04-08 15:19:15', '', NULL, '性别男');
INSERT INTO `sys_dict_data` VALUES (2, 2, '女', '1', 'sys_user_sex', '', '', 'N', '0', 'admin', '2022-04-08 15:19:15', '', NULL, '性别女');
INSERT INTO `sys_dict_data` VALUES (3, 3, '未知', '2', 'sys_user_sex', '', '', 'N', '0', 'admin', '2022-04-08 15:19:15', '', NULL, '性别未知');
INSERT INTO `sys_dict_data` VALUES (4, 1, '显示', '0', 'sys_show_hide', '', 'primary', 'Y', '0', 'admin', '2022-04-08 15:19:15', '', NULL, '显示菜单');
INSERT INTO `sys_dict_data` VALUES (5, 2, '隐藏', '1', 'sys_show_hide', '', 'danger', 'N', '0', 'admin', '2022-04-08 15:19:15', '', NULL, '隐藏菜单');
INSERT INTO `sys_dict_data` VALUES (6, 1, '正常', '0', 'sys_normal_disable', '', 'primary', 'Y', '0', 'admin', '2022-04-08 15:19:15', '', NULL, '正常状态');
INSERT INTO `sys_dict_data` VALUES (7, 2, '停用', '1', 'sys_normal_disable', '', 'danger', 'N', '0', 'admin', '2022-04-08 15:19:15', '', NULL, '停用状态');
INSERT INTO `sys_dict_data` VALUES (8, 1, '正常', '0', 'sys_job_status', '', 'primary', 'Y', '0', 'admin', '2022-04-08 15:19:15', '', NULL, '正常状态');
INSERT INTO `sys_dict_data` VALUES (9, 2, '暂停', '1', 'sys_job_status', '', 'danger', 'N', '0', 'admin', '2022-04-08 15:19:15', '', NULL, '停用状态');
INSERT INTO `sys_dict_data` VALUES (10, 1, '默认', 'DEFAULT', 'sys_job_group', '', '', 'Y', '0', 'admin', '2022-04-08 15:19:15', '', NULL, '默认分组');
INSERT INTO `sys_dict_data` VALUES (11, 2, '系统', 'SYSTEM', 'sys_job_group', '', '', 'N', '0', 'admin', '2022-04-08 15:19:15', '', NULL, '系统分组');
INSERT INTO `sys_dict_data` VALUES (12, 1, '是', 'Y', 'sys_yes_no', '', 'primary', 'Y', '0', 'admin', '2022-04-08 15:19:15', '', NULL, '系统默认是');
INSERT INTO `sys_dict_data` VALUES (13, 2, '否', 'N', 'sys_yes_no', '', 'danger', 'N', '0', 'admin', '2022-04-08 15:19:15', '', NULL, '系统默认否');
INSERT INTO `sys_dict_data` VALUES (14, 1, '通知', '1', 'sys_notice_type', '', 'warning', 'Y', '0', 'admin', '2022-04-08 15:19:15', '', NULL, '通知');
INSERT INTO `sys_dict_data` VALUES (15, 2, '公告', '2', 'sys_notice_type', '', 'success', 'N', '0', 'admin', '2022-04-08 15:19:15', '', NULL, '公告');
INSERT INTO `sys_dict_data` VALUES (16, 1, '正常', '0', 'sys_notice_status', '', 'primary', 'Y', '0', 'admin', '2022-04-08 15:19:15', '', NULL, '正常状态');
INSERT INTO `sys_dict_data` VALUES (17, 2, '关闭', '1', 'sys_notice_status', '', 'danger', 'N', '0', 'admin', '2022-04-08 15:19:15', '', NULL, '关闭状态');
INSERT INTO `sys_dict_data` VALUES (18, 99, '其他', '0', 'sys_oper_type', '', 'info', 'N', '0', 'admin', '2022-04-08 15:19:15', '', NULL, '其他操作');
INSERT INTO `sys_dict_data` VALUES (19, 1, '新增', '1', 'sys_oper_type', '', 'info', 'N', '0', 'admin', '2022-04-08 15:19:15', '', NULL, '新增操作');
INSERT INTO `sys_dict_data` VALUES (20, 2, '修改', '2', 'sys_oper_type', '', 'info', 'N', '0', 'admin', '2022-04-08 15:19:15', '', NULL, '修改操作');
INSERT INTO `sys_dict_data` VALUES (21, 3, '删除', '3', 'sys_oper_type', '', 'danger', 'N', '0', 'admin', '2022-04-08 15:19:15', '', NULL, '删除操作');
INSERT INTO `sys_dict_data` VALUES (22, 4, '授权', '4', 'sys_oper_type', '', 'primary', 'N', '0', 'admin', '2022-04-08 15:19:15', '', NULL, '授权操作');
INSERT INTO `sys_dict_data` VALUES (23, 5, '导出', '5', 'sys_oper_type', '', 'warning', 'N', '0', 'admin', '2022-04-08 15:19:15', '', NULL, '导出操作');
INSERT INTO `sys_dict_data` VALUES (24, 6, '导入', '6', 'sys_oper_type', '', 'warning', 'N', '0', 'admin', '2022-04-08 15:19:15', '', NULL, '导入操作');
INSERT INTO `sys_dict_data` VALUES (25, 7, '强退', '7', 'sys_oper_type', '', 'danger', 'N', '0', 'admin', '2022-04-08 15:19:15', '', NULL, '强退操作');
INSERT INTO `sys_dict_data` VALUES (26, 8, '生成代码', '8', 'sys_oper_type', '', 'warning', 'N', '0', 'admin', '2022-04-08 15:19:15', '', NULL, '生成操作');
INSERT INTO `sys_dict_data` VALUES (27, 9, '清空数据', '9', 'sys_oper_type', '', 'danger', 'N', '0', 'admin', '2022-04-08 15:19:15', '', NULL, '清空操作');
INSERT INTO `sys_dict_data` VALUES (28, 1, '成功', '0', 'sys_common_status', '', 'primary', 'N', '0', 'admin', '2022-04-08 15:19:15', '', NULL, '正常状态');
INSERT INTO `sys_dict_data` VALUES (29, 2, '失败', '1', 'sys_common_status', '', 'danger', 'N', '0', 'admin', '2022-04-08 15:19:15', '', NULL, '停用状态');
INSERT INTO `sys_dict_data` VALUES (100, 1, '新建', '1', 'new_status', NULL, 'default', 'Y', '0', 'admin', '2022-04-09 20:31:16', '', NULL, NULL);
INSERT INTO `sys_dict_data` VALUES (101, 2, '已发布', '2', 'new_status', '', 'primary', 'Y', '0', 'admin', '2022-04-09 20:31:28', 'admin', '2022-04-09 20:31:33', '');
INSERT INTO `sys_dict_data` VALUES (102, 1, '正常', '1', 'dormitory_status', NULL, 'default', 'Y', '0', 'admin', '2022-04-09 20:49:30', '', NULL, NULL);
INSERT INTO `sys_dict_data` VALUES (103, 2, '已停用', '2', 'dormitory_status', NULL, 'danger', 'Y', '0', 'admin', '2022-04-09 20:49:42', '', NULL, NULL);
INSERT INTO `sys_dict_data` VALUES (104, 1, '未报到', '1', 'student_status', '', 'default', 'Y', '0', 'admin', '2022-04-09 20:56:00', 'admin', '2022-04-09 20:56:08', '');
INSERT INTO `sys_dict_data` VALUES (105, 2, '已报到', '2', 'student_status', NULL, 'primary', 'Y', '0', 'admin', '2022-04-09 20:56:23', '', NULL, NULL);

-- ----------------------------
-- Table structure for sys_dict_type
-- ----------------------------
DROP TABLE IF EXISTS `sys_dict_type`;
CREATE TABLE `sys_dict_type`  (
                                  `dict_id` bigint NOT NULL AUTO_INCREMENT COMMENT '字典主键',
                                  `dict_name` varchar(100) CHARACTER SET utf8mb4 COLLATE utf8mb4_general_ci NULL DEFAULT '' COMMENT '字典名称',
                                  `dict_type` varchar(100) CHARACTER SET utf8mb4 COLLATE utf8mb4_general_ci NULL DEFAULT '' COMMENT '字典类型',
                                  `status` char(1) CHARACTER SET utf8mb4 COLLATE utf8mb4_general_ci NULL DEFAULT '0' COMMENT '状态（0正常 1停用）',
                                  `create_by` varchar(64) CHARACTER SET utf8mb4 COLLATE utf8mb4_general_ci NULL DEFAULT '' COMMENT '创建者',
                                  `create_time` datetime(0) NULL DEFAULT NULL COMMENT '创建时间',
                                  `update_by` varchar(64) CHARACTER SET utf8mb4 COLLATE utf8mb4_general_ci NULL DEFAULT '' COMMENT '更新者',
                                  `update_time` datetime(0) NULL DEFAULT NULL COMMENT '更新时间',
                                  `remark` varchar(500) CHARACTER SET utf8mb4 COLLATE utf8mb4_general_ci NULL DEFAULT NULL COMMENT '备注',
                                  PRIMARY KEY (`dict_id`) USING BTREE,
                                  UNIQUE INDEX `dict_type`(`dict_type`) USING BTREE
) ENGINE = InnoDB AUTO_INCREMENT = 103 CHARACTER SET = utf8mb4 COLLATE = utf8mb4_general_ci COMMENT = '字典类型表' ROW_FORMAT = Dynamic;

-- ----------------------------
-- Records of sys_dict_type
-- ----------------------------
INSERT INTO `sys_dict_type` VALUES (1, '用户性别', 'sys_user_sex', '0', 'admin', '2022-04-08 15:19:15', '', NULL, '用户性别列表');
INSERT INTO `sys_dict_type` VALUES (2, '菜单状态', 'sys_show_hide', '0', 'admin', '2022-04-08 15:19:15', '', NULL, '菜单状态列表');
INSERT INTO `sys_dict_type` VALUES (3, '系统开关', 'sys_normal_disable', '0', 'admin', '2022-04-08 15:19:15', '', NULL, '系统开关列表');
INSERT INTO `sys_dict_type` VALUES (4, '任务状态', 'sys_job_status', '0', 'admin', '2022-04-08 15:19:15', '', NULL, '任务状态列表');
INSERT INTO `sys_dict_type` VALUES (5, '任务分组', 'sys_job_group', '0', 'admin', '2022-04-08 15:19:15', '', NULL, '任务分组列表');
INSERT INTO `sys_dict_type` VALUES (6, '系统是否', 'sys_yes_no', '0', 'admin', '2022-04-08 15:19:15', '', NULL, '系统是否列表');
INSERT INTO `sys_dict_type` VALUES (7, '通知类型', 'sys_notice_type', '0', 'admin', '2022-04-08 15:19:15', '', NULL, '通知类型列表');
INSERT INTO `sys_dict_type` VALUES (8, '通知状态', 'sys_notice_status', '0', 'admin', '2022-04-08 15:19:15', '', NULL, '通知状态列表');
INSERT INTO `sys_dict_type` VALUES (9, '操作类型', 'sys_oper_type', '0', 'admin', '2022-04-08 15:19:15', '', NULL, '操作类型列表');
INSERT INTO `sys_dict_type` VALUES (10, '系统状态', 'sys_common_status', '0', 'admin', '2022-04-08 15:19:15', '', NULL, '登录状态列表');
INSERT INTO `sys_dict_type` VALUES (100, '新闻状态', 'new_status', '0', 'admin', '2022-04-09 20:30:51', '', NULL, NULL);
INSERT INTO `sys_dict_type` VALUES (101, '宿舍状态', 'dormitory_status', '0', 'admin', '2022-04-09 20:48:52', '', NULL, NULL);
INSERT INTO `sys_dict_type` VALUES (102, '学生状态', 'student_status', '0', 'admin', '2022-04-09 20:55:40', '', NULL, NULL);

-- ----------------------------
-- Table structure for sys_job
-- ----------------------------
DROP TABLE IF EXISTS `sys_job`;
CREATE TABLE `sys_job`  (
                            `job_id` bigint NOT NULL AUTO_INCREMENT COMMENT '任务ID',
                            `job_name` varchar(64) CHARACTER SET utf8mb4 COLLATE utf8mb4_general_ci NOT NULL DEFAULT '' COMMENT '任务名称',
                            `job_group` varchar(64) CHARACTER SET utf8mb4 COLLATE utf8mb4_general_ci NOT NULL DEFAULT 'DEFAULT' COMMENT '任务组名',
                            `invoke_target` varchar(500) CHARACTER SET utf8mb4 COLLATE utf8mb4_general_ci NOT NULL COMMENT '调用目标字符串',
                            `cron_expression` varchar(255) CHARACTER SET utf8mb4 COLLATE utf8mb4_general_ci NULL DEFAULT '' COMMENT 'cron执行表达式',
                            `misfire_policy` varchar(20) CHARACTER SET utf8mb4 COLLATE utf8mb4_general_ci NULL DEFAULT '3' COMMENT '计划执行错误策略（1立即执行 2执行一次 3放弃执行）',
                            `concurrent` char(1) CHARACTER SET utf8mb4 COLLATE utf8mb4_general_ci NULL DEFAULT '1' COMMENT '是否并发执行（0允许 1禁止）',
                            `status` char(1) CHARACTER SET utf8mb4 COLLATE utf8mb4_general_ci NULL DEFAULT '0' COMMENT '状态（0正常 1暂停）',
                            `create_by` varchar(64) CHARACTER SET utf8mb4 COLLATE utf8mb4_general_ci NULL DEFAULT '' COMMENT '创建者',
                            `create_time` datetime(0) NULL DEFAULT NULL COMMENT '创建时间',
                            `update_by` varchar(64) CHARACTER SET utf8mb4 COLLATE utf8mb4_general_ci NULL DEFAULT '' COMMENT '更新者',
                            `update_time` datetime(0) NULL DEFAULT NULL COMMENT '更新时间',
                            `remark` varchar(500) CHARACTER SET utf8mb4 COLLATE utf8mb4_general_ci NULL DEFAULT '' COMMENT '备注信息',
                            PRIMARY KEY (`job_id`, `job_name`, `job_group`) USING BTREE
) ENGINE = InnoDB AUTO_INCREMENT = 100 CHARACTER SET = utf8mb4 COLLATE = utf8mb4_general_ci COMMENT = '定时任务调度表' ROW_FORMAT = Dynamic;

-- ----------------------------
-- Records of sys_job
-- ----------------------------
INSERT INTO `sys_job` VALUES (1, '系统默认（无参）', 'DEFAULT', 'ryTask.ryNoParams', '0/10 * * * * ?', '3', '1', '1', 'admin', '2022-04-08 15:19:16', '', NULL, '');
INSERT INTO `sys_job` VALUES (2, '系统默认（有参）', 'DEFAULT', 'ryTask.ryParams(\'ry\')', '0/15 * * * * ?', '3', '1', '1', 'admin', '2022-04-08 15:19:16', '', NULL, '');
INSERT INTO `sys_job` VALUES (3, '系统默认（多参）', 'DEFAULT', 'ryTask.ryMultipleParams(\'ry\', true, 2000L, 316.50D, 100)', '0/20 * * * * ?', '3', '1', '1', 'admin', '2022-04-08 15:19:16', '', NULL, '');

-- ----------------------------
-- Table structure for sys_job_log
-- ----------------------------
DROP TABLE IF EXISTS `sys_job_log`;
CREATE TABLE `sys_job_log`  (
                                `job_log_id` bigint NOT NULL AUTO_INCREMENT COMMENT '任务日志ID',
                                `job_name` varchar(64) CHARACTER SET utf8mb4 COLLATE utf8mb4_general_ci NOT NULL COMMENT '任务名称',
                                `job_group` varchar(64) CHARACTER SET utf8mb4 COLLATE utf8mb4_general_ci NOT NULL COMMENT '任务组名',
                                `invoke_target` varchar(500) CHARACTER SET utf8mb4 COLLATE utf8mb4_general_ci NOT NULL COMMENT '调用目标字符串',
                                `job_message` varchar(500) CHARACTER SET utf8mb4 COLLATE utf8mb4_general_ci NULL DEFAULT NULL COMMENT '日志信息',
                                `status` char(1) CHARACTER SET utf8mb4 COLLATE utf8mb4_general_ci NULL DEFAULT '0' COMMENT '执行状态（0正常 1失败）',
                                `exception_info` varchar(2000) CHARACTER SET utf8mb4 COLLATE utf8mb4_general_ci NULL DEFAULT '' COMMENT '异常信息',
                                `create_time` datetime(0) NULL DEFAULT NULL COMMENT '创建时间',
                                PRIMARY KEY (`job_log_id`) USING BTREE
) ENGINE = InnoDB CHARACTER SET = utf8mb4 COLLATE = utf8mb4_general_ci COMMENT = '定时任务调度日志表' ROW_FORMAT = Dynamic;

-- ----------------------------
-- Records of sys_job_log
-- ----------------------------

-- ----------------------------
-- Table structure for sys_logininfor
-- ----------------------------
DROP TABLE IF EXISTS `sys_logininfor`;
CREATE TABLE `sys_logininfor`  (
                                   `info_id` bigint NOT NULL AUTO_INCREMENT COMMENT '访问ID',
                                   `login_name` varchar(50) CHARACTER SET utf8mb4 COLLATE utf8mb4_general_ci NULL DEFAULT '' COMMENT '登录账号',
                                   `ipaddr` varchar(128) CHARACTER SET utf8mb4 COLLATE utf8mb4_general_ci NULL DEFAULT '' COMMENT '登录IP地址',
                                   `login_location` varchar(255) CHARACTER SET utf8mb4 COLLATE utf8mb4_general_ci NULL DEFAULT '' COMMENT '登录地点',
                                   `browser` varchar(50) CHARACTER SET utf8mb4 COLLATE utf8mb4_general_ci NULL DEFAULT '' COMMENT '浏览器类型',
                                   `os` varchar(50) CHARACTER SET utf8mb4 COLLATE utf8mb4_general_ci NULL DEFAULT '' COMMENT '操作系统',
                                   `status` char(1) CHARACTER SET utf8mb4 COLLATE utf8mb4_general_ci NULL DEFAULT '0' COMMENT '登录状态（0成功 1失败）',
                                   `msg` varchar(255) CHARACTER SET utf8mb4 COLLATE utf8mb4_general_ci NULL DEFAULT '' COMMENT '提示消息',
                                   `login_time` datetime(0) NULL DEFAULT NULL COMMENT '访问时间',
                                   PRIMARY KEY (`info_id`) USING BTREE
) ENGINE = InnoDB AUTO_INCREMENT = 147 CHARACTER SET = utf8mb4 COLLATE = utf8mb4_general_ci COMMENT = '系统访问记录' ROW_FORMAT = Dynamic;

-- ----------------------------
-- Records of sys_logininfor
-- ----------------------------
INSERT INTO `sys_logininfor` VALUES (100, 'admin', '127.0.0.1', '内网IP', 'Chrome 9', 'Windows 10', '0', '登录成功', '2022-04-08 15:23:10');
INSERT INTO `sys_logininfor` VALUES (101, 'admin', '127.0.0.1', '内网IP', 'Chrome 9', 'Windows 10', '0', '登录成功', '2022-04-08 20:56:42');
INSERT INTO `sys_logininfor` VALUES (102, 'admin', '127.0.0.1', '内网IP', 'Chrome 9', 'Windows 10', '0', '登录成功', '2022-04-08 22:00:30');
INSERT INTO `sys_logininfor` VALUES (103, 'admin', '127.0.0.1', '内网IP', 'Chrome 9', 'Windows 10', '0', '登录成功', '2022-04-08 22:16:33');
INSERT INTO `sys_logininfor` VALUES (104, 'ry', '127.0.0.1', '内网IP', 'Chrome 10', 'Windows 10', '0', '登录成功', '2022-04-08 22:18:20');
INSERT INTO `sys_logininfor` VALUES (105, 'ry', '127.0.0.1', '内网IP', 'Chrome 10', 'Windows 10', '0', '登录成功', '2022-04-08 22:21:48');
INSERT INTO `sys_logininfor` VALUES (106, 'admin', '127.0.0.1', '内网IP', 'Chrome 9', 'Windows 10', '0', '登录成功', '2022-04-08 22:22:09');
INSERT INTO `sys_logininfor` VALUES (107, 'admin', '127.0.0.1', '内网IP', 'Chrome 9', 'Windows 10', '0', '登录成功', '2022-04-08 22:35:33');
INSERT INTO `sys_logininfor` VALUES (108, 'admin', '127.0.0.1', '内网IP', 'Chrome 10', 'Windows 10', '0', '登录成功', '2022-04-08 22:35:59');
INSERT INTO `sys_logininfor` VALUES (109, 'admin', '127.0.0.1', '内网IP', 'Chrome 9', 'Windows 10', '0', '登录成功', '2022-04-09 10:34:15');
INSERT INTO `sys_logininfor` VALUES (110, 'ad', '127.0.0.1', '内网IP', 'Chrome 10', 'Windows 10', '1', '密码输入错误1次', '2022-04-09 10:51:40');
INSERT INTO `sys_logininfor` VALUES (111, 'ad', '127.0.0.1', '内网IP', 'Chrome 10', 'Windows 10', '1', '密码输入错误2次', '2022-04-09 10:51:50');
INSERT INTO `sys_logininfor` VALUES (112, 'admin', '127.0.0.1', '内网IP', 'Chrome 9', 'Windows 10', '0', '登录成功', '2022-04-09 10:52:49');
INSERT INTO `sys_logininfor` VALUES (113, 'ad', '127.0.0.1', '内网IP', 'Chrome 10', 'Windows 10', '1', '密码输入错误3次', '2022-04-09 10:53:18');
INSERT INTO `sys_logininfor` VALUES (114, 'ry', '127.0.0.1', '内网IP', 'Chrome 10', 'Windows 10', '1', '用户不存在/密码错误', '2022-04-09 10:53:26');
INSERT INTO `sys_logininfor` VALUES (115, 'ry', '127.0.0.1', '内网IP', 'Chrome 10', 'Windows 10', '0', '登录成功', '2022-04-09 10:53:39');
INSERT INTO `sys_logininfor` VALUES (116, 'ry', '127.0.0.1', '内网IP', 'Chrome 10', 'Windows 10', '0', '登录成功', '2022-04-09 10:57:33');
INSERT INTO `sys_logininfor` VALUES (117, 'admin', '127.0.0.1', '内网IP', 'Chrome 9', 'Windows 10', '0', '登录成功', '2022-04-09 13:24:39');
INSERT INTO `sys_logininfor` VALUES (118, 'ry', '127.0.0.1', '内网IP', 'Chrome 10', 'Windows 10', '0', '登录成功', '2022-04-09 13:26:27');
INSERT INTO `sys_logininfor` VALUES (119, 'ry', '127.0.0.1', '内网IP', 'Chrome 10', 'Windows 10', '0', '退出成功', '2022-04-09 13:29:02');
INSERT INTO `sys_logininfor` VALUES (120, 'ry', '127.0.0.1', '内网IP', 'Chrome 10', 'Windows 10', '0', '登录成功', '2022-04-09 13:29:07');
INSERT INTO `sys_logininfor` VALUES (121, 'admin', '127.0.0.1', '内网IP', 'Chrome 9', 'Windows 10', '1', '验证码错误', '2022-04-09 14:26:18');
INSERT INTO `sys_logininfor` VALUES (122, 'admin', '127.0.0.1', '内网IP', 'Chrome 9', 'Windows 10', '0', '登录成功', '2022-04-09 14:26:22');
INSERT INTO `sys_logininfor` VALUES (123, 'admin', '127.0.0.1', '内网IP', 'Chrome 9', 'Windows 10', '0', '登录成功', '2022-04-09 18:56:33');
INSERT INTO `sys_logininfor` VALUES (124, 'admin', '127.0.0.1', '内网IP', 'Chrome 9', 'Windows 10', '0', '登录成功', '2022-04-09 19:53:57');
INSERT INTO `sys_logininfor` VALUES (125, 'admin', '127.0.0.1', '内网IP', 'Chrome 9', 'Windows 10', '0', '登录成功', '2022-04-09 20:07:09');
INSERT INTO `sys_logininfor` VALUES (126, 'ry', '127.0.0.1', '内网IP', 'Chrome 10', 'Windows 10', '0', '登录成功', '2022-04-09 20:11:29');
INSERT INTO `sys_logininfor` VALUES (127, 'admin', '127.0.0.1', '内网IP', 'Chrome 9', 'Windows 10', '0', '登录成功', '2022-04-09 20:11:59');
INSERT INTO `sys_logininfor` VALUES (128, 'admin', '127.0.0.1', '内网IP', 'Chrome 9', 'Windows 10', '0', '登录成功', '2022-04-09 20:13:06');
INSERT INTO `sys_logininfor` VALUES (129, 'ry', '127.0.0.1', '内网IP', 'Chrome 10', 'Windows 10', '0', '登录成功', '2022-04-09 20:13:26');
INSERT INTO `sys_logininfor` VALUES (130, 'admin', '127.0.0.1', '内网IP', 'Chrome 10', 'Windows 10', '0', '登录成功', '2022-04-09 21:07:31');
INSERT INTO `sys_logininfor` VALUES (131, 'admin1', '127.0.0.1', '内网IP', 'Chrome 10', 'Windows 10', '0', '登录成功', '2022-04-09 21:29:31');
INSERT INTO `sys_logininfor` VALUES (132, 'admin1', '127.0.0.1', '内网IP', 'Chrome 10', 'Windows 10', '0', '退出成功', '2022-04-09 21:33:10');
INSERT INTO `sys_logininfor` VALUES (133, 'admin1', '127.0.0.1', '内网IP', 'Chrome 10', 'Windows 10', '0', '登录成功', '2022-04-09 21:33:16');
INSERT INTO `sys_logininfor` VALUES (134, 'admin1', '127.0.0.1', '内网IP', 'Chrome 10', 'Windows 10', '0', '退出成功', '2022-04-09 21:35:14');
INSERT INTO `sys_logininfor` VALUES (135, 'accountant1', '127.0.0.1', '内网IP', 'Chrome 10', 'Windows 10', '0', '登录成功', '2022-04-09 21:36:29');
INSERT INTO `sys_logininfor` VALUES (136, 'accountant1', '127.0.0.1', '内网IP', 'Chrome 10', 'Windows 10', '0', '登录成功', '2022-04-09 21:36:57');
INSERT INTO `sys_logininfor` VALUES (137, 'accountant1', '127.0.0.1', '内网IP', 'Chrome 10', 'Windows 10', '0', '退出成功', '2022-04-09 21:37:45');
INSERT INTO `sys_logininfor` VALUES (138, 'counselor', '127.0.0.1', '内网IP', 'Chrome 10', 'Windows 10', '0', '登录成功', '2022-04-09 21:37:57');
INSERT INTO `sys_logininfor` VALUES (139, 'counselor', '127.0.0.1', '内网IP', 'Chrome 10', 'Windows 10', '0', '退出成功', '2022-04-09 21:38:13');
INSERT INTO `sys_logininfor` VALUES (140, 'student1', '127.0.0.1', '内网IP', 'Chrome 10', 'Windows 10', '1', '密码输入错误1次', '2022-04-09 21:38:15');
INSERT INTO `sys_logininfor` VALUES (141, 'student1', '127.0.0.1', '内网IP', 'Chrome 10', 'Windows 10', '0', '登录成功', '2022-04-09 21:38:19');
INSERT INTO `sys_logininfor` VALUES (142, 'admin', '127.0.0.1', '内网IP', 'Chrome 10', 'Windows 10', '0', '登录成功', '2022-04-09 21:38:37');
INSERT INTO `sys_logininfor` VALUES (143, 'admin', '127.0.0.1', '内网IP', 'Chrome 10', 'Windows 10', '0', '登录成功', '2022-04-09 21:43:06');
INSERT INTO `sys_logininfor` VALUES (144, 'admin', '127.0.0.1', '内网IP', 'Chrome 10', 'Windows 10', '0', '登录成功', '2022-04-09 22:44:49');
INSERT INTO `sys_logininfor` VALUES (145, 'admin', '127.0.0.1', '内网IP', 'Chrome 10', 'Windows 10', '0', '登录成功', '2022-04-10 09:24:28');
INSERT INTO `sys_logininfor` VALUES (146, 'admin', '127.0.0.1', '内网IP', 'Chrome 10', 'Windows 10', '0', '登录成功', '2022-04-10 09:43:43');
INSERT INTO `sys_logininfor` VALUES (147, 'admin', '127.0.0.1', '内网IP', 'Chrome 10', 'Windows 10', '0', '登录成功', '2022-04-10 09:53:39');
INSERT INTO `sys_logininfor` VALUES (148, 'admin', '127.0.0.1', '内网IP', 'Chrome 10', 'Windows 10', '0', '登录成功', '2022-04-10 10:27:06');
INSERT INTO `sys_logininfor` VALUES (149, 'admin', '127.0.0.1', '内网IP', 'Chrome 10', 'Windows 10', '0', '登录成功', '2022-04-10 10:31:43');
INSERT INTO `sys_logininfor` VALUES (150, 'admin', '127.0.0.1', '内网IP', 'Chrome 10', 'Windows 10', '0', '登录成功', '2022-04-10 10:36:19');
INSERT INTO `sys_logininfor` VALUES (151, 'admin', '127.0.0.1', '内网IP', 'Chrome 10', 'Windows 10', '0', '登录成功', '2022-04-10 10:41:31');
INSERT INTO `sys_logininfor` VALUES (152, 'admin', '127.0.0.1', '内网IP', 'Chrome 10', 'Windows 10', '0', '登录成功', '2022-04-10 10:44:03');
INSERT INTO `sys_logininfor` VALUES (153, 'admin', '127.0.0.1', '内网IP', 'Chrome 10', 'Windows 10', '0', '登录成功', '2022-04-10 10:48:00');
INSERT INTO `sys_logininfor` VALUES (154, 'admin', '127.0.0.1', '内网IP', 'Chrome 10', 'Windows 10', '0', '登录成功', '2022-04-10 10:56:25');
INSERT INTO `sys_logininfor` VALUES (155, 'admin', '127.0.0.1', '内网IP', 'Chrome 10', 'Windows 10', '0', '登录成功', '2022-04-10 10:58:37');
INSERT INTO `sys_logininfor` VALUES (156, 'admin', '127.0.0.1', '内网IP', 'Chrome 10', 'Windows 10', '0', '登录成功', '2022-04-10 14:10:49');
INSERT INTO `sys_logininfor` VALUES (157, 'admin', '127.0.0.1', '内网IP', 'Chrome 10', 'Windows 10', '0', '登录成功', '2022-04-10 14:16:20');
INSERT INTO `sys_logininfor` VALUES (158, 'admin', '127.0.0.1', '内网IP', 'Chrome 10', 'Windows 10', '0', '登录成功', '2022-04-10 14:23:50');
INSERT INTO `sys_logininfor` VALUES (159, 'admin', '127.0.0.1', '内网IP', 'Chrome 10', 'Windows 10', '0', '登录成功', '2022-04-10 14:35:33');
INSERT INTO `sys_logininfor` VALUES (160, 'admin', '127.0.0.1', '内网IP', 'Chrome 10', 'Windows 10', '0', '登录成功', '2022-04-10 14:44:25');
INSERT INTO `sys_logininfor` VALUES (161, 'admin', '127.0.0.1', '内网IP', 'Chrome 10', 'Windows 10', '0', '登录成功', '2022-04-10 14:47:52');
INSERT INTO `sys_logininfor` VALUES (162, 'admin', '127.0.0.1', '内网IP', 'Chrome 10', 'Windows 10', '0', '登录成功', '2022-04-10 15:01:49');
INSERT INTO `sys_logininfor` VALUES (163, 'admin', '127.0.0.1', '内网IP', 'Chrome 10', 'Windows 10', '0', '登录成功', '2022-04-10 15:09:06');
INSERT INTO `sys_logininfor` VALUES (164, 'admin', '127.0.0.1', '内网IP', 'Chrome 10', 'Windows 10', '0', '登录成功', '2022-04-10 15:26:45');
INSERT INTO `sys_logininfor` VALUES (165, 'admin', '127.0.0.1', '内网IP', 'Chrome 10', 'Windows 10', '0', '登录成功', '2022-04-10 15:30:33');
INSERT INTO `sys_logininfor` VALUES (166, 'admin', '127.0.0.1', '内网IP', 'Chrome 10', 'Windows 10', '0', '登录成功', '2022-04-10 15:44:25');
INSERT INTO `sys_logininfor` VALUES (167, 'admin', '127.0.0.1', '内网IP', 'Chrome 10', 'Windows 10', '0', '登录成功', '2022-04-10 15:56:48');
INSERT INTO `sys_logininfor` VALUES (168, 'admin', '127.0.0.1', '内网IP', 'Chrome 10', 'Windows 10', '0', '登录成功', '2022-04-10 16:13:40');
INSERT INTO `sys_logininfor` VALUES (169, 'admin', '127.0.0.1', '内网IP', 'Chrome 10', 'Windows 10', '0', '登录成功', '2022-04-10 16:16:46');
INSERT INTO `sys_logininfor` VALUES (170, 'admin', '127.0.0.1', '内网IP', 'Chrome 10', 'Windows 10', '0', '登录成功', '2022-04-10 16:18:39');
INSERT INTO `sys_logininfor` VALUES (171, 'admin', '127.0.0.1', '内网IP', 'Chrome 10', 'Windows 10', '0', '登录成功', '2022-04-10 16:47:03');
INSERT INTO `sys_logininfor` VALUES (172, 'admin', '127.0.0.1', '内网IP', 'Chrome 10', 'Windows 10', '0', '登录成功', '2022-04-10 16:48:42');
INSERT INTO `sys_logininfor` VALUES (173, 'admin', '127.0.0.1', '内网IP', 'Chrome 10', 'Windows 10', '0', '登录成功', '2022-04-10 16:50:06');
INSERT INTO `sys_logininfor` VALUES (174, 'admin', '127.0.0.1', '内网IP', 'Chrome 10', 'Windows 10', '0', '登录成功', '2022-04-10 16:55:44');
INSERT INTO `sys_logininfor` VALUES (175, 'admin', '127.0.0.1', '内网IP', 'Chrome 10', 'Windows 10', '0', '登录成功', '2022-04-10 17:26:23');
INSERT INTO `sys_logininfor` VALUES (176, 'admin', '127.0.0.1', '内网IP', 'Chrome 10', 'Windows 10', '0', '登录成功', '2022-04-10 17:27:29');
INSERT INTO `sys_logininfor` VALUES (177, 'admin', '127.0.0.1', '内网IP', 'Chrome 10', 'Windows 10', '0', '登录成功', '2022-04-10 17:30:01');
INSERT INTO `sys_logininfor` VALUES (178, 'admin', '127.0.0.1', '内网IP', 'Chrome 10', 'Windows 10', '0', '登录成功', '2022-04-10 17:31:24');
INSERT INTO `sys_logininfor` VALUES (179, 'admin', '127.0.0.1', '内网IP', 'Chrome 10', 'Windows 10', '0', '登录成功', '2022-04-10 17:38:19');
INSERT INTO `sys_logininfor` VALUES (180, 'admin', '127.0.0.1', '内网IP', 'Chrome 10', 'Windows 10', '0', '登录成功', '2022-04-10 17:45:59');
INSERT INTO `sys_logininfor` VALUES (181, 'admin', '127.0.0.1', '内网IP', 'Chrome 10', 'Windows 10', '0', '登录成功', '2022-04-10 17:50:47');
INSERT INTO `sys_logininfor` VALUES (182, 'admin', '127.0.0.1', '内网IP', 'Chrome 10', 'Windows 10', '0', '登录成功', '2022-04-10 17:53:32');
INSERT INTO `sys_logininfor` VALUES (183, 'student1', '127.0.0.1', '内网IP', 'Chrome 10', 'Windows 10', '0', '登录成功', '2022-04-10 20:28:32');
INSERT INTO `sys_logininfor` VALUES (184, 'student1', '127.0.0.1', '内网IP', 'Chrome 10', 'Windows 10', '0', '登录成功', '2022-04-10 20:48:12');
INSERT INTO `sys_logininfor` VALUES (185, 'admin', '127.0.0.1', '内网IP', 'Chrome 10', 'Windows 10', '0', '登录成功', '2022-04-10 20:49:43');
INSERT INTO `sys_logininfor` VALUES (186, 'admin', '127.0.0.1', '内网IP', 'Chrome 10', 'Windows 10', '0', '退出成功', '2022-04-10 20:49:56');
INSERT INTO `sys_logininfor` VALUES (187, 'student1', '127.0.0.1', '内网IP', 'Chrome 10', 'Windows 10', '0', '登录成功', '2022-04-10 20:49:59');
INSERT INTO `sys_logininfor` VALUES (188, 'admin', '127.0.0.1', '内网IP', 'Chrome 10', 'Windows 10', '0', '登录成功', '2022-04-10 20:57:12');
INSERT INTO `sys_logininfor` VALUES (189, 'admin', '127.0.0.1', '内网IP', 'Chrome 10', 'Windows 10', '0', '登录成功', '2022-04-10 20:57:15');
INSERT INTO `sys_logininfor` VALUES (190, 'student1', '127.0.0.1', '内网IP', 'Chrome 10', 'Windows 10', '0', '登录成功', '2022-04-10 21:01:11');
INSERT INTO `sys_logininfor` VALUES (191, 'admin', '127.0.0.1', '内网IP', 'Chrome 10', 'Windows 10', '0', '登录成功', '2022-04-10 21:01:45');
INSERT INTO `sys_logininfor` VALUES (192, 'student1', '127.0.0.1', '内网IP', 'Chrome 10', 'Windows 10', '0', '登录成功', '2022-04-10 21:05:52');
INSERT INTO `sys_logininfor` VALUES (193, 'admin', '127.0.0.1', '内网IP', 'Chrome 10', 'Windows 10', '0', '登录成功', '2022-04-10 21:08:44');
INSERT INTO `sys_logininfor` VALUES (194, 'student1', '127.0.0.1', '内网IP', 'Chrome 10', 'Windows 10', '0', '登录成功', '2022-04-10 21:36:10');
INSERT INTO `sys_logininfor` VALUES (195, 'student1', '127.0.0.1', '内网IP', 'Chrome 10', 'Windows 10', '0', '登录成功', '2022-04-10 21:38:55');
INSERT INTO `sys_logininfor` VALUES (196, 'admin', '127.0.0.1', '内网IP', 'Chrome 10', 'Windows 10', '0', '登录成功', '2022-04-10 21:40:12');
INSERT INTO `sys_logininfor` VALUES (197, 'admin', '127.0.0.1', '内网IP', 'Chrome 10', 'Windows 10', '0', '登录成功', '2022-04-10 21:44:13');
INSERT INTO `sys_logininfor` VALUES (198, 'student1', '127.0.0.1', '内网IP', 'Chrome 10', 'Windows 10', '0', '登录成功', '2022-04-10 21:45:23');
INSERT INTO `sys_logininfor` VALUES (199, 'admin', '127.0.0.1', '内网IP', 'Chrome 10', 'Windows 10', '0', '登录成功', '2022-04-10 21:48:13');
INSERT INTO `sys_logininfor` VALUES (200, 'student1', '127.0.0.1', '内网IP', 'Chrome 10', 'Windows 10', '0', '登录成功', '2022-04-10 21:50:27');
INSERT INTO `sys_logininfor` VALUES (201, 'admin', '127.0.0.1', '内网IP', 'Chrome 10', 'Windows 10', '0', '登录成功', '2022-04-10 21:50:35');
INSERT INTO `sys_logininfor` VALUES (202, 'admin', '127.0.0.1', '内网IP', 'Chrome 10', 'Windows 10', '0', '登录成功', '2022-04-10 21:53:08');
INSERT INTO `sys_logininfor` VALUES (203, 'admin1', '127.0.0.1', '内网IP', 'Chrome 10', 'Windows 10', '0', '登录成功', '2022-04-10 21:56:03');

-- ----------------------------
-- Table structure for sys_menu
-- ----------------------------
DROP TABLE IF EXISTS `sys_menu`;
CREATE TABLE `sys_menu`  (
                             `menu_id` bigint NOT NULL AUTO_INCREMENT COMMENT '菜单ID',
                             `menu_name` varchar(50) CHARACTER SET utf8mb4 COLLATE utf8mb4_general_ci NOT NULL COMMENT '菜单名称',
                             `parent_id` bigint NULL DEFAULT 0 COMMENT '父菜单ID',
                             `order_num` int NULL DEFAULT 0 COMMENT '显示顺序',
                             `url` varchar(200) CHARACTER SET utf8mb4 COLLATE utf8mb4_general_ci NULL DEFAULT '#' COMMENT '请求地址',
                             `target` varchar(20) CHARACTER SET utf8mb4 COLLATE utf8mb4_general_ci NULL DEFAULT '' COMMENT '打开方式（menuItem页签 menuBlank新窗口）',
                             `menu_type` char(1) CHARACTER SET utf8mb4 COLLATE utf8mb4_general_ci NULL DEFAULT '' COMMENT '菜单类型（M目录 C菜单 F按钮）',
                             `visible` char(1) CHARACTER SET utf8mb4 COLLATE utf8mb4_general_ci NULL DEFAULT '0' COMMENT '菜单状态（0显示 1隐藏）',
                             `is_refresh` char(1) CHARACTER SET utf8mb4 COLLATE utf8mb4_general_ci NULL DEFAULT '1' COMMENT '是否刷新（0刷新 1不刷新）',
                             `perms` varchar(100) CHARACTER SET utf8mb4 COLLATE utf8mb4_general_ci NULL DEFAULT NULL COMMENT '权限标识',
                             `icon` varchar(100) CHARACTER SET utf8mb4 COLLATE utf8mb4_general_ci NULL DEFAULT '#' COMMENT '菜单图标',
                             `create_by` varchar(64) CHARACTER SET utf8mb4 COLLATE utf8mb4_general_ci NULL DEFAULT '' COMMENT '创建者',
                             `create_time` datetime(0) NULL DEFAULT NULL COMMENT '创建时间',
                             `update_by` varchar(64) CHARACTER SET utf8mb4 COLLATE utf8mb4_general_ci NULL DEFAULT '' COMMENT '更新者',
                             `update_time` datetime(0) NULL DEFAULT NULL COMMENT '更新时间',
                             `remark` varchar(500) CHARACTER SET utf8mb4 COLLATE utf8mb4_general_ci NULL DEFAULT '' COMMENT '备注',
                             PRIMARY KEY (`menu_id`) USING BTREE
) ENGINE = InnoDB AUTO_INCREMENT = 2061 CHARACTER SET = utf8mb4 COLLATE = utf8mb4_general_ci COMMENT = '菜单权限表' ROW_FORMAT = Dynamic;

-- ----------------------------
-- Records of sys_menu
-- ----------------------------
INSERT INTO `sys_menu` VALUES (1, '系统管理', 0, 1, '#', '', 'M', '0', '1', '', 'fa fa-gear', 'admin', '2022-04-08 15:19:14', '', NULL, '系统管理目录');
INSERT INTO `sys_menu` VALUES (2, '系统监控', 0, 2, '#', '', 'M', '0', '1', '', 'fa fa-video-camera', 'admin', '2022-04-08 15:19:14', '', NULL, '系统监控目录');
INSERT INTO `sys_menu` VALUES (3, '系统工具', 0, 3, '#', '', 'M', '0', '1', '', 'fa fa-bars', 'admin', '2022-04-08 15:19:14', '', NULL, '系统工具目录');
INSERT INTO `sys_menu` VALUES (4, '官网', 0, 4, 'http://', 'menuBlank', 'C', '1', '1', '', 'fa fa-location-arrow', 'admin', '2022-04-08 15:19:14', 'admin', '2022-04-09 20:09:16', '若依官网地址');
INSERT INTO `sys_menu` VALUES (100, '用户管理', 1, 1, '/system/user', '', 'C', '0', '1', 'system:user:view', 'fa fa-user-o', 'admin', '2022-04-08 15:19:14', '', NULL, '用户管理菜单');
INSERT INTO `sys_menu` VALUES (101, '角色管理', 1, 2, '/system/role', '', 'C', '0', '1', 'system:role:view', 'fa fa-user-secret', 'admin', '2022-04-08 15:19:14', '', NULL, '角色管理菜单');
INSERT INTO `sys_menu` VALUES (102, '菜单管理', 1, 3, '/system/menu', '', 'C', '0', '1', 'system:menu:view', 'fa fa-th-list', 'admin', '2022-04-08 15:19:14', '', NULL, '菜单管理菜单');
INSERT INTO `sys_menu` VALUES (103, '院系专业', 1, 4, '/system/dept', 'menuItem', 'C', '0', '1', 'system:dept:view', 'fa fa-outdent', 'admin', '2022-04-08 15:19:14', 'admin', '2022-04-08 22:26:31', '部门管理菜单');
INSERT INTO `sys_menu` VALUES (104, '岗位管理', 1, 5, '/system/post', '', 'C', '0', '1', 'system:post:view', 'fa fa-address-card-o', 'admin', '2022-04-08 15:19:14', '', NULL, '岗位管理菜单');
INSERT INTO `sys_menu` VALUES (105, '字典管理', 1, 6, '/system/dict', '', 'C', '0', '1', 'system:dict:view', 'fa fa-bookmark-o', 'admin', '2022-04-08 15:19:14', '', NULL, '字典管理菜单');
INSERT INTO `sys_menu` VALUES (106, '参数设置', 1, 7, '/system/config', '', 'C', '0', '1', 'system:config:view', 'fa fa-sun-o', 'admin', '2022-04-08 15:19:14', '', NULL, '参数设置菜单');
INSERT INTO `sys_menu` VALUES (107, '通知公告', 1, 8, '/system/notice', '', 'C', '0', '1', 'system:notice:view', 'fa fa-bullhorn', 'admin', '2022-04-08 15:19:14', '', NULL, '通知公告菜单');
INSERT INTO `sys_menu` VALUES (108, '日志管理', 1, 9, '#', '', 'M', '0', '1', '', 'fa fa-pencil-square-o', 'admin', '2022-04-08 15:19:14', '', NULL, '日志管理菜单');
INSERT INTO `sys_menu` VALUES (109, '在线用户', 2, 1, '/monitor/online', '', 'C', '0', '1', 'monitor:online:view', 'fa fa-user-circle', 'admin', '2022-04-08 15:19:14', '', NULL, '在线用户菜单');
INSERT INTO `sys_menu` VALUES (110, '定时任务', 2, 2, '/monitor/job', 'menuItem', 'C', '1', '1', 'monitor:job:view', 'fa fa-tasks', 'admin', '2022-04-08 15:19:14', 'admin', '2022-04-09 20:09:31', '定时任务菜单');
INSERT INTO `sys_menu` VALUES (111, '数据监控', 2, 3, '/monitor/data', '', 'C', '0', '1', 'monitor:data:view', 'fa fa-bug', 'admin', '2022-04-08 15:19:14', '', NULL, '数据监控菜单');
INSERT INTO `sys_menu` VALUES (112, '服务监控', 2, 4, '/monitor/server', '', 'C', '0', '1', 'monitor:server:view', 'fa fa-server', 'admin', '2022-04-08 15:19:14', '', NULL, '服务监控菜单');
INSERT INTO `sys_menu` VALUES (113, '缓存监控', 2, 5, '/monitor/cache', '', 'C', '0', '1', 'monitor:cache:view', 'fa fa-cube', 'admin', '2022-04-08 15:19:14', '', NULL, '缓存监控菜单');
INSERT INTO `sys_menu` VALUES (114, '表单构建', 3, 1, '/tool/build', '', 'C', '0', '1', 'tool:build:view', 'fa fa-wpforms', 'admin', '2022-04-08 15:19:14', '', NULL, '表单构建菜单');
INSERT INTO `sys_menu` VALUES (115, '代码生成', 3, 2, '/tool/gen', '', 'C', '0', '1', 'tool:gen:view', 'fa fa-code', 'admin', '2022-04-08 15:19:14', '', NULL, '代码生成菜单');
INSERT INTO `sys_menu` VALUES (116, '系统接口', 3, 3, '/tool/swagger', '', 'C', '0', '1', 'tool:swagger:view', 'fa fa-gg', 'admin', '2022-04-08 15:19:14', '', NULL, '系统接口菜单');
INSERT INTO `sys_menu` VALUES (500, '操作日志', 108, 1, '/monitor/operlog', '', 'C', '0', '1', 'monitor:operlog:view', 'fa fa-address-book', 'admin', '2022-04-08 15:19:14', '', NULL, '操作日志菜单');
INSERT INTO `sys_menu` VALUES (501, '登录日志', 108, 2, '/monitor/logininfor', '', 'C', '0', '1', 'monitor:logininfor:view', 'fa fa-file-image-o', 'admin', '2022-04-08 15:19:14', '', NULL, '登录日志菜单');
INSERT INTO `sys_menu` VALUES (1000, '用户查询', 100, 1, '#', '', 'F', '0', '1', 'system:user:list', '#', 'admin', '2022-04-08 15:19:14', '', NULL, '');
INSERT INTO `sys_menu` VALUES (1001, '用户新增', 100, 2, '#', '', 'F', '0', '1', 'system:user:add', '#', 'admin', '2022-04-08 15:19:14', '', NULL, '');
INSERT INTO `sys_menu` VALUES (1002, '用户修改', 100, 3, '#', '', 'F', '0', '1', 'system:user:edit', '#', 'admin', '2022-04-08 15:19:14', '', NULL, '');
INSERT INTO `sys_menu` VALUES (1003, '用户删除', 100, 4, '#', '', 'F', '0', '1', 'system:user:remove', '#', 'admin', '2022-04-08 15:19:14', '', NULL, '');
INSERT INTO `sys_menu` VALUES (1004, '用户导出', 100, 5, '#', '', 'F', '0', '1', 'system:user:export', '#', 'admin', '2022-04-08 15:19:14', '', NULL, '');
INSERT INTO `sys_menu` VALUES (1005, '用户导入', 100, 6, '#', '', 'F', '0', '1', 'system:user:import', '#', 'admin', '2022-04-08 15:19:14', '', NULL, '');
INSERT INTO `sys_menu` VALUES (1006, '重置密码', 100, 7, '#', '', 'F', '0', '1', 'system:user:resetPwd', '#', 'admin', '2022-04-08 15:19:14', '', NULL, '');
INSERT INTO `sys_menu` VALUES (1007, '角色查询', 101, 1, '#', '', 'F', '0', '1', 'system:role:list', '#', 'admin', '2022-04-08 15:19:14', '', NULL, '');
INSERT INTO `sys_menu` VALUES (1008, '角色新增', 101, 2, '#', '', 'F', '0', '1', 'system:role:add', '#', 'admin', '2022-04-08 15:19:14', '', NULL, '');
INSERT INTO `sys_menu` VALUES (1009, '角色修改', 101, 3, '#', '', 'F', '0', '1', 'system:role:edit', '#', 'admin', '2022-04-08 15:19:14', '', NULL, '');
INSERT INTO `sys_menu` VALUES (1010, '角色删除', 101, 4, '#', '', 'F', '0', '1', 'system:role:remove', '#', 'admin', '2022-04-08 15:19:14', '', NULL, '');
INSERT INTO `sys_menu` VALUES (1011, '角色导出', 101, 5, '#', '', 'F', '0', '1', 'system:role:export', '#', 'admin', '2022-04-08 15:19:14', '', NULL, '');
INSERT INTO `sys_menu` VALUES (1012, '菜单查询', 102, 1, '#', '', 'F', '0', '1', 'system:menu:list', '#', 'admin', '2022-04-08 15:19:14', '', NULL, '');
INSERT INTO `sys_menu` VALUES (1013, '菜单新增', 102, 2, '#', '', 'F', '0', '1', 'system:menu:add', '#', 'admin', '2022-04-08 15:19:14', '', NULL, '');
INSERT INTO `sys_menu` VALUES (1014, '菜单修改', 102, 3, '#', '', 'F', '0', '1', 'system:menu:edit', '#', 'admin', '2022-04-08 15:19:14', '', NULL, '');
INSERT INTO `sys_menu` VALUES (1015, '菜单删除', 102, 4, '#', '', 'F', '0', '1', 'system:menu:remove', '#', 'admin', '2022-04-08 15:19:14', '', NULL, '');
INSERT INTO `sys_menu` VALUES (1016, '部门查询', 103, 1, '#', '', 'F', '0', '1', 'system:dept:list', '#', 'admin', '2022-04-08 15:19:14', '', NULL, '');
INSERT INTO `sys_menu` VALUES (1017, '部门新增', 103, 2, '#', '', 'F', '0', '1', 'system:dept:add', '#', 'admin', '2022-04-08 15:19:14', '', NULL, '');
INSERT INTO `sys_menu` VALUES (1018, '部门修改', 103, 3, '#', '', 'F', '0', '1', 'system:dept:edit', '#', 'admin', '2022-04-08 15:19:14', '', NULL, '');
INSERT INTO `sys_menu` VALUES (1019, '部门删除', 103, 4, '#', '', 'F', '0', '1', 'system:dept:remove', '#', 'admin', '2022-04-08 15:19:14', '', NULL, '');
INSERT INTO `sys_menu` VALUES (1020, '岗位查询', 104, 1, '#', '', 'F', '0', '1', 'system:post:list', '#', 'admin', '2022-04-08 15:19:14', '', NULL, '');
INSERT INTO `sys_menu` VALUES (1021, '岗位新增', 104, 2, '#', '', 'F', '0', '1', 'system:post:add', '#', 'admin', '2022-04-08 15:19:14', '', NULL, '');
INSERT INTO `sys_menu` VALUES (1022, '岗位修改', 104, 3, '#', '', 'F', '0', '1', 'system:post:edit', '#', 'admin', '2022-04-08 15:19:14', '', NULL, '');
INSERT INTO `sys_menu` VALUES (1023, '岗位删除', 104, 4, '#', '', 'F', '0', '1', 'system:post:remove', '#', 'admin', '2022-04-08 15:19:14', '', NULL, '');
INSERT INTO `sys_menu` VALUES (1024, '岗位导出', 104, 5, '#', '', 'F', '0', '1', 'system:post:export', '#', 'admin', '2022-04-08 15:19:14', '', NULL, '');
INSERT INTO `sys_menu` VALUES (1025, '字典查询', 105, 1, '#', '', 'F', '0', '1', 'system:dict:list', '#', 'admin', '2022-04-08 15:19:14', '', NULL, '');
INSERT INTO `sys_menu` VALUES (1026, '字典新增', 105, 2, '#', '', 'F', '0', '1', 'system:dict:add', '#', 'admin', '2022-04-08 15:19:14', '', NULL, '');
INSERT INTO `sys_menu` VALUES (1027, '字典修改', 105, 3, '#', '', 'F', '0', '1', 'system:dict:edit', '#', 'admin', '2022-04-08 15:19:14', '', NULL, '');
INSERT INTO `sys_menu` VALUES (1028, '字典删除', 105, 4, '#', '', 'F', '0', '1', 'system:dict:remove', '#', 'admin', '2022-04-08 15:19:14', '', NULL, '');
INSERT INTO `sys_menu` VALUES (1029, '字典导出', 105, 5, '#', '', 'F', '0', '1', 'system:dict:export', '#', 'admin', '2022-04-08 15:19:14', '', NULL, '');
INSERT INTO `sys_menu` VALUES (1030, '参数查询', 106, 1, '#', '', 'F', '0', '1', 'system:config:list', '#', 'admin', '2022-04-08 15:19:14', '', NULL, '');
INSERT INTO `sys_menu` VALUES (1031, '参数新增', 106, 2, '#', '', 'F', '0', '1', 'system:config:add', '#', 'admin', '2022-04-08 15:19:14', '', NULL, '');
INSERT INTO `sys_menu` VALUES (1032, '参数修改', 106, 3, '#', '', 'F', '0', '1', 'system:config:edit', '#', 'admin', '2022-04-08 15:19:14', '', NULL, '');
INSERT INTO `sys_menu` VALUES (1033, '参数删除', 106, 4, '#', '', 'F', '0', '1', 'system:config:remove', '#', 'admin', '2022-04-08 15:19:14', '', NULL, '');
INSERT INTO `sys_menu` VALUES (1034, '参数导出', 106, 5, '#', '', 'F', '0', '1', 'system:config:export', '#', 'admin', '2022-04-08 15:19:14', '', NULL, '');
INSERT INTO `sys_menu` VALUES (1035, '公告查询', 107, 1, '#', '', 'F', '0', '1', 'system:notice:list', '#', 'admin', '2022-04-08 15:19:14', '', NULL, '');
INSERT INTO `sys_menu` VALUES (1036, '公告新增', 107, 2, '#', '', 'F', '0', '1', 'system:notice:add', '#', 'admin', '2022-04-08 15:19:14', '', NULL, '');
INSERT INTO `sys_menu` VALUES (1037, '公告修改', 107, 3, '#', '', 'F', '0', '1', 'system:notice:edit', '#', 'admin', '2022-04-08 15:19:14', '', NULL, '');
INSERT INTO `sys_menu` VALUES (1038, '公告删除', 107, 4, '#', '', 'F', '0', '1', 'system:notice:remove', '#', 'admin', '2022-04-08 15:19:14', '', NULL, '');
INSERT INTO `sys_menu` VALUES (1039, '操作查询', 500, 1, '#', '', 'F', '0', '1', 'monitor:operlog:list', '#', 'admin', '2022-04-08 15:19:14', '', NULL, '');
INSERT INTO `sys_menu` VALUES (1040, '操作删除', 500, 2, '#', '', 'F', '0', '1', 'monitor:operlog:remove', '#', 'admin', '2022-04-08 15:19:14', '', NULL, '');
INSERT INTO `sys_menu` VALUES (1041, '详细信息', 500, 3, '#', '', 'F', '0', '1', 'monitor:operlog:detail', '#', 'admin', '2022-04-08 15:19:14', '', NULL, '');
INSERT INTO `sys_menu` VALUES (1042, '日志导出', 500, 4, '#', '', 'F', '0', '1', 'monitor:operlog:export', '#', 'admin', '2022-04-08 15:19:14', '', NULL, '');
INSERT INTO `sys_menu` VALUES (1043, '登录查询', 501, 1, '#', '', 'F', '0', '1', 'monitor:logininfor:list', '#', 'admin', '2022-04-08 15:19:14', '', NULL, '');
INSERT INTO `sys_menu` VALUES (1044, '登录删除', 501, 2, '#', '', 'F', '0', '1', 'monitor:logininfor:remove', '#', 'admin', '2022-04-08 15:19:14', '', NULL, '');
INSERT INTO `sys_menu` VALUES (1045, '日志导出', 501, 3, '#', '', 'F', '0', '1', 'monitor:logininfor:export', '#', 'admin', '2022-04-08 15:19:14', '', NULL, '');
INSERT INTO `sys_menu` VALUES (1046, '账户解锁', 501, 4, '#', '', 'F', '0', '1', 'monitor:logininfor:unlock', '#', 'admin', '2022-04-08 15:19:14', '', NULL, '');
INSERT INTO `sys_menu` VALUES (1047, '在线查询', 109, 1, '#', '', 'F', '0', '1', 'monitor:online:list', '#', 'admin', '2022-04-08 15:19:14', '', NULL, '');
INSERT INTO `sys_menu` VALUES (1048, '批量强退', 109, 2, '#', '', 'F', '0', '1', 'monitor:online:batchForceLogout', '#', 'admin', '2022-04-08 15:19:14', '', NULL, '');
INSERT INTO `sys_menu` VALUES (1049, '单条强退', 109, 3, '#', '', 'F', '0', '1', 'monitor:online:forceLogout', '#', 'admin', '2022-04-08 15:19:14', '', NULL, '');
INSERT INTO `sys_menu` VALUES (1050, '任务查询', 110, 1, '#', '', 'F', '0', '1', 'monitor:job:list', '#', 'admin', '2022-04-08 15:19:14', '', NULL, '');
INSERT INTO `sys_menu` VALUES (1051, '任务新增', 110, 2, '#', '', 'F', '0', '1', 'monitor:job:add', '#', 'admin', '2022-04-08 15:19:14', '', NULL, '');
INSERT INTO `sys_menu` VALUES (1052, '任务修改', 110, 3, '#', '', 'F', '0', '1', 'monitor:job:edit', '#', 'admin', '2022-04-08 15:19:14', '', NULL, '');
INSERT INTO `sys_menu` VALUES (1053, '任务删除', 110, 4, '#', '', 'F', '0', '1', 'monitor:job:remove', '#', 'admin', '2022-04-08 15:19:14', '', NULL, '');
INSERT INTO `sys_menu` VALUES (1054, '状态修改', 110, 5, '#', '', 'F', '0', '1', 'monitor:job:changeStatus', '#', 'admin', '2022-04-08 15:19:14', '', NULL, '');
INSERT INTO `sys_menu` VALUES (1055, '任务详细', 110, 6, '#', '', 'F', '0', '1', 'monitor:job:detail', '#', 'admin', '2022-04-08 15:19:14', '', NULL, '');
INSERT INTO `sys_menu` VALUES (1056, '任务导出', 110, 7, '#', '', 'F', '0', '1', 'monitor:job:export', '#', 'admin', '2022-04-08 15:19:14', '', NULL, '');
INSERT INTO `sys_menu` VALUES (1057, '生成查询', 115, 1, '#', '', 'F', '0', '1', 'tool:gen:list', '#', 'admin', '2022-04-08 15:19:15', '', NULL, '');
INSERT INTO `sys_menu` VALUES (1058, '生成修改', 115, 2, '#', '', 'F', '0', '1', 'tool:gen:edit', '#', 'admin', '2022-04-08 15:19:15', '', NULL, '');
INSERT INTO `sys_menu` VALUES (1059, '生成删除', 115, 3, '#', '', 'F', '0', '1', 'tool:gen:remove', '#', 'admin', '2022-04-08 15:19:15', '', NULL, '');
INSERT INTO `sys_menu` VALUES (1060, '预览代码', 115, 4, '#', '', 'F', '0', '1', 'tool:gen:preview', '#', 'admin', '2022-04-08 15:19:15', '', NULL, '');
INSERT INTO `sys_menu` VALUES (1061, '生成代码', 115, 5, '#', '', 'F', '0', '1', 'tool:gen:code', '#', 'admin', '2022-04-08 15:19:15', '', NULL, '');
INSERT INTO `sys_menu` VALUES (2000, '校务管理', 0, 10, '#', 'menuItem', 'M', '0', '1', NULL, 'fa fa-users', 'admin', '2022-04-08 22:03:17', '', NULL, '');
INSERT INTO `sys_menu` VALUES (2007, '宿舍管理', 2000, 4, '/system/dormitory', 'menuItem', 'C', '0', '1', 'system:dormitory:view', 'fa fa-home', 'admin', '2022-04-08 22:10:51', 'admin', '2022-04-09 21:49:02', '宿舍信息菜单');
INSERT INTO `sys_menu` VALUES (2008, '宿舍信息查询', 2007, 1, '#', '', 'F', '0', '1', 'system:dormitory:list', '#', 'admin', '2022-04-08 22:10:51', '', NULL, '');
INSERT INTO `sys_menu` VALUES (2009, '宿舍信息新增', 2007, 2, '#', '', 'F', '0', '1', 'system:dormitory:add', '#', 'admin', '2022-04-08 22:10:51', '', NULL, '');
INSERT INTO `sys_menu` VALUES (2010, '宿舍信息修改', 2007, 3, '#', '', 'F', '0', '1', 'system:dormitory:edit', '#', 'admin', '2022-04-08 22:10:51', '', NULL, '');
INSERT INTO `sys_menu` VALUES (2011, '宿舍信息删除', 2007, 4, '#', '', 'F', '0', '1', 'system:dormitory:remove', '#', 'admin', '2022-04-08 22:10:51', '', NULL, '');
INSERT INTO `sys_menu` VALUES (2012, '宿舍信息导出', 2007, 5, '#', '', 'F', '0', '1', 'system:dormitory:export', '#', 'admin', '2022-04-08 22:10:51', '', NULL, '');
INSERT INTO `sys_menu` VALUES (2013, '专业信息', 2000, 1, '/system/major', 'menuItem', 'C', '0', '1', 'system:major:view', 'fa fa-map', 'admin', '2022-04-08 22:11:07', 'admin', '2022-04-09 21:49:54', '专业信息菜单');
INSERT INTO `sys_menu` VALUES (2014, '专业信息查询', 2013, 1, '#', '', 'F', '0', '1', 'system:major:list', '#', 'admin', '2022-04-08 22:11:07', '', NULL, '');
INSERT INTO `sys_menu` VALUES (2015, '专业信息新增', 2013, 2, '#', '', 'F', '0', '1', 'system:major:add', '#', 'admin', '2022-04-08 22:11:07', '', NULL, '');
INSERT INTO `sys_menu` VALUES (2016, '专业信息修改', 2013, 3, '#', '', 'F', '0', '1', 'system:major:edit', '#', 'admin', '2022-04-08 22:11:07', '', NULL, '');
INSERT INTO `sys_menu` VALUES (2017, '专业信息删除', 2013, 4, '#', '', 'F', '0', '1', 'system:major:remove', '#', 'admin', '2022-04-08 22:11:07', '', NULL, '');
INSERT INTO `sys_menu` VALUES (2018, '专业信息导出', 2013, 5, '#', '', 'F', '0', '1', 'system:major:export', '#', 'admin', '2022-04-08 22:11:07', '', NULL, '');
INSERT INTO `sys_menu` VALUES (2019, '学生信息', 2000, 3, '/system/student', 'menuItem', 'C', '0', '1', 'system:student:view', 'fa fa-vcard-o', 'admin', '2022-04-08 22:11:21', 'admin', '2022-04-09 22:45:43', '学生信息菜单');
INSERT INTO `sys_menu` VALUES (2020, '学生信息查询', 2019, 1, '#', '', 'F', '0', '1', 'system:student:list', '#', 'admin', '2022-04-08 22:11:21', '', NULL, '');
INSERT INTO `sys_menu` VALUES (2021, '学生信息新增', 2019, 2, '#', '', 'F', '0', '1', 'system:student:add', '#', 'admin', '2022-04-08 22:11:21', '', NULL, '');
INSERT INTO `sys_menu` VALUES (2022, '学生信息修改', 2019, 3, '#', '', 'F', '0', '1', 'system:student:edit', '#', 'admin', '2022-04-08 22:11:21', '', NULL, '');
INSERT INTO `sys_menu` VALUES (2023, '学生信息删除', 2019, 4, '#', '', 'F', '0', '1', 'system:student:remove', '#', 'admin', '2022-04-08 22:11:21', '', NULL, '');
INSERT INTO `sys_menu` VALUES (2024, '学生信息导出', 2019, 5, '#', '', 'F', '0', '1', 'system:student:export', '#', 'admin', '2022-04-08 22:11:21', '', NULL, '');
INSERT INTO `sys_menu` VALUES (2025, '班级信息', 2000, 2, '/system/class1', 'menuItem', 'C', '0', '1', 'system:class1:view', 'fa fa-sitemap', 'admin', '2022-04-09 10:38:52', 'admin', '2022-04-09 22:45:31', '班级菜单');
INSERT INTO `sys_menu` VALUES (2026, '班级查询', 2025, 1, '#', '', 'F', '0', '1', 'system:class1:list', '#', 'admin', '2022-04-09 10:38:52', '', NULL, '');
INSERT INTO `sys_menu` VALUES (2027, '班级新增', 2025, 2, '#', '', 'F', '0', '1', 'system:class1:add', '#', 'admin', '2022-04-09 10:38:52', '', NULL, '');
INSERT INTO `sys_menu` VALUES (2028, '班级修改', 2025, 3, '#', '', 'F', '0', '1', 'system:class1:edit', '#', 'admin', '2022-04-09 10:38:52', '', NULL, '');
INSERT INTO `sys_menu` VALUES (2029, '班级删除', 2025, 4, '#', '', 'F', '0', '1', 'system:class1:remove', '#', 'admin', '2022-04-09 10:38:52', '', NULL, '');
INSERT INTO `sys_menu` VALUES (2030, '班级导出', 2025, 5, '#', '', 'F', '0', '1', 'system:class1:export', '#', 'admin', '2022-04-09 10:38:52', '', NULL, '');
INSERT INTO `sys_menu` VALUES (2031, '缴费记录', 2000, 8, '/system/record', 'menuItem', 'C', '0', '1', 'system:record:view', 'fa fa-registered', 'admin', '2022-04-09 21:01:07', 'admin', '2022-04-10 14:26:41', '缴费记录菜单');
INSERT INTO `sys_menu` VALUES (2032, '缴费记录查询', 2031, 1, '#', '', 'F', '0', '1', 'system:record:list', '#', 'admin', '2022-04-09 21:01:07', '', NULL, '');
INSERT INTO `sys_menu` VALUES (2033, '缴费记录新增', 2031, 2, '#', '', 'F', '0', '1', 'system:record:add', '#', 'admin', '2022-04-09 21:01:07', '', NULL, '');
INSERT INTO `sys_menu` VALUES (2034, '缴费记录修改', 2031, 3, '#', '', 'F', '0', '1', 'system:record:edit', '#', 'admin', '2022-04-09 21:01:07', '', NULL, '');
INSERT INTO `sys_menu` VALUES (2035, '缴费记录删除', 2031, 4, '#', '', 'F', '0', '1', 'system:record:remove', '#', 'admin', '2022-04-09 21:01:07', '', NULL, '');
INSERT INTO `sys_menu` VALUES (2036, '缴费记录导出', 2031, 5, '#', '', 'F', '0', '1', 'system:record:export', '#', 'admin', '2022-04-09 21:01:07', '', NULL, '');
INSERT INTO `sys_menu` VALUES (2037, '留言管理', 2000, 5, '/system/leaveword', 'menuItem', 'C', '0', '1', 'system:leaveword:view', 'fa fa-commenting-o', 'admin', '2022-04-09 21:01:16', 'admin', '2022-04-10 14:25:59', '留言菜单');
INSERT INTO `sys_menu` VALUES (2038, '留言查询', 2037, 1, '#', '', 'F', '0', '1', 'system:leaveword:list', '#', 'admin', '2022-04-09 21:01:16', '', NULL, '');
INSERT INTO `sys_menu` VALUES (2039, '留言新增', 2037, 2, '#', '', 'F', '0', '1', 'system:leaveword:add', '#', 'admin', '2022-04-09 21:01:16', '', NULL, '');
INSERT INTO `sys_menu` VALUES (2040, '留言修改', 2037, 3, '#', '', 'F', '0', '1', 'system:leaveword:edit', '#', 'admin', '2022-04-09 21:01:16', '', NULL, '');
INSERT INTO `sys_menu` VALUES (2041, '留言删除', 2037, 4, '#', '', 'F', '0', '1', 'system:leaveword:remove', '#', 'admin', '2022-04-09 21:01:16', '', NULL, '');
INSERT INTO `sys_menu` VALUES (2042, '留言导出', 2037, 5, '#', '', 'F', '0', '1', 'system:leaveword:export', '#', 'admin', '2022-04-09 21:01:16', '', NULL, '');
INSERT INTO `sys_menu` VALUES (2043, '新生报到', 2000, 6, '/system/checkin', 'menuItem', 'C', '0', '1', 'system:checkin:view', 'fa fa-male', 'admin', '2022-04-09 21:01:24', 'admin', '2022-04-10 14:26:17', '新生报到记录菜单');
INSERT INTO `sys_menu` VALUES (2044, '新生报到记录查询', 2043, 1, '#', '', 'F', '0', '1', 'system:checkin:list', '#', 'admin', '2022-04-09 21:01:24', '', NULL, '');
INSERT INTO `sys_menu` VALUES (2045, '新生报到记录新增', 2043, 2, '#', '', 'F', '0', '1', 'system:checkin:add', '#', 'admin', '2022-04-09 21:01:24', '', NULL, '');
INSERT INTO `sys_menu` VALUES (2046, '新生报到记录修改', 2043, 3, '#', '', 'F', '0', '1', 'system:checkin:edit', '#', 'admin', '2022-04-09 21:01:24', '', NULL, '');
INSERT INTO `sys_menu` VALUES (2047, '新生报到记录删除', 2043, 4, '#', '', 'F', '0', '1', 'system:checkin:remove', '#', 'admin', '2022-04-09 21:01:24', '', NULL, '');
INSERT INTO `sys_menu` VALUES (2048, '新生报到记录导出', 2043, 5, '#', '', 'F', '0', '1', 'system:checkin:export', '#', 'admin', '2022-04-09 21:01:24', '', NULL, '');
INSERT INTO `sys_menu` VALUES (2049, '缴费项目', 2000, 7, '/system/item', 'menuItem', 'C', '0', '1', 'system:item:view', 'fa fa-money', 'admin', '2022-04-09 21:01:32', 'admin', '2022-04-10 14:26:33', '缴费项目菜单');
INSERT INTO `sys_menu` VALUES (2050, '缴费项目查询', 2049, 1, '#', '', 'F', '0', '1', 'system:item:list', '#', 'admin', '2022-04-09 21:01:32', '', NULL, '');
INSERT INTO `sys_menu` VALUES (2051, '缴费项目新增', 2049, 2, '#', '', 'F', '0', '1', 'system:item:add', '#', 'admin', '2022-04-09 21:01:32', '', NULL, '');
INSERT INTO `sys_menu` VALUES (2052, '缴费项目修改', 2049, 3, '#', '', 'F', '0', '1', 'system:item:edit', '#', 'admin', '2022-04-09 21:01:32', '', NULL, '');
INSERT INTO `sys_menu` VALUES (2053, '缴费项目删除', 2049, 4, '#', '', 'F', '0', '1', 'system:item:remove', '#', 'admin', '2022-04-09 21:01:32', '', NULL, '');
INSERT INTO `sys_menu` VALUES (2054, '缴费项目导出', 2049, 5, '#', '', 'F', '0', '1', 'system:item:export', '#', 'admin', '2022-04-09 21:01:32', '', NULL, '');
INSERT INTO `sys_menu` VALUES (2055, '校园新闻', 1, 4, '/system/news', 'menuItem', 'C', '0', '1', 'system:news:view', 'fa fa-newspaper-o', 'admin', '2022-04-09 21:01:41', 'admin', '2022-04-09 21:48:24', '校园新闻菜单');
INSERT INTO `sys_menu` VALUES (2056, '校园新闻查询', 2055, 1, '#', '', 'F', '0', '1', 'system:news:list', '#', 'admin', '2022-04-09 21:01:41', '', NULL, '');
INSERT INTO `sys_menu` VALUES (2057, '校园新闻新增', 2055, 2, '#', '', 'F', '0', '1', 'system:news:add', '#', 'admin', '2022-04-09 21:01:41', '', NULL, '');
INSERT INTO `sys_menu` VALUES (2058, '校园新闻修改', 2055, 3, '#', '', 'F', '0', '1', 'system:news:edit', '#', 'admin', '2022-04-09 21:01:41', '', NULL, '');
INSERT INTO `sys_menu` VALUES (2059, '校园新闻删除', 2055, 4, '#', '', 'F', '0', '1', 'system:news:remove', '#', 'admin', '2022-04-09 21:01:41', '', NULL, '');
INSERT INTO `sys_menu` VALUES (2060, '校园新闻导出', 2055, 5, '#', '', 'F', '0', '1', 'system:news:export', '#', 'admin', '2022-04-09 21:01:41', '', NULL, '');
INSERT INTO `sys_menu` VALUES (2061, '去缴费', 2049, 6, '#', 'menuItem', 'F', '0', '1', 'system:item:pay', '#', 'admin', '2022-04-10 11:09:23', '', NULL, '');

-- ----------------------------
-- Table structure for sys_notice
-- ----------------------------
DROP TABLE IF EXISTS `sys_notice`;
CREATE TABLE `sys_notice`  (
                               `notice_id` int NOT NULL AUTO_INCREMENT COMMENT '公告ID',
                               `notice_title` varchar(50) CHARACTER SET utf8mb4 COLLATE utf8mb4_general_ci NOT NULL COMMENT '公告标题',
                               `notice_type` char(1) CHARACTER SET utf8mb4 COLLATE utf8mb4_general_ci NOT NULL COMMENT '公告类型（1通知 2公告）',
                               `notice_content` varchar(2000) CHARACTER SET utf8mb4 COLLATE utf8mb4_general_ci NULL DEFAULT NULL COMMENT '公告内容',
                               `status` char(1) CHARACTER SET utf8mb4 COLLATE utf8mb4_general_ci NULL DEFAULT '0' COMMENT '公告状态（0正常 1关闭）',
                               `create_by` varchar(64) CHARACTER SET utf8mb4 COLLATE utf8mb4_general_ci NULL DEFAULT '' COMMENT '创建者',
                               `create_time` datetime(0) NULL DEFAULT NULL COMMENT '创建时间',
                               `update_by` varchar(64) CHARACTER SET utf8mb4 COLLATE utf8mb4_general_ci NULL DEFAULT '' COMMENT '更新者',
                               `update_time` datetime(0) NULL DEFAULT NULL COMMENT '更新时间',
                               `remark` varchar(255) CHARACTER SET utf8mb4 COLLATE utf8mb4_general_ci NULL DEFAULT NULL COMMENT '备注',
                               PRIMARY KEY (`notice_id`) USING BTREE
) ENGINE = InnoDB AUTO_INCREMENT = 11 CHARACTER SET = utf8mb4 COLLATE = utf8mb4_general_ci COMMENT = '通知公告表' ROW_FORMAT = Dynamic;

-- ----------------------------
-- Records of sys_notice
-- ----------------------------
INSERT INTO `sys_notice` VALUES (1, '通知：所有人4月7日前完成本学年学费缴纳', '2', '新版本内容', '0', 'admin', '2022-04-08 15:19:16', 'admin', '2022-04-09 13:26:08', '管理员');
INSERT INTO `sys_notice` VALUES (10, '欢迎2023届新生入校', '1', '<p>热烈欢迎2023届新生入校</p>', '0', 'admin', '2022-04-10 09:25:33', '', NULL, NULL);

-- ----------------------------
-- Table structure for sys_oper_log
-- ----------------------------
DROP TABLE IF EXISTS `sys_oper_log`;
CREATE TABLE `sys_oper_log`  (
                                 `oper_id` bigint NOT NULL AUTO_INCREMENT COMMENT '日志主键',
                                 `title` varchar(50) CHARACTER SET utf8mb4 COLLATE utf8mb4_general_ci NULL DEFAULT '' COMMENT '模块标题',
                                 `business_type` int NULL DEFAULT 0 COMMENT '业务类型（0其它 1新增 2修改 3删除）',
                                 `method` varchar(100) CHARACTER SET utf8mb4 COLLATE utf8mb4_general_ci NULL DEFAULT '' COMMENT '方法名称',
                                 `request_method` varchar(10) CHARACTER SET utf8mb4 COLLATE utf8mb4_general_ci NULL DEFAULT '' COMMENT '请求方式',
                                 `operator_type` int NULL DEFAULT 0 COMMENT '操作类别（0其它 1后台用户 2手机端用户）',
                                 `oper_name` varchar(50) CHARACTER SET utf8mb4 COLLATE utf8mb4_general_ci NULL DEFAULT '' COMMENT '操作人员',
                                 `dept_name` varchar(50) CHARACTER SET utf8mb4 COLLATE utf8mb4_general_ci NULL DEFAULT '' COMMENT '部门名称',
                                 `oper_url` varchar(255) CHARACTER SET utf8mb4 COLLATE utf8mb4_general_ci NULL DEFAULT '' COMMENT '请求URL',
                                 `oper_ip` varchar(128) CHARACTER SET utf8mb4 COLLATE utf8mb4_general_ci NULL DEFAULT '' COMMENT '主机地址',
                                 `oper_location` varchar(255) CHARACTER SET utf8mb4 COLLATE utf8mb4_general_ci NULL DEFAULT '' COMMENT '操作地点',
                                 `oper_param` varchar(2000) CHARACTER SET utf8mb4 COLLATE utf8mb4_general_ci NULL DEFAULT '' COMMENT '请求参数',
                                 `json_result` varchar(2000) CHARACTER SET utf8mb4 COLLATE utf8mb4_general_ci NULL DEFAULT '' COMMENT '返回参数',
                                 `status` int NULL DEFAULT 0 COMMENT '操作状态（0正常 1异常）',
                                 `error_msg` varchar(2000) CHARACTER SET utf8mb4 COLLATE utf8mb4_general_ci NULL DEFAULT '' COMMENT '错误消息',
                                 `oper_time` datetime(0) NULL DEFAULT NULL COMMENT '操作时间',
                                 PRIMARY KEY (`oper_id`) USING BTREE
) ENGINE = InnoDB AUTO_INCREMENT = 254 CHARACTER SET = utf8mb4 COLLATE = utf8mb4_general_ci COMMENT = '操作日志记录' ROW_FORMAT = Dynamic;

-- ----------------------------
-- Records of sys_oper_log
-- ----------------------------
INSERT INTO `sys_oper_log` VALUES (100, '个人信息', 2, 'com.ruoyi.project.system.user.controller.ProfileController.update()', 'POST', 1, 'admin', '研发部门', '/system/user/profile/update', '127.0.0.1', '内网IP', '{\"id\":[\"\"],\"userName\":[\"超级管理员\"],\"phonenumber\":[\"15888888888\"],\"email\":[\"ry@163.com\"],\"sex\":[\"1\"]}', '{\"msg\":\"操作成功\",\"code\":0}', 0, NULL, '2022-04-08 15:23:42');
INSERT INTO `sys_oper_log` VALUES (101, '个人信息', 2, 'com.ruoyi.project.system.user.controller.ProfileController.update()', 'POST', 1, 'admin', '研发部门', '/system/user/profile/update', '127.0.0.1', '内网IP', '{\"id\":[\"\"],\"userName\":[\"超级管理员\"],\"phonenumber\":[\"15888888888\"],\"email\":[\"154545@163.com\"],\"sex\":[\"1\"]}', '{\"msg\":\"操作成功\",\"code\":0}', 0, NULL, '2022-04-08 15:23:51');
INSERT INTO `sys_oper_log` VALUES (102, '个人信息', 2, 'com.ruoyi.project.system.user.controller.ProfileController.update()', 'POST', 1, 'admin', '研发部门', '/system/user/profile/update', '127.0.0.1', '内网IP', '{\"id\":[\"\"],\"userName\":[\"超级管理员\"],\"phonenumber\":[\"15888888888\"],\"email\":[\"154545@163.com\"],\"sex\":[\"0\"]}', '{\"msg\":\"操作成功\",\"code\":0}', 0, NULL, '2022-04-08 15:23:53');
INSERT INTO `sys_oper_log` VALUES (103, '用户管理', 2, 'com.ruoyi.project.system.user.controller.UserController.editSave()', 'POST', 1, 'admin', '研发部门', '/system/user/edit', '127.0.0.1', '内网IP', '{\"userId\":[\"2\"],\"deptId\":[\"105\"],\"userName\":[\"管理员\"],\"dept.deptName\":[\"测试部门\"],\"phonenumber\":[\"15666666666\"],\"email\":[\"124654@qq.com\"],\"loginName\":[\"ry\"],\"sex\":[\"1\"],\"role\":[\"2\"],\"remark\":[\"测试员\"],\"status\":[\"0\"],\"roleIds\":[\"2\"],\"postIds\":[\"2\"]}', '{\"msg\":\"操作成功\",\"code\":0}', 0, NULL, '2022-04-08 20:57:27');
INSERT INTO `sys_oper_log` VALUES (104, '菜单管理', 1, 'com.ruoyi.project.system.menu.controller.MenuController.addSave()', 'POST', 1, 'admin', '研发部门', '/system/menu/add', '127.0.0.1', '内网IP', '{\"parentId\":[\"0\"],\"menuType\":[\"M\"],\"menuName\":[\"校务管理\"],\"url\":[\"\"],\"target\":[\"menuItem\"],\"perms\":[\"\"],\"orderNum\":[\"10\"],\"icon\":[\"fa fa-users\"],\"visible\":[\"0\"],\"isRefresh\":[\"1\"]}', '{\"msg\":\"操作成功\",\"code\":0}', 0, NULL, '2022-04-08 22:03:17');
INSERT INTO `sys_oper_log` VALUES (105, '角色管理', 2, 'com.ruoyi.project.system.role.controller.RoleController.editSave()', 'POST', 1, 'admin', '研发部门', '/system/role/edit', '127.0.0.1', '内网IP', '{\"roleId\":[\"2\"],\"roleName\":[\"普通角色\"],\"roleKey\":[\"common\"],\"roleSort\":[\"2\"],\"status\":[\"0\"],\"remark\":[\"普通角色\"],\"menuIds\":[\"1,100,1000,1001,1002,1003,1004,1005,1006,101,1007,1008,1009,1010,1011,2000\"]}', '{\"msg\":\"操作成功\",\"code\":0}', 0, NULL, '2022-04-08 22:04:26');
INSERT INTO `sys_oper_log` VALUES (106, '代码生成', 6, 'com.ruoyi.project.tool.gen.controller.GenController.importTableSave()', 'POST', 1, 'admin', '研发部门', '/tool/gen/importTable', '127.0.0.1', '内网IP', '{\"tables\":[\"class,dormitory,major,student\"]}', '{\"msg\":\"操作成功\",\"code\":0}', 0, NULL, '2022-04-08 22:04:44');
INSERT INTO `sys_oper_log` VALUES (107, '代码生成', 2, 'com.ruoyi.project.tool.gen.controller.GenController.editSave()', 'POST', 1, 'admin', '研发部门', '/tool/gen/edit', '127.0.0.1', '内网IP', '{\"tableId\":[\"1\"],\"tableName\":[\"class\"],\"tableComment\":[\"班级表\"],\"className\":[\"Class\"],\"functionAuthor\":[\"ruoyi\"],\"remark\":[\"\"],\"columns[0].columnId\":[\"1\"],\"columns[0].sort\":[\"1\"],\"columns[0].columnComment\":[\"班级id\"],\"columns[0].javaType\":[\"Long\"],\"columns[0].javaField\":[\"classId\"],\"columns[0].queryType\":[\"EQ\"],\"columns[0].htmlType\":[\"input\"],\"columns[0].dictType\":[\"\"],\"columns[1].columnId\":[\"2\"],\"columns[1].sort\":[\"2\"],\"columns[1].columnComment\":[\"班级名称\"],\"columns[1].javaType\":[\"String\"],\"columns[1].javaField\":[\"className\"],\"columns[1].isInsert\":[\"1\"],\"columns[1].isEdit\":[\"1\"],\"columns[1].isList\":[\"1\"],\"columns[1].isQuery\":[\"1\"],\"columns[1].queryType\":[\"LIKE\"],\"columns[1].htmlType\":[\"input\"],\"columns[1].dictType\":[\"\"],\"columns[2].columnId\":[\"3\"],\"columns[2].sort\":[\"3\"],\"columns[2].columnComment\":[\"专业\"],\"columns[2].javaType\":[\"Long\"],\"columns[2].javaField\":[\"classMajorid\"],\"columns[2].isInsert\":[\"1\"],\"columns[2].isEdit\":[\"1\"],\"columns[2].isQuery\":[\"1\"],\"columns[2].queryType\":[\"EQ\"],\"columns[2].htmlType\":[\"input\"],\"columns[2].dictType\":[\"\"],\"columns[3].columnId\":[\"4\"],\"columns[3].sort\":[\"4\"],\"columns[3].columnComment\":[\"专业\"],\"columns[3].javaType\":[\"String\"],\"columns[3].javaField\":[\"classMajor\"],\"columns[3].isList\":[\"1\"],\"columns[3].queryType\":[\"EQ\"],\"columns[3].htmlType\":[\"input\"],\"columns[3].dictType\":[\"\"],\"columns[4].columnId\":[\"5\"],\"columns[4].sort\":[\"5\"],\"columns[4].columnComment\":[\"备注\"],\"columns[4].javaType\":[\"String\"],\"columns[4].javaField\":[\"remark\"],\"columns[4].isInsert\":[\"1\"],\"columns[4].isEdit\":[\"1\"],\"columns[4].isList\":[\"1\"],\"columns[4].queryType\":[\"EQ\"],\"columns[4].htmlType\":[\"input\"],\"columns[4].dictType\":[\"\"],\"columns[5].columnId\":[\"6\"],\"columns[5].sort\":[\"6\"],\"columns[5].columnComment\":[\"删除标记\"],\"columns[5].javaType\":[\"String\"],\"columns[5].javaField\":[\"delflag\"],\"columns[5].queryType\":[\"EQ\"],\"columns[5].htmlType\":[\"input\"],\"columns[5].dictType\":[\"\"],\"columns[6].columnId\":[\"7\"],\"columns[6].sort\":[\"7\"],\"columns[6].columnComment\":[\"创建人id\"],\"columns[6].javaType\"', '{\"msg\":\"操作成功\",\"code\":0}', 0, NULL, '2022-04-08 22:06:08');
INSERT INTO `sys_oper_log` VALUES (108, '代码生成', 2, 'com.ruoyi.project.tool.gen.controller.GenController.editSave()', 'POST', 1, 'admin', '研发部门', '/tool/gen/edit', '127.0.0.1', '内网IP', '{\"tableId\":[\"2\"],\"tableName\":[\"dormitory\"],\"tableComment\":[\"宿舍信息\"],\"className\":[\"Dormitory\"],\"functionAuthor\":[\"ruoyi\"],\"remark\":[\"\"],\"columns[0].columnId\":[\"13\"],\"columns[0].sort\":[\"1\"],\"columns[0].columnComment\":[\"宿舍id\"],\"columns[0].javaType\":[\"Long\"],\"columns[0].javaField\":[\"dorId\"],\"columns[0].queryType\":[\"EQ\"],\"columns[0].htmlType\":[\"input\"],\"columns[0].dictType\":[\"\"],\"columns[1].columnId\":[\"14\"],\"columns[1].sort\":[\"2\"],\"columns[1].columnComment\":[\"父节点id\"],\"columns[1].javaType\":[\"String\"],\"columns[1].javaField\":[\"dorParentid\"],\"columns[1].queryType\":[\"EQ\"],\"columns[1].htmlType\":[\"input\"],\"columns[1].dictType\":[\"\"],\"columns[2].columnId\":[\"15\"],\"columns[2].sort\":[\"3\"],\"columns[2].columnComment\":[\"宿舍号\"],\"columns[2].javaType\":[\"String\"],\"columns[2].javaField\":[\"dorNo\"],\"columns[2].isInsert\":[\"1\"],\"columns[2].isEdit\":[\"1\"],\"columns[2].isList\":[\"1\"],\"columns[2].isQuery\":[\"1\"],\"columns[2].queryType\":[\"EQ\"],\"columns[2].htmlType\":[\"input\"],\"columns[2].dictType\":[\"\"],\"columns[3].columnId\":[\"16\"],\"columns[3].sort\":[\"4\"],\"columns[3].columnComment\":[\"宿舍名称\"],\"columns[3].javaType\":[\"String\"],\"columns[3].javaField\":[\"dorName\"],\"columns[3].queryType\":[\"LIKE\"],\"columns[3].htmlType\":[\"input\"],\"columns[3].dictType\":[\"\"],\"columns[4].columnId\":[\"17\"],\"columns[4].sort\":[\"5\"],\"columns[4].columnComment\":[\"床位数\"],\"columns[4].javaType\":[\"Long\"],\"columns[4].javaField\":[\"dorBeds\"],\"columns[4].isInsert\":[\"1\"],\"columns[4].isEdit\":[\"1\"],\"columns[4].isList\":[\"1\"],\"columns[4].queryType\":[\"EQ\"],\"columns[4].htmlType\":[\"input\"],\"columns[4].dictType\":[\"\"],\"columns[5].columnId\":[\"18\"],\"columns[5].sort\":[\"6\"],\"columns[5].columnComment\":[\"宿舍描述\"],\"columns[5].javaType\":[\"String\"],\"columns[5].javaField\":[\"dorDescription\"],\"columns[5].isInsert\":[\"1\"],\"columns[5].isEdit\":[\"1\"],\"columns[5].queryType\":[\"EQ\"],\"columns[5].htmlType\":[\"textarea\"],\"columns[5].dictType\":[\"\"],\"columns[6].columnId\":[\"19\"],\"columns[6].sort\":[\"7\"],\"columns[6].columnComment\":[\"备注\"],\"columns[6].javaType\":[\"String\"],\"columns[6].javaField\"', '{\"msg\":\"操作成功\",\"code\":0}', 0, NULL, '2022-04-08 22:06:59');
INSERT INTO `sys_oper_log` VALUES (109, '代码生成', 2, 'com.ruoyi.project.tool.gen.controller.GenController.editSave()', 'POST', 1, 'admin', '研发部门', '/tool/gen/edit', '127.0.0.1', '内网IP', '{\"tableId\":[\"3\"],\"tableName\":[\"major\"],\"tableComment\":[\"专业信息\"],\"className\":[\"Major\"],\"functionAuthor\":[\"ruoyi\"],\"remark\":[\"\"],\"columns[0].columnId\":[\"27\"],\"columns[0].sort\":[\"1\"],\"columns[0].columnComment\":[\"专业id\"],\"columns[0].javaType\":[\"Long\"],\"columns[0].javaField\":[\"majorId\"],\"columns[0].queryType\":[\"EQ\"],\"columns[0].htmlType\":[\"input\"],\"columns[0].dictType\":[\"\"],\"columns[1].columnId\":[\"28\"],\"columns[1].sort\":[\"2\"],\"columns[1].columnComment\":[\"专业名称\"],\"columns[1].javaType\":[\"String\"],\"columns[1].javaField\":[\"majorName\"],\"columns[1].isInsert\":[\"1\"],\"columns[1].isEdit\":[\"1\"],\"columns[1].isList\":[\"1\"],\"columns[1].isQuery\":[\"1\"],\"columns[1].queryType\":[\"LIKE\"],\"columns[1].htmlType\":[\"input\"],\"columns[1].dictType\":[\"\"],\"columns[2].columnId\":[\"29\"],\"columns[2].sort\":[\"3\"],\"columns[2].columnComment\":[\"专业描述\"],\"columns[2].javaType\":[\"String\"],\"columns[2].javaField\":[\"majorDescription\"],\"columns[2].isInsert\":[\"1\"],\"columns[2].isEdit\":[\"1\"],\"columns[2].isList\":[\"1\"],\"columns[2].queryType\":[\"EQ\"],\"columns[2].htmlType\":[\"textarea\"],\"columns[2].dictType\":[\"\"],\"columns[3].columnId\":[\"30\"],\"columns[3].sort\":[\"4\"],\"columns[3].columnComment\":[\"备注\"],\"columns[3].javaType\":[\"String\"],\"columns[3].javaField\":[\"remark\"],\"columns[3].isInsert\":[\"1\"],\"columns[3].isEdit\":[\"1\"],\"columns[3].isList\":[\"1\"],\"columns[3].queryType\":[\"EQ\"],\"columns[3].htmlType\":[\"input\"],\"columns[3].dictType\":[\"\"],\"columns[4].columnId\":[\"31\"],\"columns[4].sort\":[\"5\"],\"columns[4].columnComment\":[\"删除标记\"],\"columns[4].javaType\":[\"Integer\"],\"columns[4].javaField\":[\"delflag\"],\"columns[4].queryType\":[\"EQ\"],\"columns[4].htmlType\":[\"input\"],\"columns[4].dictType\":[\"\"],\"columns[5].columnId\":[\"32\"],\"columns[5].sort\":[\"6\"],\"columns[5].columnComment\":[\"创建人id\"],\"columns[5].javaType\":[\"Long\"],\"columns[5].javaField\":[\"createByid\"],\"columns[5].queryType\":[\"EQ\"],\"columns[5].htmlType\":[\"input\"],\"columns[5].dictType\":[\"\"],\"columns[6].columnId\":[\"33\"],\"columns[6].sort\":[\"7\"],\"columns[6].columnComment\":[\"创建人\"],\"columns[6].javaType\":[\"Strin', '{\"msg\":\"操作成功\",\"code\":0}', 0, NULL, '2022-04-08 22:07:38');
INSERT INTO `sys_oper_log` VALUES (110, '代码生成', 2, 'com.ruoyi.project.tool.gen.controller.GenController.editSave()', 'POST', 1, 'admin', '研发部门', '/tool/gen/edit', '127.0.0.1', '内网IP', '{\"tableId\":[\"4\"],\"tableName\":[\"student\"],\"tableComment\":[\"学生信息\"],\"className\":[\"Student\"],\"functionAuthor\":[\"ruoyi\"],\"remark\":[\"\"],\"columns[0].columnId\":[\"38\"],\"columns[0].sort\":[\"1\"],\"columns[0].columnComment\":[\"学生id\"],\"columns[0].javaType\":[\"Long\"],\"columns[0].javaField\":[\"stuId\"],\"columns[0].queryType\":[\"EQ\"],\"columns[0].htmlType\":[\"input\"],\"columns[0].dictType\":[\"\"],\"columns[1].columnId\":[\"39\"],\"columns[1].sort\":[\"2\"],\"columns[1].columnComment\":[\"学号\"],\"columns[1].javaType\":[\"String\"],\"columns[1].javaField\":[\"stuNo\"],\"columns[1].isInsert\":[\"1\"],\"columns[1].isEdit\":[\"1\"],\"columns[1].isList\":[\"1\"],\"columns[1].isQuery\":[\"1\"],\"columns[1].queryType\":[\"EQ\"],\"columns[1].htmlType\":[\"input\"],\"columns[1].dictType\":[\"\"],\"columns[2].columnId\":[\"40\"],\"columns[2].sort\":[\"3\"],\"columns[2].columnComment\":[\"姓名\"],\"columns[2].javaType\":[\"String\"],\"columns[2].javaField\":[\"stuName\"],\"columns[2].isInsert\":[\"1\"],\"columns[2].isEdit\":[\"1\"],\"columns[2].isList\":[\"1\"],\"columns[2].isQuery\":[\"1\"],\"columns[2].queryType\":[\"LIKE\"],\"columns[2].htmlType\":[\"input\"],\"columns[2].dictType\":[\"\"],\"columns[3].columnId\":[\"41\"],\"columns[3].sort\":[\"4\"],\"columns[3].columnComment\":[\"性别\"],\"columns[3].javaType\":[\"String\"],\"columns[3].javaField\":[\"stuGender\"],\"columns[3].isInsert\":[\"1\"],\"columns[3].isEdit\":[\"1\"],\"columns[3].isQuery\":[\"1\"],\"columns[3].queryType\":[\"EQ\"],\"columns[3].htmlType\":[\"input\"],\"columns[3].dictType\":[\"\"],\"columns[4].columnId\":[\"42\"],\"columns[4].sort\":[\"5\"],\"columns[4].columnComment\":[\"手机号\"],\"columns[4].javaType\":[\"String\"],\"columns[4].javaField\":[\"stuPhoneno\"],\"columns[4].isInsert\":[\"1\"],\"columns[4].isEdit\":[\"1\"],\"columns[4].isList\":[\"1\"],\"columns[4].isQuery\":[\"1\"],\"columns[4].queryType\":[\"EQ\"],\"columns[4].htmlType\":[\"input\"],\"columns[4].dictType\":[\"\"],\"columns[5].columnId\":[\"43\"],\"columns[5].sort\":[\"6\"],\"columns[5].columnComment\":[\"身份证号\"],\"columns[5].javaType\":[\"String\"],\"columns[5].javaField\":[\"stuIdcardno\"],\"columns[5].isInsert\":[\"1\"],\"columns[5].isEdit\":[\"1\"],\"columns[5].isList\":[\"1\"],\"co', '{\"msg\":\"操作成功\",\"code\":0}', 0, NULL, '2022-04-08 22:08:50');
INSERT INTO `sys_oper_log` VALUES (111, '代码生成', 8, 'com.ruoyi.project.tool.gen.controller.GenController.batchGenCode()', 'GET', 1, 'admin', '研发部门', '/tool/gen/batchGenCode', '127.0.0.1', '内网IP', '{\"tables\":[\"class,dormitory,major,student\"]}', NULL, 0, NULL, '2022-04-08 22:08:57');
INSERT INTO `sys_oper_log` VALUES (112, '菜单管理', 2, 'com.ruoyi.project.system.menu.controller.MenuController.editSave()', 'POST', 1, 'admin', '研发部门', '/system/menu/edit', '127.0.0.1', '内网IP', '{\"menuId\":[\"2001\"],\"parentId\":[\"2000\"],\"menuType\":[\"C\"],\"menuName\":[\"班级\"],\"url\":[\"/system/class\"],\"target\":[\"menuItem\"],\"perms\":[\"system:class:view\"],\"orderNum\":[\"1\"],\"icon\":[\"#\"],\"visible\":[\"0\"],\"isRefresh\":[\"1\"]}', '{\"msg\":\"操作成功\",\"code\":0}', 0, NULL, '2022-04-08 22:17:20');
INSERT INTO `sys_oper_log` VALUES (113, '菜单管理', 2, 'com.ruoyi.project.system.menu.controller.MenuController.editSave()', 'POST', 1, 'admin', '研发部门', '/system/menu/edit', '127.0.0.1', '内网IP', '{\"menuId\":[\"2007\"],\"parentId\":[\"2000\"],\"menuType\":[\"C\"],\"menuName\":[\"宿舍信息\"],\"url\":[\"/system/dormitory\"],\"target\":[\"menuItem\"],\"perms\":[\"system:dormitory:view\"],\"orderNum\":[\"1\"],\"icon\":[\"#\"],\"visible\":[\"0\"],\"isRefresh\":[\"1\"]}', '{\"msg\":\"操作成功\",\"code\":0}', 0, NULL, '2022-04-08 22:17:28');
INSERT INTO `sys_oper_log` VALUES (114, '菜单管理', 2, 'com.ruoyi.project.system.menu.controller.MenuController.editSave()', 'POST', 1, 'admin', '研发部门', '/system/menu/edit', '127.0.0.1', '内网IP', '{\"menuId\":[\"2013\"],\"parentId\":[\"2000\"],\"menuType\":[\"C\"],\"menuName\":[\"专业信息\"],\"url\":[\"/system/major\"],\"target\":[\"menuItem\"],\"perms\":[\"system:major:view\"],\"orderNum\":[\"1\"],\"icon\":[\"#\"],\"visible\":[\"0\"],\"isRefresh\":[\"1\"]}', '{\"msg\":\"操作成功\",\"code\":0}', 0, NULL, '2022-04-08 22:17:35');
INSERT INTO `sys_oper_log` VALUES (115, '菜单管理', 2, 'com.ruoyi.project.system.menu.controller.MenuController.editSave()', 'POST', 1, 'admin', '研发部门', '/system/menu/edit', '127.0.0.1', '内网IP', '{\"menuId\":[\"2019\"],\"parentId\":[\"2000\"],\"menuType\":[\"C\"],\"menuName\":[\"学生信息\"],\"url\":[\"/system/student\"],\"target\":[\"menuItem\"],\"perms\":[\"system:student:view\"],\"orderNum\":[\"1\"],\"icon\":[\"#\"],\"visible\":[\"0\"],\"isRefresh\":[\"1\"]}', '{\"msg\":\"操作成功\",\"code\":0}', 0, NULL, '2022-04-08 22:17:47');
INSERT INTO `sys_oper_log` VALUES (116, '角色管理', 2, 'com.ruoyi.project.system.role.controller.RoleController.editSave()', 'POST', 1, 'admin', '研发部门', '/system/role/edit', '127.0.0.1', '内网IP', '{\"roleId\":[\"2\"],\"roleName\":[\"普通角色\"],\"roleKey\":[\"common\"],\"roleSort\":[\"2\"],\"status\":[\"0\"],\"remark\":[\"普通角色\"],\"menuIds\":[\"1,100,1000,1001,1002,1003,1004,1005,1006,101,1007,1008,1009,1010,1011,2000,2001,2002,2003,2004,2005,2006,2007,2008,2009,2010,2011,2012,2013,2014,2015,2016,2017,2018,2019,2020,2021,2022,2023,2024\"]}', '{\"msg\":\"操作成功\",\"code\":0}', 0, NULL, '2022-04-08 22:18:03');
INSERT INTO `sys_oper_log` VALUES (117, '部门管理', 2, 'com.ruoyi.project.system.dept.controller.DeptController.editSave()', 'POST', 1, 'admin', '研发部门', '/system/dept/edit', '127.0.0.1', '内网IP', '{\"deptId\":[\"100\"],\"parentId\":[\"0\"],\"parentName\":[\"无\"],\"deptName\":[\"某某学院\"],\"orderNum\":[\"0\"],\"leader\":[\"若依\"],\"phone\":[\"15888888888\"],\"email\":[\"ry@qq.com\"],\"status\":[\"0\"]}', '{\"msg\":\"操作成功\",\"code\":0}', 0, NULL, '2022-04-08 22:23:22');
INSERT INTO `sys_oper_log` VALUES (118, '部门管理', 2, 'com.ruoyi.project.system.dept.controller.DeptController.editSave()', 'POST', 1, 'admin', '研发部门', '/system/dept/edit', '127.0.0.1', '内网IP', '{\"deptId\":[\"100\"],\"parentId\":[\"0\"],\"parentName\":[\"无\"],\"deptName\":[\"xx大学\"],\"orderNum\":[\"0\"],\"leader\":[\"若依\"],\"phone\":[\"15888888888\"],\"email\":[\"ry@qq.com\"],\"status\":[\"0\"]}', '{\"msg\":\"操作成功\",\"code\":0}', 0, NULL, '2022-04-08 22:23:38');
INSERT INTO `sys_oper_log` VALUES (119, '部门管理', 2, 'com.ruoyi.project.system.dept.controller.DeptController.editSave()', 'POST', 1, 'admin', '研发部门', '/system/dept/edit', '127.0.0.1', '内网IP', '{\"deptId\":[\"101\"],\"parentId\":[\"100\"],\"parentName\":[\"xx大学\"],\"deptName\":[\"信息科学与工程学院\"],\"orderNum\":[\"1\"],\"leader\":[\"若依\"],\"phone\":[\"15888888888\"],\"email\":[\"ry@qq.com\"],\"status\":[\"0\"]}', '{\"msg\":\"操作成功\",\"code\":0}', 0, NULL, '2022-04-08 22:23:55');
INSERT INTO `sys_oper_log` VALUES (120, '部门管理', 2, 'com.ruoyi.project.system.dept.controller.DeptController.editSave()', 'POST', 1, 'admin', '研发部门', '/system/dept/edit', '127.0.0.1', '内网IP', '{\"deptId\":[\"102\"],\"parentId\":[\"100\"],\"parentName\":[\"xx大学\"],\"deptName\":[\"外语学院\"],\"orderNum\":[\"2\"],\"leader\":[\"若依\"],\"phone\":[\"15888888888\"],\"email\":[\"ry@qq.com\"],\"status\":[\"0\"]}', '{\"msg\":\"操作成功\",\"code\":0}', 0, NULL, '2022-04-08 22:24:08');
INSERT INTO `sys_oper_log` VALUES (121, '部门管理', 2, 'com.ruoyi.project.system.dept.controller.DeptController.editSave()', 'POST', 1, 'admin', '研发部门', '/system/dept/edit', '127.0.0.1', '内网IP', '{\"deptId\":[\"103\"],\"parentId\":[\"101\"],\"parentName\":[\"信息科学与工程学院\"],\"deptName\":[\"计算机科学与技术\"],\"orderNum\":[\"1\"],\"leader\":[\"若依\"],\"phone\":[\"15888888888\"],\"email\":[\"ry@qq.com\"],\"status\":[\"0\"]}', '{\"msg\":\"操作成功\",\"code\":0}', 0, NULL, '2022-04-08 22:24:19');
INSERT INTO `sys_oper_log` VALUES (122, '部门管理', 2, 'com.ruoyi.project.system.dept.controller.DeptController.editSave()', 'POST', 1, 'admin', '研发部门', '/system/dept/edit', '127.0.0.1', '内网IP', '{\"deptId\":[\"105\"],\"parentId\":[\"101\"],\"parentName\":[\"信息科学与工程学院\"],\"deptName\":[\"通信工程\"],\"orderNum\":[\"3\"],\"leader\":[\"若依\"],\"phone\":[\"15888888888\"],\"email\":[\"ry@qq.com\"],\"status\":[\"0\"]}', '{\"msg\":\"操作成功\",\"code\":0}', 0, NULL, '2022-04-08 22:24:31');
INSERT INTO `sys_oper_log` VALUES (123, '部门管理', 3, 'com.ruoyi.project.system.dept.controller.DeptController.remove()', 'GET', 1, 'admin', '研发部门', '/system/dept/remove/104', '127.0.0.1', '内网IP', '104', '{\"msg\":\"操作成功\",\"code\":0}', 0, NULL, '2022-04-08 22:24:49');
INSERT INTO `sys_oper_log` VALUES (124, '部门管理', 3, 'com.ruoyi.project.system.dept.controller.DeptController.remove()', 'GET', 1, 'admin', '研发部门', '/system/dept/remove/106', '127.0.0.1', '内网IP', '106', '{\"msg\":\"操作成功\",\"code\":0}', 0, NULL, '2022-04-08 22:24:53');
INSERT INTO `sys_oper_log` VALUES (125, '部门管理', 2, 'com.ruoyi.project.system.dept.controller.DeptController.editSave()', 'POST', 1, 'admin', '研发部门', '/system/dept/edit', '127.0.0.1', '内网IP', '{\"deptId\":[\"107\"],\"parentId\":[\"101\"],\"parentName\":[\"信息科学与工程学院\"],\"deptName\":[\"财务\"],\"orderNum\":[\"5\"],\"leader\":[\"若依\"],\"phone\":[\"15888888888\"],\"email\":[\"ry@qq.com\"],\"status\":[\"0\"]}', '{\"msg\":\"操作成功\",\"code\":0}', 0, NULL, '2022-04-08 22:25:14');
INSERT INTO `sys_oper_log` VALUES (126, '部门管理', 2, 'com.ruoyi.project.system.dept.controller.DeptController.editSave()', 'POST', 1, 'admin', '研发部门', '/system/dept/edit', '127.0.0.1', '内网IP', '{\"deptId\":[\"108\"],\"parentId\":[\"102\"],\"parentName\":[\"外语学院\"],\"deptName\":[\"英语\"],\"orderNum\":[\"1\"],\"leader\":[\"若依\"],\"phone\":[\"15888888888\"],\"email\":[\"ry@qq.com\"],\"status\":[\"0\"]}', '{\"msg\":\"操作成功\",\"code\":0}', 0, NULL, '2022-04-08 22:25:23');
INSERT INTO `sys_oper_log` VALUES (127, '部门管理', 2, 'com.ruoyi.project.system.dept.controller.DeptController.editSave()', 'POST', 1, 'admin', '研发部门', '/system/dept/edit', '127.0.0.1', '内网IP', '{\"deptId\":[\"109\"],\"parentId\":[\"102\"],\"parentName\":[\"外语学院\"],\"deptName\":[\"西班牙语\"],\"orderNum\":[\"2\"],\"leader\":[\"若依\"],\"phone\":[\"15888888888\"],\"email\":[\"ry@qq.com\"],\"status\":[\"0\"]}', '{\"msg\":\"操作成功\",\"code\":0}', 0, NULL, '2022-04-08 22:25:32');
INSERT INTO `sys_oper_log` VALUES (128, '菜单管理', 2, 'com.ruoyi.project.system.menu.controller.MenuController.editSave()', 'POST', 1, 'admin', '研发部门', '/system/menu/edit', '127.0.0.1', '内网IP', '{\"menuId\":[\"103\"],\"parentId\":[\"1\"],\"menuType\":[\"C\"],\"menuName\":[\"组织机构管理\"],\"url\":[\"/system/dept\"],\"target\":[\"menuItem\"],\"perms\":[\"system:dept:view\"],\"orderNum\":[\"4\"],\"icon\":[\"fa fa-outdent\"],\"visible\":[\"0\"],\"isRefresh\":[\"1\"]}', '{\"msg\":\"操作成功\",\"code\":0}', 0, NULL, '2022-04-08 22:26:09');
INSERT INTO `sys_oper_log` VALUES (129, '菜单管理', 2, 'com.ruoyi.project.system.menu.controller.MenuController.editSave()', 'POST', 1, 'admin', '研发部门', '/system/menu/edit', '127.0.0.1', '内网IP', '{\"menuId\":[\"103\"],\"parentId\":[\"1\"],\"menuType\":[\"C\"],\"menuName\":[\"院系专业\"],\"url\":[\"/system/dept\"],\"target\":[\"menuItem\"],\"perms\":[\"system:dept:view\"],\"orderNum\":[\"4\"],\"icon\":[\"fa fa-outdent\"],\"visible\":[\"0\"],\"isRefresh\":[\"1\"]}', '{\"msg\":\"操作成功\",\"code\":0}', 0, NULL, '2022-04-08 22:26:31');
INSERT INTO `sys_oper_log` VALUES (130, '代码生成', 2, 'com.ruoyi.project.tool.gen.controller.GenController.synchDb()', 'GET', 1, 'admin', '计算机科学与技术', '/tool/gen/synchDb/class', '127.0.0.1', '内网IP', '\"class\"', NULL, 1, '同步数据失败，原表结构不存在', '2022-04-08 22:35:40');
INSERT INTO `sys_oper_log` VALUES (131, '代码生成', 6, 'com.ruoyi.project.tool.gen.controller.GenController.importTableSave()', 'POST', 1, 'admin', '计算机科学与技术', '/tool/gen/importTable', '127.0.0.1', '内网IP', '{\"tables\":[\"class1\"]}', '{\"msg\":\"操作成功\",\"code\":0}', 0, NULL, '2022-04-08 22:35:46');
INSERT INTO `sys_oper_log` VALUES (132, '代码生成', 2, 'com.ruoyi.project.tool.gen.controller.GenController.editSave()', 'POST', 1, 'admin', '计算机科学与技术', '/tool/gen/edit', '127.0.0.1', '内网IP', '{\"tableId\":[\"5\"],\"tableName\":[\"class1\"],\"tableComment\":[\"班级表\"],\"className\":[\"Class1\"],\"functionAuthor\":[\"ruoyi\"],\"remark\":[\"\"],\"columns[0].columnId\":[\"60\"],\"columns[0].sort\":[\"1\"],\"columns[0].columnComment\":[\"班级id\"],\"columns[0].javaType\":[\"Long\"],\"columns[0].javaField\":[\"classId\"],\"columns[0].queryType\":[\"EQ\"],\"columns[0].htmlType\":[\"input\"],\"columns[0].dictType\":[\"\"],\"columns[1].columnId\":[\"61\"],\"columns[1].sort\":[\"2\"],\"columns[1].columnComment\":[\"班级名称\"],\"columns[1].javaType\":[\"String\"],\"columns[1].javaField\":[\"className\"],\"columns[1].isInsert\":[\"1\"],\"columns[1].isEdit\":[\"1\"],\"columns[1].isList\":[\"1\"],\"columns[1].isQuery\":[\"1\"],\"columns[1].queryType\":[\"LIKE\"],\"columns[1].htmlType\":[\"input\"],\"columns[1].dictType\":[\"\"],\"columns[2].columnId\":[\"62\"],\"columns[2].sort\":[\"3\"],\"columns[2].columnComment\":[\"专业\"],\"columns[2].javaType\":[\"Long\"],\"columns[2].javaField\":[\"classMajorid\"],\"columns[2].isInsert\":[\"1\"],\"columns[2].isEdit\":[\"1\"],\"columns[2].isQuery\":[\"1\"],\"columns[2].queryType\":[\"EQ\"],\"columns[2].htmlType\":[\"input\"],\"columns[2].dictType\":[\"\"],\"columns[3].columnId\":[\"63\"],\"columns[3].sort\":[\"4\"],\"columns[3].columnComment\":[\"专业\"],\"columns[3].javaType\":[\"String\"],\"columns[3].javaField\":[\"classMajor\"],\"columns[3].isList\":[\"1\"],\"columns[3].queryType\":[\"EQ\"],\"columns[3].htmlType\":[\"input\"],\"columns[3].dictType\":[\"\"],\"columns[4].columnId\":[\"64\"],\"columns[4].sort\":[\"5\"],\"columns[4].columnComment\":[\"备注\"],\"columns[4].javaType\":[\"String\"],\"columns[4].javaField\":[\"remark\"],\"columns[4].isInsert\":[\"1\"],\"columns[4].isEdit\":[\"1\"],\"columns[4].isList\":[\"1\"],\"columns[4].queryType\":[\"EQ\"],\"columns[4].htmlType\":[\"input\"],\"columns[4].dictType\":[\"\"],\"columns[5].columnId\":[\"65\"],\"columns[5].sort\":[\"6\"],\"columns[5].columnComment\":[\"删除标记\"],\"columns[5].javaType\":[\"String\"],\"columns[5].javaField\":[\"delflag\"],\"columns[5].queryType\":[\"EQ\"],\"columns[5].htmlType\":[\"input\"],\"columns[5].dictType\":[\"\"],\"columns[6].columnId\":[\"66\"],\"columns[6].sort\":[\"7\"],\"columns[6].columnComment\":[\"创建人id\"],\"columns[6].', '{\"msg\":\"操作成功\",\"code\":0}', 0, NULL, '2022-04-09 10:35:37');
INSERT INTO `sys_oper_log` VALUES (133, '代码生成', 8, 'com.ruoyi.project.tool.gen.controller.GenController.download()', 'GET', 1, 'admin', '计算机科学与技术', '/tool/gen/download/class1', '127.0.0.1', '内网IP', '\"class1\"', NULL, 0, NULL, '2022-04-09 10:36:01');
INSERT INTO `sys_oper_log` VALUES (134, '菜单管理', 3, 'com.ruoyi.project.system.menu.controller.MenuController.remove()', 'GET', 1, 'admin', '计算机科学与技术', '/system/menu/remove/2002', '127.0.0.1', '内网IP', '2002', '{\"msg\":\"菜单已分配,不允许删除\",\"code\":301}', 0, NULL, '2022-04-09 10:37:30');
INSERT INTO `sys_oper_log` VALUES (135, '角色管理', 2, 'com.ruoyi.project.system.role.controller.RoleController.editSave()', 'POST', 1, 'admin', '计算机科学与技术', '/system/role/edit', '127.0.0.1', '内网IP', '{\"roleId\":[\"2\"],\"roleName\":[\"普通角色\"],\"roleKey\":[\"common\"],\"roleSort\":[\"2\"],\"status\":[\"0\"],\"remark\":[\"普通角色\"],\"menuIds\":[\"1,100,1000,1001,1002,1003,1004,1005,1006,101,1007,1008,1009,1010,1011,2000,2007,2008,2009,2010,2011,2012,2013,2014,2015,2016,2017,2018,2019,2020,2021,2022,2023,2024\"]}', '{\"msg\":\"操作成功\",\"code\":0}', 0, NULL, '2022-04-09 10:37:47');
INSERT INTO `sys_oper_log` VALUES (136, '菜单管理', 3, 'com.ruoyi.project.system.menu.controller.MenuController.remove()', 'GET', 1, 'admin', '计算机科学与技术', '/system/menu/remove/2002', '127.0.0.1', '内网IP', '2002', '{\"msg\":\"操作成功\",\"code\":0}', 0, NULL, '2022-04-09 10:37:52');
INSERT INTO `sys_oper_log` VALUES (137, '菜单管理', 3, 'com.ruoyi.project.system.menu.controller.MenuController.remove()', 'GET', 1, 'admin', '计算机科学与技术', '/system/menu/remove/2003', '127.0.0.1', '内网IP', '2003', '{\"msg\":\"操作成功\",\"code\":0}', 0, NULL, '2022-04-09 10:37:59');
INSERT INTO `sys_oper_log` VALUES (138, '菜单管理', 3, 'com.ruoyi.project.system.menu.controller.MenuController.remove()', 'GET', 1, 'admin', '计算机科学与技术', '/system/menu/remove/2004', '127.0.0.1', '内网IP', '2004', '{\"msg\":\"操作成功\",\"code\":0}', 0, NULL, '2022-04-09 10:38:04');
INSERT INTO `sys_oper_log` VALUES (139, '菜单管理', 3, 'com.ruoyi.project.system.menu.controller.MenuController.remove()', 'GET', 1, 'admin', '计算机科学与技术', '/system/menu/remove/2005', '127.0.0.1', '内网IP', '2005', '{\"msg\":\"操作成功\",\"code\":0}', 0, NULL, '2022-04-09 10:38:08');
INSERT INTO `sys_oper_log` VALUES (140, '菜单管理', 3, 'com.ruoyi.project.system.menu.controller.MenuController.remove()', 'GET', 1, 'admin', '计算机科学与技术', '/system/menu/remove/2006', '127.0.0.1', '内网IP', '2006', '{\"msg\":\"操作成功\",\"code\":0}', 0, NULL, '2022-04-09 10:38:14');
INSERT INTO `sys_oper_log` VALUES (141, '菜单管理', 3, 'com.ruoyi.project.system.menu.controller.MenuController.remove()', 'GET', 1, 'admin', '计算机科学与技术', '/system/menu/remove/2001', '127.0.0.1', '内网IP', '2001', '{\"msg\":\"操作成功\",\"code\":0}', 0, NULL, '2022-04-09 10:38:19');
INSERT INTO `sys_oper_log` VALUES (142, '菜单管理', 2, 'com.ruoyi.project.system.menu.controller.MenuController.editSave()', 'POST', 1, 'admin', '计算机科学与技术', '/system/menu/edit', '127.0.0.1', '内网IP', '{\"menuId\":[\"2025\"],\"parentId\":[\"2000\"],\"menuType\":[\"C\"],\"menuName\":[\"班级\"],\"url\":[\"/system/class1\"],\"target\":[\"menuItem\"],\"perms\":[\"system:class1:view\"],\"orderNum\":[\"1\"],\"icon\":[\"#\"],\"visible\":[\"0\"],\"isRefresh\":[\"1\"]}', '{\"msg\":\"操作成功\",\"code\":0}', 0, NULL, '2022-04-09 10:54:19');
INSERT INTO `sys_oper_log` VALUES (143, '角色管理', 2, 'com.ruoyi.project.system.role.controller.RoleController.editSave()', 'POST', 1, 'admin', '计算机科学与技术', '/system/role/edit', '127.0.0.1', '内网IP', '{\"roleId\":[\"2\"],\"roleName\":[\"普通角色\"],\"roleKey\":[\"common\"],\"roleSort\":[\"2\"],\"status\":[\"0\"],\"remark\":[\"普通角色\"],\"menuIds\":[\"1,100,1000,1001,1002,1003,1004,1005,1006,101,1007,1008,1009,1010,1011,2000,2007,2008,2009,2010,2011,2012,2013,2014,2015,2016,2017,2018,2019,2020,2021,2022,2023,2024,2025,2026,2027,2028,2029,2030\"]}', '{\"msg\":\"操作成功\",\"code\":0}', 0, NULL, '2022-04-09 10:55:45');
INSERT INTO `sys_oper_log` VALUES (144, '通知公告', 3, 'com.ruoyi.project.system.notice.controller.NoticeController.remove()', 'POST', 1, 'admin', '计算机科学与技术', '/system/notice/remove', '127.0.0.1', '内网IP', '{\"ids\":[\"2\"]}', '{\"msg\":\"操作成功\",\"code\":0}', 0, NULL, '2022-04-09 13:25:24');
INSERT INTO `sys_oper_log` VALUES (145, '通知公告', 2, 'com.ruoyi.project.system.notice.controller.NoticeController.editSave()', 'POST', 1, 'admin', '计算机科学与技术', '/system/notice/edit', '127.0.0.1', '内网IP', '{\"noticeId\":[\"1\"],\"noticeTitle\":[\"通知：所有人4月7日前完成本学年学费缴纳\"],\"noticeType\":[\"2\"],\"noticeContent\":[\"新版本内容\"],\"status\":[\"0\"]}', '{\"msg\":\"操作成功\",\"code\":0}', 0, NULL, '2022-04-09 13:26:08');
INSERT INTO `sys_oper_log` VALUES (146, '参数管理', 9, 'com.ruoyi.project.system.config.controller.ConfigController.refreshCache()', 'GET', 1, 'admin', '计算机科学与技术', '/system/config/refreshCache', '127.0.0.1', '内网IP', '', '{\"msg\":\"操作成功\",\"code\":0}', 0, NULL, '2022-04-09 13:30:15');
INSERT INTO `sys_oper_log` VALUES (147, '部门管理', 1, 'com.ruoyi.project.system.dept.controller.DeptController.addSave()', 'POST', 1, 'admin', '计算机科学与技术', '/system/dept/add', '127.0.0.1', '内网IP', '{\"parentId\":[\"100\"],\"deptName\":[\"财务部\"],\"orderNum\":[\"1\"],\"leader\":[\"\"],\"phone\":[\"\"],\"email\":[\"\"],\"status\":[\"0\"]}', '{\"msg\":\"操作成功\",\"code\":0}', 0, NULL, '2022-04-09 13:31:11');
INSERT INTO `sys_oper_log` VALUES (148, '部门管理', 3, 'com.ruoyi.project.system.dept.controller.DeptController.remove()', 'GET', 1, 'admin', '计算机科学与技术', '/system/dept/remove/107', '127.0.0.1', '内网IP', '107', '{\"msg\":\"操作成功\",\"code\":0}', 0, NULL, '2022-04-09 13:31:54');
INSERT INTO `sys_oper_log` VALUES (149, '部门管理', 2, 'com.ruoyi.project.system.dept.controller.DeptController.editSave()', 'POST', 1, 'admin', '计算机科学与技术', '/system/dept/edit', '127.0.0.1', '内网IP', '{\"deptId\":[\"101\"],\"parentId\":[\"100\"],\"parentName\":[\"xx大学\"],\"deptName\":[\"信息科学与工程学院\"],\"orderNum\":[\"3\"],\"leader\":[\"若依\"],\"phone\":[\"15888888888\"],\"email\":[\"ry@qq.com\"],\"status\":[\"0\"]}', '{\"msg\":\"操作成功\",\"code\":0}', 0, NULL, '2022-04-09 13:32:05');
INSERT INTO `sys_oper_log` VALUES (150, '角色管理', 2, 'com.ruoyi.project.system.role.controller.RoleController.editSave()', 'POST', 1, 'admin', '计算机科学与技术', '/system/role/edit', '127.0.0.1', '内网IP', '{\"roleId\":[\"2\"],\"roleName\":[\"普通角色\"],\"roleKey\":[\"common\"],\"roleSort\":[\"2\"],\"status\":[\"0\"],\"remark\":[\"普通角色\"],\"menuIds\":[\"1,100,1000,1001,1002,1003,1004,1005,1006,101,1007,1008,1009,1010,1011,103,1016,1017,1018,1019,105,1025,1026,1027,1028,1029,107,1035,1036,1037,1038,2000,2007,2008,2009,2010,2011,2012,2013,2014,2015,2016,2017,2018,2019,2020,2021,2022,2023,2024,2025,2026,2027,2028,2029,2030\"]}', '{\"msg\":\"操作成功\",\"code\":0}', 0, NULL, '2022-04-09 13:34:44');
INSERT INTO `sys_oper_log` VALUES (151, '代码生成', 6, 'com.ruoyi.project.tool.gen.controller.GenController.importTableSave()', 'POST', 1, 'admin', '计算机科学与技术', '/tool/gen/importTable', '127.0.0.1', '内网IP', '{\"tables\":[\"checkin,comp_news,leaveword,payment_item,payment_record\"]}', '{\"msg\":\"操作成功\",\"code\":0}', 0, NULL, '2022-04-09 14:26:33');
INSERT INTO `sys_oper_log` VALUES (152, '代码生成', 2, 'com.ruoyi.project.tool.gen.controller.GenController.editSave()', 'POST', 1, 'admin', '计算机科学与技术', '/tool/gen/edit', '127.0.0.1', '内网IP', '{\"tableId\":[\"7\"],\"tableName\":[\"comp_news\"],\"tableComment\":[\"校园新闻\"],\"className\":[\"CompNews\"],\"functionAuthor\":[\"ruoyi\"],\"remark\":[\"\"],\"columns[0].columnId\":[\"88\"],\"columns[0].sort\":[\"1\"],\"columns[0].columnComment\":[\"新闻id\"],\"columns[0].javaType\":[\"Long\"],\"columns[0].javaField\":[\"newsId\"],\"columns[0].queryType\":[\"EQ\"],\"columns[0].htmlType\":[\"input\"],\"columns[0].dictType\":[\"\"],\"columns[1].columnId\":[\"89\"],\"columns[1].sort\":[\"2\"],\"columns[1].columnComment\":[\"用户ID\"],\"columns[1].javaType\":[\"Long\"],\"columns[1].javaField\":[\"newsUserid\"],\"columns[1].isInsert\":[\"1\"],\"columns[1].isEdit\":[\"1\"],\"columns[1].isQuery\":[\"1\"],\"columns[1].queryType\":[\"EQ\"],\"columns[1].htmlType\":[\"input\"],\"columns[1].dictType\":[\"\"],\"columns[2].columnId\":[\"90\"],\"columns[2].sort\":[\"3\"],\"columns[2].columnComment\":[\"用户名\"],\"columns[2].javaType\":[\"String\"],\"columns[2].javaField\":[\"newsUsername\"],\"columns[2].isList\":[\"1\"],\"columns[2].queryType\":[\"LIKE\"],\"columns[2].htmlType\":[\"input\"],\"columns[2].dictType\":[\"\"],\"columns[3].columnId\":[\"91\"],\"columns[3].sort\":[\"4\"],\"columns[3].columnComment\":[\"标题\"],\"columns[3].javaType\":[\"String\"],\"columns[3].javaField\":[\"newsTitle\"],\"columns[3].isInsert\":[\"1\"],\"columns[3].isEdit\":[\"1\"],\"columns[3].isList\":[\"1\"],\"columns[3].isQuery\":[\"1\"],\"columns[3].queryType\":[\"EQ\"],\"columns[3].htmlType\":[\"input\"],\"columns[3].dictType\":[\"\"],\"columns[4].columnId\":[\"92\"],\"columns[4].sort\":[\"5\"],\"columns[4].columnComment\":[\"新闻内容\"],\"columns[4].javaType\":[\"String\"],\"columns[4].javaField\":[\"newsContent\"],\"columns[4].isInsert\":[\"1\"],\"columns[4].isEdit\":[\"1\"],\"columns[4].isList\":[\"1\"],\"columns[4].queryType\":[\"EQ\"],\"columns[4].htmlType\":[\"summernote\"],\"columns[4].dictType\":[\"\"],\"columns[5].columnId\":[\"93\"],\"columns[5].sort\":[\"6\"],\"columns[5].columnComment\":[\"状态\"],\"columns[5].javaType\":[\"String\"],\"columns[5].javaField\":[\"newsStatuscode\"],\"columns[5].isInsert\":[\"1\"],\"columns[5].isEdit\":[\"1\"],\"columns[5].isQuery\":[\"1\"],\"columns[5].queryType\":[\"EQ\"],\"columns[5].htmlType\":[\"input\"],\"columns[5].dictType\":[\"\"', '{\"msg\":\"操作成功\",\"code\":0}', 0, NULL, '2022-04-09 14:27:55');
INSERT INTO `sys_oper_log` VALUES (153, '代码生成', 2, 'com.ruoyi.project.tool.gen.controller.GenController.editSave()', 'POST', 1, 'admin', '计算机科学与技术', '/tool/gen/edit', '127.0.0.1', '内网IP', '{\"tableId\":[\"8\"],\"tableName\":[\"leaveword\"],\"tableComment\":[\"留言\"],\"className\":[\"Leaveword\"],\"functionAuthor\":[\"ruoyi\"],\"remark\":[\"\"],\"columns[0].columnId\":[\"105\"],\"columns[0].sort\":[\"1\"],\"columns[0].columnComment\":[\"留言id\"],\"columns[0].javaType\":[\"Long\"],\"columns[0].javaField\":[\"lwId\"],\"columns[0].queryType\":[\"EQ\"],\"columns[0].htmlType\":[\"input\"],\"columns[0].dictType\":[\"\"],\"columns[1].columnId\":[\"106\"],\"columns[1].sort\":[\"2\"],\"columns[1].columnComment\":[\"留言学生\"],\"columns[1].javaType\":[\"Long\"],\"columns[1].javaField\":[\"lwStuid\"],\"columns[1].queryType\":[\"EQ\"],\"columns[1].htmlType\":[\"input\"],\"columns[1].dictType\":[\"\"],\"columns[2].columnId\":[\"107\"],\"columns[2].sort\":[\"3\"],\"columns[2].columnComment\":[\"留言学生\"],\"columns[2].javaType\":[\"String\"],\"columns[2].javaField\":[\"lwStuno\"],\"columns[2].isInsert\":[\"1\"],\"columns[2].isEdit\":[\"1\"],\"columns[2].isQuery\":[\"1\"],\"columns[2].queryType\":[\"EQ\"],\"columns[2].htmlType\":[\"input\"],\"columns[2].dictType\":[\"\"],\"columns[3].columnId\":[\"108\"],\"columns[3].sort\":[\"4\"],\"columns[3].columnComment\":[\"留言学生\"],\"columns[3].javaType\":[\"String\"],\"columns[3].javaField\":[\"lwStuname\"],\"columns[3].isList\":[\"1\"],\"columns[3].queryType\":[\"LIKE\"],\"columns[3].htmlType\":[\"input\"],\"columns[3].dictType\":[\"\"],\"columns[4].columnId\":[\"109\"],\"columns[4].sort\":[\"5\"],\"columns[4].columnComment\":[\"留言内容\"],\"columns[4].javaType\":[\"String\"],\"columns[4].javaField\":[\"lwContent\"],\"columns[4].isInsert\":[\"1\"],\"columns[4].isEdit\":[\"1\"],\"columns[4].isList\":[\"1\"],\"columns[4].queryType\":[\"EQ\"],\"columns[4].htmlType\":[\"summernote\"],\"columns[4].dictType\":[\"\"],\"columns[5].columnId\":[\"110\"],\"columns[5].sort\":[\"6\"],\"columns[5].columnComment\":[\"留言时间\"],\"columns[5].javaType\":[\"Date\"],\"columns[5].javaField\":[\"lwLeavetime\"],\"columns[5].isInsert\":[\"1\"],\"columns[5].isEdit\":[\"1\"],\"columns[5].isList\":[\"1\"],\"columns[5].isQuery\":[\"1\"],\"columns[5].queryType\":[\"EQ\"],\"columns[5].htmlType\":[\"datetime\"],\"columns[5].dictType\":[\"\"],\"columns[6].columnId\":[\"111\"],\"columns[6].sort\":[\"7\"],\"columns[6].columnComment\":[\"', '{\"msg\":\"操作成功\",\"code\":0}', 0, NULL, '2022-04-09 14:29:43');
INSERT INTO `sys_oper_log` VALUES (154, '代码生成', 2, 'com.ruoyi.project.tool.gen.controller.GenController.editSave()', 'POST', 1, 'admin', '计算机科学与技术', '/tool/gen/edit', '127.0.0.1', '内网IP', '{\"tableId\":[\"9\"],\"tableName\":[\"payment_item\"],\"tableComment\":[\"缴费项目\"],\"className\":[\"PaymentItem\"],\"functionAuthor\":[\"ruoyi\"],\"remark\":[\"\"],\"columns[0].columnId\":[\"118\"],\"columns[0].sort\":[\"1\"],\"columns[0].columnComment\":[\"缴费项id\"],\"columns[0].javaType\":[\"Long\"],\"columns[0].javaField\":[\"piId\"],\"columns[0].queryType\":[\"EQ\"],\"columns[0].htmlType\":[\"input\"],\"columns[0].dictType\":[\"\"],\"columns[1].columnId\":[\"119\"],\"columns[1].sort\":[\"2\"],\"columns[1].columnComment\":[\"缴费项名称\"],\"columns[1].javaType\":[\"String\"],\"columns[1].javaField\":[\"piName\"],\"columns[1].isInsert\":[\"1\"],\"columns[1].isEdit\":[\"1\"],\"columns[1].isList\":[\"1\"],\"columns[1].isQuery\":[\"1\"],\"columns[1].queryType\":[\"LIKE\"],\"columns[1].htmlType\":[\"input\"],\"columns[1].dictType\":[\"\"],\"columns[2].columnId\":[\"120\"],\"columns[2].sort\":[\"3\"],\"columns[2].columnComment\":[\"缴费金额\"],\"columns[2].javaType\":[\"BigDecimal\"],\"columns[2].javaField\":[\"piAmount\"],\"columns[2].isInsert\":[\"1\"],\"columns[2].isEdit\":[\"1\"],\"columns[2].isList\":[\"1\"],\"columns[2].queryType\":[\"EQ\"],\"columns[2].htmlType\":[\"input\"],\"columns[2].dictType\":[\"\"],\"columns[3].columnId\":[\"121\"],\"columns[3].sort\":[\"4\"],\"columns[3].columnComment\":[\"截止时间\"],\"columns[3].javaType\":[\"Date\"],\"columns[3].javaField\":[\"piDeadline\"],\"columns[3].isInsert\":[\"1\"],\"columns[3].isEdit\":[\"1\"],\"columns[3].isList\":[\"1\"],\"columns[3].isQuery\":[\"1\"],\"columns[3].queryType\":[\"EQ\"],\"columns[3].htmlType\":[\"datetime\"],\"columns[3].dictType\":[\"\"],\"columns[4].columnId\":[\"122\"],\"columns[4].sort\":[\"5\"],\"columns[4].columnComment\":[\"备注\"],\"columns[4].javaType\":[\"String\"],\"columns[4].javaField\":[\"remark\"],\"columns[4].isInsert\":[\"1\"],\"columns[4].isEdit\":[\"1\"],\"columns[4].queryType\":[\"EQ\"],\"columns[4].htmlType\":[\"input\"],\"columns[4].dictType\":[\"\"],\"columns[5].columnId\":[\"123\"],\"columns[5].sort\":[\"6\"],\"columns[5].columnComment\":[\"删除标记\"],\"columns[5].javaType\":[\"Integer\"],\"columns[5].javaField\":[\"delflag\"],\"columns[5].queryType\":[\"EQ\"],\"columns[5].htmlType\":[\"input\"],\"columns[5].dictType\":[\"\"],\"columns[6].columnId\":[\"12', '{\"msg\":\"操作成功\",\"code\":0}', 0, NULL, '2022-04-09 14:30:49');
INSERT INTO `sys_oper_log` VALUES (155, '代码生成', 2, 'com.ruoyi.project.tool.gen.controller.GenController.editSave()', 'POST', 1, 'admin', '计算机科学与技术', '/tool/gen/edit', '127.0.0.1', '内网IP', '{\"tableId\":[\"10\"],\"tableName\":[\"payment_record\"],\"tableComment\":[\"缴费记录\"],\"className\":[\"PaymentRecord\"],\"functionAuthor\":[\"ruoyi\"],\"remark\":[\"\"],\"columns[0].columnId\":[\"130\"],\"columns[0].sort\":[\"1\"],\"columns[0].columnComment\":[\"缴费记录id\"],\"columns[0].javaType\":[\"Long\"],\"columns[0].javaField\":[\"prId\"],\"columns[0].queryType\":[\"EQ\"],\"columns[0].htmlType\":[\"input\"],\"columns[0].dictType\":[\"\"],\"columns[1].columnId\":[\"131\"],\"columns[1].sort\":[\"2\"],\"columns[1].columnComment\":[\"缴费项\"],\"columns[1].javaType\":[\"Long\"],\"columns[1].javaField\":[\"prPiid\"],\"columns[1].isInsert\":[\"1\"],\"columns[1].isEdit\":[\"1\"],\"columns[1].isQuery\":[\"1\"],\"columns[1].queryType\":[\"EQ\"],\"columns[1].htmlType\":[\"input\"],\"columns[1].dictType\":[\"\"],\"columns[2].columnId\":[\"132\"],\"columns[2].sort\":[\"3\"],\"columns[2].columnComment\":[\"缴费项\"],\"columns[2].javaType\":[\"String\"],\"columns[2].javaField\":[\"prPiname\"],\"columns[2].isList\":[\"1\"],\"columns[2].queryType\":[\"LIKE\"],\"columns[2].htmlType\":[\"input\"],\"columns[2].dictType\":[\"\"],\"columns[3].columnId\":[\"133\"],\"columns[3].sort\":[\"4\"],\"columns[3].columnComment\":[\"缴费学生\"],\"columns[3].javaType\":[\"Long\"],\"columns[3].javaField\":[\"prStuid\"],\"columns[3].isInsert\":[\"1\"],\"columns[3].queryType\":[\"EQ\"],\"columns[3].htmlType\":[\"input\"],\"columns[3].dictType\":[\"\"],\"columns[4].columnId\":[\"134\"],\"columns[4].sort\":[\"5\"],\"columns[4].columnComment\":[\"缴费学生\"],\"columns[4].javaType\":[\"String\"],\"columns[4].javaField\":[\"prStuno\"],\"columns[4].isInsert\":[\"1\"],\"columns[4].isEdit\":[\"1\"],\"columns[4].isQuery\":[\"1\"],\"columns[4].queryType\":[\"EQ\"],\"columns[4].htmlType\":[\"input\"],\"columns[4].dictType\":[\"\"],\"columns[5].columnId\":[\"135\"],\"columns[5].sort\":[\"6\"],\"columns[5].columnComment\":[\"缴费学生\"],\"columns[5].javaType\":[\"String\"],\"columns[5].javaField\":[\"prStuname\"],\"columns[5].isList\":[\"1\"],\"columns[5].queryType\":[\"LIKE\"],\"columns[5].htmlType\":[\"input\"],\"columns[5].dictType\":[\"\"],\"columns[6].columnId\":[\"136\"],\"columns[6].sort\":[\"7\"],\"columns[6].columnComment\":[\"缴费时间\"],\"columns[6].javaType\":[\"Date\"],\"columns[6].ja', '{\"msg\":\"操作成功\",\"code\":0}', 0, NULL, '2022-04-09 14:31:56');
INSERT INTO `sys_oper_log` VALUES (156, '代码生成', 2, 'com.ruoyi.project.tool.gen.controller.GenController.editSave()', 'POST', 1, 'admin', '计算机科学与技术', '/tool/gen/edit', '127.0.0.1', '内网IP', '{\"tableId\":[\"8\"],\"tableName\":[\"leaveword\"],\"tableComment\":[\"留言\"],\"className\":[\"Leaveword\"],\"functionAuthor\":[\"ruoyi\"],\"remark\":[\"\"],\"columns[0].columnId\":[\"105\"],\"columns[0].sort\":[\"1\"],\"columns[0].columnComment\":[\"留言id\"],\"columns[0].javaType\":[\"Long\"],\"columns[0].javaField\":[\"lwId\"],\"columns[0].queryType\":[\"EQ\"],\"columns[0].htmlType\":[\"input\"],\"columns[0].dictType\":[\"\"],\"columns[1].columnId\":[\"106\"],\"columns[1].sort\":[\"2\"],\"columns[1].columnComment\":[\"留言学生\"],\"columns[1].javaType\":[\"Long\"],\"columns[1].javaField\":[\"lwStuid\"],\"columns[1].isInsert\":[\"1\"],\"columns[1].queryType\":[\"EQ\"],\"columns[1].htmlType\":[\"input\"],\"columns[1].dictType\":[\"\"],\"columns[2].columnId\":[\"107\"],\"columns[2].sort\":[\"3\"],\"columns[2].columnComment\":[\"留言学生\"],\"columns[2].javaType\":[\"String\"],\"columns[2].javaField\":[\"lwStuno\"],\"columns[2].isInsert\":[\"1\"],\"columns[2].isEdit\":[\"1\"],\"columns[2].isQuery\":[\"1\"],\"columns[2].queryType\":[\"EQ\"],\"columns[2].htmlType\":[\"input\"],\"columns[2].dictType\":[\"\"],\"columns[3].columnId\":[\"108\"],\"columns[3].sort\":[\"4\"],\"columns[3].columnComment\":[\"留言学生\"],\"columns[3].javaType\":[\"String\"],\"columns[3].javaField\":[\"lwStuname\"],\"columns[3].isList\":[\"1\"],\"columns[3].queryType\":[\"LIKE\"],\"columns[3].htmlType\":[\"input\"],\"columns[3].dictType\":[\"\"],\"columns[4].columnId\":[\"109\"],\"columns[4].sort\":[\"5\"],\"columns[4].columnComment\":[\"留言内容\"],\"columns[4].javaType\":[\"String\"],\"columns[4].javaField\":[\"lwContent\"],\"columns[4].isInsert\":[\"1\"],\"columns[4].isEdit\":[\"1\"],\"columns[4].isList\":[\"1\"],\"columns[4].queryType\":[\"EQ\"],\"columns[4].htmlType\":[\"summernote\"],\"columns[4].dictType\":[\"\"],\"columns[5].columnId\":[\"110\"],\"columns[5].sort\":[\"6\"],\"columns[5].columnComment\":[\"留言时间\"],\"columns[5].javaType\":[\"Date\"],\"columns[5].javaField\":[\"lwLeavetime\"],\"columns[5].isInsert\":[\"1\"],\"columns[5].isEdit\":[\"1\"],\"columns[5].isList\":[\"1\"],\"columns[5].isQuery\":[\"1\"],\"columns[5].queryType\":[\"EQ\"],\"columns[5].htmlType\":[\"datetime\"],\"columns[5].dictType\":[\"\"],\"columns[6].columnId\":[\"111\"],\"columns[6].sort\":[\"7\"],\"', '{\"msg\":\"操作成功\",\"code\":0}', 0, NULL, '2022-04-09 14:32:19');
INSERT INTO `sys_oper_log` VALUES (157, '代码生成', 2, 'com.ruoyi.project.tool.gen.controller.GenController.editSave()', 'POST', 1, 'admin', '计算机科学与技术', '/tool/gen/edit', '127.0.0.1', '内网IP', '{\"tableId\":[\"6\"],\"tableName\":[\"checkin\"],\"tableComment\":[\"新生报到记录\"],\"className\":[\"Checkin\"],\"functionAuthor\":[\"ruoyi\"],\"remark\":[\"\"],\"columns[0].columnId\":[\"72\"],\"columns[0].sort\":[\"1\"],\"columns[0].columnComment\":[\"报到记录id\"],\"columns[0].javaType\":[\"Long\"],\"columns[0].javaField\":[\"checkinId\"],\"columns[0].queryType\":[\"EQ\"],\"columns[0].htmlType\":[\"input\"],\"columns[0].dictType\":[\"\"],\"columns[1].columnId\":[\"73\"],\"columns[1].sort\":[\"2\"],\"columns[1].columnComment\":[\"报到学生\"],\"columns[1].javaType\":[\"Long\"],\"columns[1].javaField\":[\"checkinStuid\"],\"columns[1].queryType\":[\"EQ\"],\"columns[1].htmlType\":[\"input\"],\"columns[1].dictType\":[\"\"],\"columns[2].columnId\":[\"74\"],\"columns[2].sort\":[\"3\"],\"columns[2].columnComment\":[\"报到学生\"],\"columns[2].javaType\":[\"String\"],\"columns[2].javaField\":[\"checkinStuno\"],\"columns[2].isInsert\":[\"1\"],\"columns[2].isEdit\":[\"1\"],\"columns[2].isQuery\":[\"1\"],\"columns[2].queryType\":[\"EQ\"],\"columns[2].htmlType\":[\"input\"],\"columns[2].dictType\":[\"\"],\"columns[3].columnId\":[\"75\"],\"columns[3].sort\":[\"4\"],\"columns[3].columnComment\":[\"报到学生\"],\"columns[3].javaType\":[\"String\"],\"columns[3].javaField\":[\"checkinStuname\"],\"columns[3].isList\":[\"1\"],\"columns[3].queryType\":[\"LIKE\"],\"columns[3].htmlType\":[\"input\"],\"columns[3].dictType\":[\"\"],\"columns[4].columnId\":[\"76\"],\"columns[4].sort\":[\"5\"],\"columns[4].columnComment\":[\"专业\"],\"columns[4].javaType\":[\"Long\"],\"columns[4].javaField\":[\"checkinMajorid\"],\"columns[4].isInsert\":[\"1\"],\"columns[4].isEdit\":[\"1\"],\"columns[4].isQuery\":[\"1\"],\"columns[4].queryType\":[\"EQ\"],\"columns[4].htmlType\":[\"input\"],\"columns[4].dictType\":[\"\"],\"columns[5].columnId\":[\"77\"],\"columns[5].sort\":[\"6\"],\"columns[5].columnComment\":[\"专业\"],\"columns[5].javaType\":[\"String\"],\"columns[5].javaField\":[\"checkinMajor\"],\"columns[5].isList\":[\"1\"],\"columns[5].queryType\":[\"EQ\"],\"columns[5].htmlType\":[\"input\"],\"columns[5].dictType\":[\"\"],\"columns[6].columnId\":[\"78\"],\"columns[6].sort\":[\"7\"],\"columns[6].columnComment\":[\"班级\"],\"columns[6].javaType\":[\"Long\"],\"columns[6].javaField\":[\"checkinCla', '{\"msg\":\"操作成功\",\"code\":0}', 0, NULL, '2022-04-09 14:33:35');
INSERT INTO `sys_oper_log` VALUES (158, '代码生成', 2, 'com.ruoyi.project.tool.gen.controller.GenController.editSave()', 'POST', 1, 'admin', '计算机科学与技术', '/tool/gen/edit', '127.0.0.1', '内网IP', '{\"tableId\":[\"2\"],\"tableName\":[\"dormitory\"],\"tableComment\":[\"宿舍信息\"],\"className\":[\"Dormitory\"],\"functionAuthor\":[\"ruoyi\"],\"remark\":[\"\"],\"columns[0].columnId\":[\"13\"],\"columns[0].sort\":[\"1\"],\"columns[0].columnComment\":[\"宿舍id\"],\"columns[0].javaType\":[\"Long\"],\"columns[0].javaField\":[\"dorId\"],\"columns[0].queryType\":[\"EQ\"],\"columns[0].htmlType\":[\"input\"],\"columns[0].dictType\":[\"\"],\"columns[1].columnId\":[\"14\"],\"columns[1].sort\":[\"2\"],\"columns[1].columnComment\":[\"父节点id\"],\"columns[1].javaType\":[\"String\"],\"columns[1].javaField\":[\"dorParentid\"],\"columns[1].queryType\":[\"EQ\"],\"columns[1].htmlType\":[\"input\"],\"columns[1].dictType\":[\"\"],\"columns[2].columnId\":[\"15\"],\"columns[2].sort\":[\"3\"],\"columns[2].columnComment\":[\"宿舍号\"],\"columns[2].javaType\":[\"String\"],\"columns[2].javaField\":[\"dorNo\"],\"columns[2].isInsert\":[\"1\"],\"columns[2].isEdit\":[\"1\"],\"columns[2].isList\":[\"1\"],\"columns[2].isQuery\":[\"1\"],\"columns[2].queryType\":[\"EQ\"],\"columns[2].htmlType\":[\"input\"],\"columns[2].dictType\":[\"\"],\"columns[3].columnId\":[\"16\"],\"columns[3].sort\":[\"4\"],\"columns[3].columnComment\":[\"宿舍名称\"],\"columns[3].javaType\":[\"String\"],\"columns[3].javaField\":[\"dorName\"],\"columns[3].queryType\":[\"LIKE\"],\"columns[3].htmlType\":[\"input\"],\"columns[3].dictType\":[\"\"],\"columns[4].columnId\":[\"17\"],\"columns[4].sort\":[\"5\"],\"columns[4].columnComment\":[\"床位数\"],\"columns[4].javaType\":[\"Long\"],\"columns[4].javaField\":[\"dorBeds\"],\"columns[4].isInsert\":[\"1\"],\"columns[4].isEdit\":[\"1\"],\"columns[4].isList\":[\"1\"],\"columns[4].queryType\":[\"EQ\"],\"columns[4].htmlType\":[\"input\"],\"columns[4].dictType\":[\"\"],\"columns[5].columnId\":[\"18\"],\"columns[5].sort\":[\"6\"],\"columns[5].columnComment\":[\"宿舍描述\"],\"columns[5].javaType\":[\"String\"],\"columns[5].javaField\":[\"dorDescription\"],\"columns[5].isInsert\":[\"1\"],\"columns[5].isEdit\":[\"1\"],\"columns[5].queryType\":[\"EQ\"],\"columns[5].htmlType\":[\"textarea\"],\"columns[5].dictType\":[\"\"],\"columns[6].columnId\":[\"19\"],\"columns[6].sort\":[\"7\"],\"columns[6].columnComment\":[\"备注\"],\"columns[6].javaType\":[\"String\"],\"columns[6].javaField\"', '{\"msg\":\"操作成功\",\"code\":0}', 0, NULL, '2022-04-09 18:57:37');
INSERT INTO `sys_oper_log` VALUES (159, '代码生成', 2, 'com.ruoyi.project.tool.gen.controller.GenController.editSave()', 'POST', 1, 'admin', '计算机科学与技术', '/tool/gen/edit', '127.0.0.1', '内网IP', '{\"tableId\":[\"4\"],\"tableName\":[\"student\"],\"tableComment\":[\"学生信息\"],\"className\":[\"Student\"],\"functionAuthor\":[\"ruoyi\"],\"remark\":[\"\"],\"columns[0].columnId\":[\"38\"],\"columns[0].sort\":[\"1\"],\"columns[0].columnComment\":[\"学生id\"],\"columns[0].javaType\":[\"Long\"],\"columns[0].javaField\":[\"stuId\"],\"columns[0].queryType\":[\"EQ\"],\"columns[0].htmlType\":[\"input\"],\"columns[0].dictType\":[\"\"],\"columns[1].columnId\":[\"39\"],\"columns[1].sort\":[\"2\"],\"columns[1].columnComment\":[\"学号\"],\"columns[1].javaType\":[\"String\"],\"columns[1].javaField\":[\"stuNo\"],\"columns[1].isInsert\":[\"1\"],\"columns[1].isEdit\":[\"1\"],\"columns[1].isList\":[\"1\"],\"columns[1].isQuery\":[\"1\"],\"columns[1].queryType\":[\"EQ\"],\"columns[1].htmlType\":[\"input\"],\"columns[1].dictType\":[\"\"],\"columns[2].columnId\":[\"40\"],\"columns[2].sort\":[\"3\"],\"columns[2].columnComment\":[\"姓名\"],\"columns[2].javaType\":[\"String\"],\"columns[2].javaField\":[\"stuName\"],\"columns[2].isInsert\":[\"1\"],\"columns[2].isEdit\":[\"1\"],\"columns[2].isList\":[\"1\"],\"columns[2].isQuery\":[\"1\"],\"columns[2].queryType\":[\"LIKE\"],\"columns[2].htmlType\":[\"input\"],\"columns[2].dictType\":[\"\"],\"columns[3].columnId\":[\"41\"],\"columns[3].sort\":[\"4\"],\"columns[3].columnComment\":[\"性别\"],\"columns[3].javaType\":[\"String\"],\"columns[3].javaField\":[\"stuGender\"],\"columns[3].isInsert\":[\"1\"],\"columns[3].isEdit\":[\"1\"],\"columns[3].isQuery\":[\"1\"],\"columns[3].queryType\":[\"EQ\"],\"columns[3].htmlType\":[\"input\"],\"columns[3].dictType\":[\"\"],\"columns[4].columnId\":[\"42\"],\"columns[4].sort\":[\"5\"],\"columns[4].columnComment\":[\"手机号\"],\"columns[4].javaType\":[\"String\"],\"columns[4].javaField\":[\"stuPhoneno\"],\"columns[4].isInsert\":[\"1\"],\"columns[4].isEdit\":[\"1\"],\"columns[4].isList\":[\"1\"],\"columns[4].isQuery\":[\"1\"],\"columns[4].queryType\":[\"EQ\"],\"columns[4].htmlType\":[\"input\"],\"columns[4].dictType\":[\"\"],\"columns[5].columnId\":[\"43\"],\"columns[5].sort\":[\"6\"],\"columns[5].columnComment\":[\"身份证号\"],\"columns[5].javaType\":[\"String\"],\"columns[5].javaField\":[\"stuIdcardno\"],\"columns[5].isInsert\":[\"1\"],\"columns[5].isEdit\":[\"1\"],\"columns[5].isList\":[\"1\"],\"co', '{\"msg\":\"操作成功\",\"code\":0}', 0, NULL, '2022-04-09 18:57:48');
INSERT INTO `sys_oper_log` VALUES (160, '代码生成', 2, 'com.ruoyi.project.tool.gen.controller.GenController.editSave()', 'POST', 1, 'admin', '计算机科学与技术', '/tool/gen/edit', '127.0.0.1', '内网IP', '{\"tableId\":[\"3\"],\"tableName\":[\"major\"],\"tableComment\":[\"专业信息\"],\"className\":[\"Major\"],\"functionAuthor\":[\"ruoyi\"],\"remark\":[\"\"],\"columns[0].columnId\":[\"27\"],\"columns[0].sort\":[\"1\"],\"columns[0].columnComment\":[\"专业id\"],\"columns[0].javaType\":[\"Long\"],\"columns[0].javaField\":[\"majorId\"],\"columns[0].queryType\":[\"EQ\"],\"columns[0].htmlType\":[\"input\"],\"columns[0].dictType\":[\"\"],\"columns[1].columnId\":[\"28\"],\"columns[1].sort\":[\"2\"],\"columns[1].columnComment\":[\"专业名称\"],\"columns[1].javaType\":[\"String\"],\"columns[1].javaField\":[\"majorName\"],\"columns[1].isInsert\":[\"1\"],\"columns[1].isEdit\":[\"1\"],\"columns[1].isList\":[\"1\"],\"columns[1].isQuery\":[\"1\"],\"columns[1].queryType\":[\"LIKE\"],\"columns[1].htmlType\":[\"input\"],\"columns[1].dictType\":[\"\"],\"columns[2].columnId\":[\"29\"],\"columns[2].sort\":[\"3\"],\"columns[2].columnComment\":[\"专业描述\"],\"columns[2].javaType\":[\"String\"],\"columns[2].javaField\":[\"majorDescription\"],\"columns[2].isInsert\":[\"1\"],\"columns[2].isEdit\":[\"1\"],\"columns[2].isList\":[\"1\"],\"columns[2].queryType\":[\"EQ\"],\"columns[2].htmlType\":[\"textarea\"],\"columns[2].dictType\":[\"\"],\"columns[3].columnId\":[\"30\"],\"columns[3].sort\":[\"4\"],\"columns[3].columnComment\":[\"备注\"],\"columns[3].javaType\":[\"String\"],\"columns[3].javaField\":[\"remark\"],\"columns[3].isInsert\":[\"1\"],\"columns[3].isEdit\":[\"1\"],\"columns[3].isList\":[\"1\"],\"columns[3].queryType\":[\"EQ\"],\"columns[3].htmlType\":[\"input\"],\"columns[3].dictType\":[\"\"],\"columns[4].columnId\":[\"31\"],\"columns[4].sort\":[\"5\"],\"columns[4].columnComment\":[\"删除标记\"],\"columns[4].javaType\":[\"Integer\"],\"columns[4].javaField\":[\"delflag\"],\"columns[4].queryType\":[\"EQ\"],\"columns[4].htmlType\":[\"input\"],\"columns[4].dictType\":[\"\"],\"columns[5].columnId\":[\"32\"],\"columns[5].sort\":[\"6\"],\"columns[5].columnComment\":[\"创建人id\"],\"columns[5].javaType\":[\"Long\"],\"columns[5].javaField\":[\"createByid\"],\"columns[5].queryType\":[\"EQ\"],\"columns[5].htmlType\":[\"input\"],\"columns[5].dictType\":[\"\"],\"columns[6].columnId\":[\"33\"],\"columns[6].sort\":[\"7\"],\"columns[6].columnComment\":[\"创建人\"],\"columns[6].javaType\":[\"Strin', '{\"msg\":\"操作成功\",\"code\":0}', 0, NULL, '2022-04-09 18:57:57');
INSERT INTO `sys_oper_log` VALUES (161, '代码生成', 2, 'com.ruoyi.project.tool.gen.controller.GenController.editSave()', 'POST', 1, 'admin', '计算机科学与技术', '/tool/gen/edit', '127.0.0.1', '内网IP', '{\"tableId\":[\"1\"],\"tableName\":[\"class\"],\"tableComment\":[\"班级表\"],\"className\":[\"Class\"],\"functionAuthor\":[\"ruoyi\"],\"remark\":[\"\"],\"columns[0].columnId\":[\"1\"],\"columns[0].sort\":[\"1\"],\"columns[0].columnComment\":[\"班级id\"],\"columns[0].javaType\":[\"Long\"],\"columns[0].javaField\":[\"classId\"],\"columns[0].queryType\":[\"EQ\"],\"columns[0].htmlType\":[\"input\"],\"columns[0].dictType\":[\"\"],\"columns[1].columnId\":[\"2\"],\"columns[1].sort\":[\"2\"],\"columns[1].columnComment\":[\"班级名称\"],\"columns[1].javaType\":[\"String\"],\"columns[1].javaField\":[\"className\"],\"columns[1].isInsert\":[\"1\"],\"columns[1].isEdit\":[\"1\"],\"columns[1].isList\":[\"1\"],\"columns[1].isQuery\":[\"1\"],\"columns[1].queryType\":[\"LIKE\"],\"columns[1].htmlType\":[\"input\"],\"columns[1].dictType\":[\"\"],\"columns[2].columnId\":[\"3\"],\"columns[2].sort\":[\"3\"],\"columns[2].columnComment\":[\"专业\"],\"columns[2].javaType\":[\"Long\"],\"columns[2].javaField\":[\"classMajorid\"],\"columns[2].isInsert\":[\"1\"],\"columns[2].isEdit\":[\"1\"],\"columns[2].isQuery\":[\"1\"],\"columns[2].queryType\":[\"EQ\"],\"columns[2].htmlType\":[\"input\"],\"columns[2].dictType\":[\"\"],\"columns[3].columnId\":[\"4\"],\"columns[3].sort\":[\"4\"],\"columns[3].columnComment\":[\"专业\"],\"columns[3].javaType\":[\"String\"],\"columns[3].javaField\":[\"classMajor\"],\"columns[3].isList\":[\"1\"],\"columns[3].queryType\":[\"EQ\"],\"columns[3].htmlType\":[\"input\"],\"columns[3].dictType\":[\"\"],\"columns[4].columnId\":[\"5\"],\"columns[4].sort\":[\"5\"],\"columns[4].columnComment\":[\"备注\"],\"columns[4].javaType\":[\"String\"],\"columns[4].javaField\":[\"remark\"],\"columns[4].isInsert\":[\"1\"],\"columns[4].isEdit\":[\"1\"],\"columns[4].isList\":[\"1\"],\"columns[4].queryType\":[\"EQ\"],\"columns[4].htmlType\":[\"input\"],\"columns[4].dictType\":[\"\"],\"columns[5].columnId\":[\"6\"],\"columns[5].sort\":[\"6\"],\"columns[5].columnComment\":[\"删除标记\"],\"columns[5].javaType\":[\"String\"],\"columns[5].javaField\":[\"delflag\"],\"columns[5].queryType\":[\"EQ\"],\"columns[5].htmlType\":[\"input\"],\"columns[5].dictType\":[\"\"],\"columns[6].columnId\":[\"7\"],\"columns[6].sort\":[\"7\"],\"columns[6].columnComment\":[\"创建人id\"],\"columns[6].javaType\"', '{\"msg\":\"操作成功\",\"code\":0}', 0, NULL, '2022-04-09 18:58:12');
INSERT INTO `sys_oper_log` VALUES (162, '代码生成', 2, 'com.ruoyi.project.tool.gen.controller.GenController.editSave()', 'POST', 1, 'admin', '计算机科学与技术', '/tool/gen/edit', '127.0.0.1', '内网IP', '{\"tableId\":[\"6\"],\"tableName\":[\"checkin\"],\"tableComment\":[\"新生报到记录\"],\"className\":[\"Checkin\"],\"functionAuthor\":[\"ruoyi\"],\"remark\":[\"\"],\"columns[0].columnId\":[\"72\"],\"columns[0].sort\":[\"1\"],\"columns[0].columnComment\":[\"报到记录id\"],\"columns[0].javaType\":[\"Long\"],\"columns[0].javaField\":[\"checkinId\"],\"columns[0].queryType\":[\"EQ\"],\"columns[0].htmlType\":[\"input\"],\"columns[0].dictType\":[\"\"],\"columns[1].columnId\":[\"73\"],\"columns[1].sort\":[\"2\"],\"columns[1].columnComment\":[\"报到学生\"],\"columns[1].javaType\":[\"Long\"],\"columns[1].javaField\":[\"checkinStuid\"],\"columns[1].queryType\":[\"EQ\"],\"columns[1].htmlType\":[\"input\"],\"columns[1].dictType\":[\"\"],\"columns[2].columnId\":[\"74\"],\"columns[2].sort\":[\"3\"],\"columns[2].columnComment\":[\"报到学生\"],\"columns[2].javaType\":[\"String\"],\"columns[2].javaField\":[\"checkinStuno\"],\"columns[2].isInsert\":[\"1\"],\"columns[2].isEdit\":[\"1\"],\"columns[2].isQuery\":[\"1\"],\"columns[2].queryType\":[\"EQ\"],\"columns[2].htmlType\":[\"input\"],\"columns[2].dictType\":[\"\"],\"columns[3].columnId\":[\"75\"],\"columns[3].sort\":[\"4\"],\"columns[3].columnComment\":[\"报到学生\"],\"columns[3].javaType\":[\"String\"],\"columns[3].javaField\":[\"checkinStuname\"],\"columns[3].isList\":[\"1\"],\"columns[3].queryType\":[\"LIKE\"],\"columns[3].htmlType\":[\"input\"],\"columns[3].dictType\":[\"\"],\"columns[4].columnId\":[\"76\"],\"columns[4].sort\":[\"5\"],\"columns[4].columnComment\":[\"专业\"],\"columns[4].javaType\":[\"Long\"],\"columns[4].javaField\":[\"checkinMajorid\"],\"columns[4].isInsert\":[\"1\"],\"columns[4].isEdit\":[\"1\"],\"columns[4].isQuery\":[\"1\"],\"columns[4].queryType\":[\"EQ\"],\"columns[4].htmlType\":[\"input\"],\"columns[4].dictType\":[\"\"],\"columns[5].columnId\":[\"77\"],\"columns[5].sort\":[\"6\"],\"columns[5].columnComment\":[\"专业\"],\"columns[5].javaType\":[\"String\"],\"columns[5].javaField\":[\"checkinMajor\"],\"columns[5].isList\":[\"1\"],\"columns[5].queryType\":[\"EQ\"],\"columns[5].htmlType\":[\"input\"],\"columns[5].dictType\":[\"\"],\"columns[6].columnId\":[\"78\"],\"columns[6].sort\":[\"7\"],\"columns[6].columnComment\":[\"班级\"],\"columns[6].javaType\":[\"Long\"],\"columns[6].javaField\":[\"checkinCla', '{\"msg\":\"操作成功\",\"code\":0}', 0, NULL, '2022-04-09 18:58:21');
INSERT INTO `sys_oper_log` VALUES (163, '代码生成', 2, 'com.ruoyi.project.tool.gen.controller.GenController.editSave()', 'POST', 1, 'admin', '计算机科学与技术', '/tool/gen/edit', '127.0.0.1', '内网IP', '{\"tableId\":[\"10\"],\"tableName\":[\"payment_record\"],\"tableComment\":[\"缴费记录\"],\"className\":[\"PaymentRecord\"],\"functionAuthor\":[\"ruoyi\"],\"remark\":[\"\"],\"columns[0].columnId\":[\"130\"],\"columns[0].sort\":[\"1\"],\"columns[0].columnComment\":[\"缴费记录id\"],\"columns[0].javaType\":[\"Long\"],\"columns[0].javaField\":[\"prId\"],\"columns[0].queryType\":[\"EQ\"],\"columns[0].htmlType\":[\"input\"],\"columns[0].dictType\":[\"\"],\"columns[1].columnId\":[\"131\"],\"columns[1].sort\":[\"2\"],\"columns[1].columnComment\":[\"缴费项\"],\"columns[1].javaType\":[\"Long\"],\"columns[1].javaField\":[\"prPiid\"],\"columns[1].isInsert\":[\"1\"],\"columns[1].isEdit\":[\"1\"],\"columns[1].isQuery\":[\"1\"],\"columns[1].queryType\":[\"EQ\"],\"columns[1].htmlType\":[\"input\"],\"columns[1].dictType\":[\"\"],\"columns[2].columnId\":[\"132\"],\"columns[2].sort\":[\"3\"],\"columns[2].columnComment\":[\"缴费项\"],\"columns[2].javaType\":[\"String\"],\"columns[2].javaField\":[\"prPiname\"],\"columns[2].isList\":[\"1\"],\"columns[2].queryType\":[\"LIKE\"],\"columns[2].htmlType\":[\"input\"],\"columns[2].dictType\":[\"\"],\"columns[3].columnId\":[\"133\"],\"columns[3].sort\":[\"4\"],\"columns[3].columnComment\":[\"缴费学生\"],\"columns[3].javaType\":[\"Long\"],\"columns[3].javaField\":[\"prStuid\"],\"columns[3].isInsert\":[\"1\"],\"columns[3].queryType\":[\"EQ\"],\"columns[3].htmlType\":[\"input\"],\"columns[3].dictType\":[\"\"],\"columns[4].columnId\":[\"134\"],\"columns[4].sort\":[\"5\"],\"columns[4].columnComment\":[\"缴费学生\"],\"columns[4].javaType\":[\"String\"],\"columns[4].javaField\":[\"prStuno\"],\"columns[4].isInsert\":[\"1\"],\"columns[4].isEdit\":[\"1\"],\"columns[4].isQuery\":[\"1\"],\"columns[4].queryType\":[\"EQ\"],\"columns[4].htmlType\":[\"input\"],\"columns[4].dictType\":[\"\"],\"columns[5].columnId\":[\"135\"],\"columns[5].sort\":[\"6\"],\"columns[5].columnComment\":[\"缴费学生\"],\"columns[5].javaType\":[\"String\"],\"columns[5].javaField\":[\"prStuname\"],\"columns[5].isList\":[\"1\"],\"columns[5].queryType\":[\"LIKE\"],\"columns[5].htmlType\":[\"input\"],\"columns[5].dictType\":[\"\"],\"columns[6].columnId\":[\"136\"],\"columns[6].sort\":[\"7\"],\"columns[6].columnComment\":[\"缴费时间\"],\"columns[6].javaType\":[\"Date\"],\"columns[6].ja', '{\"msg\":\"操作成功\",\"code\":0}', 0, NULL, '2022-04-09 18:58:30');
INSERT INTO `sys_oper_log` VALUES (164, '代码生成', 2, 'com.ruoyi.project.tool.gen.controller.GenController.editSave()', 'POST', 1, 'admin', '计算机科学与技术', '/tool/gen/edit', '127.0.0.1', '内网IP', '{\"tableId\":[\"9\"],\"tableName\":[\"payment_item\"],\"tableComment\":[\"缴费项目\"],\"className\":[\"PaymentItem\"],\"functionAuthor\":[\"ruoyi\"],\"remark\":[\"\"],\"columns[0].columnId\":[\"118\"],\"columns[0].sort\":[\"1\"],\"columns[0].columnComment\":[\"缴费项id\"],\"columns[0].javaType\":[\"Long\"],\"columns[0].javaField\":[\"piId\"],\"columns[0].queryType\":[\"EQ\"],\"columns[0].htmlType\":[\"input\"],\"columns[0].dictType\":[\"\"],\"columns[1].columnId\":[\"119\"],\"columns[1].sort\":[\"2\"],\"columns[1].columnComment\":[\"缴费项名称\"],\"columns[1].javaType\":[\"String\"],\"columns[1].javaField\":[\"piName\"],\"columns[1].isInsert\":[\"1\"],\"columns[1].isEdit\":[\"1\"],\"columns[1].isList\":[\"1\"],\"columns[1].isQuery\":[\"1\"],\"columns[1].queryType\":[\"LIKE\"],\"columns[1].htmlType\":[\"input\"],\"columns[1].dictType\":[\"\"],\"columns[2].columnId\":[\"120\"],\"columns[2].sort\":[\"3\"],\"columns[2].columnComment\":[\"缴费金额\"],\"columns[2].javaType\":[\"BigDecimal\"],\"columns[2].javaField\":[\"piAmount\"],\"columns[2].isInsert\":[\"1\"],\"columns[2].isEdit\":[\"1\"],\"columns[2].isList\":[\"1\"],\"columns[2].queryType\":[\"EQ\"],\"columns[2].htmlType\":[\"input\"],\"columns[2].dictType\":[\"\"],\"columns[3].columnId\":[\"121\"],\"columns[3].sort\":[\"4\"],\"columns[3].columnComment\":[\"截止时间\"],\"columns[3].javaType\":[\"Date\"],\"columns[3].javaField\":[\"piDeadline\"],\"columns[3].isInsert\":[\"1\"],\"columns[3].isEdit\":[\"1\"],\"columns[3].isList\":[\"1\"],\"columns[3].isQuery\":[\"1\"],\"columns[3].queryType\":[\"EQ\"],\"columns[3].htmlType\":[\"datetime\"],\"columns[3].dictType\":[\"\"],\"columns[4].columnId\":[\"122\"],\"columns[4].sort\":[\"5\"],\"columns[4].columnComment\":[\"备注\"],\"columns[4].javaType\":[\"String\"],\"columns[4].javaField\":[\"remark\"],\"columns[4].isInsert\":[\"1\"],\"columns[4].isEdit\":[\"1\"],\"columns[4].queryType\":[\"EQ\"],\"columns[4].htmlType\":[\"input\"],\"columns[4].dictType\":[\"\"],\"columns[5].columnId\":[\"123\"],\"columns[5].sort\":[\"6\"],\"columns[5].columnComment\":[\"删除标记\"],\"columns[5].javaType\":[\"Integer\"],\"columns[5].javaField\":[\"delflag\"],\"columns[5].queryType\":[\"EQ\"],\"columns[5].htmlType\":[\"input\"],\"columns[5].dictType\":[\"\"],\"columns[6].columnId\":[\"12', '{\"msg\":\"操作成功\",\"code\":0}', 0, NULL, '2022-04-09 18:58:44');
INSERT INTO `sys_oper_log` VALUES (165, '代码生成', 2, 'com.ruoyi.project.tool.gen.controller.GenController.editSave()', 'POST', 1, 'admin', '计算机科学与技术', '/tool/gen/edit', '127.0.0.1', '内网IP', '{\"tableId\":[\"8\"],\"tableName\":[\"leaveword\"],\"tableComment\":[\"留言\"],\"className\":[\"Leaveword\"],\"functionAuthor\":[\"ruoyi\"],\"remark\":[\"\"],\"columns[0].columnId\":[\"105\"],\"columns[0].sort\":[\"1\"],\"columns[0].columnComment\":[\"留言id\"],\"columns[0].javaType\":[\"Long\"],\"columns[0].javaField\":[\"lwId\"],\"columns[0].queryType\":[\"EQ\"],\"columns[0].htmlType\":[\"input\"],\"columns[0].dictType\":[\"\"],\"columns[1].columnId\":[\"106\"],\"columns[1].sort\":[\"2\"],\"columns[1].columnComment\":[\"留言学生\"],\"columns[1].javaType\":[\"Long\"],\"columns[1].javaField\":[\"lwStuid\"],\"columns[1].isInsert\":[\"1\"],\"columns[1].queryType\":[\"EQ\"],\"columns[1].htmlType\":[\"input\"],\"columns[1].dictType\":[\"\"],\"columns[2].columnId\":[\"107\"],\"columns[2].sort\":[\"3\"],\"columns[2].columnComment\":[\"留言学生\"],\"columns[2].javaType\":[\"String\"],\"columns[2].javaField\":[\"lwStuno\"],\"columns[2].isInsert\":[\"1\"],\"columns[2].isEdit\":[\"1\"],\"columns[2].isQuery\":[\"1\"],\"columns[2].queryType\":[\"EQ\"],\"columns[2].htmlType\":[\"input\"],\"columns[2].dictType\":[\"\"],\"columns[3].columnId\":[\"108\"],\"columns[3].sort\":[\"4\"],\"columns[3].columnComment\":[\"留言学生\"],\"columns[3].javaType\":[\"String\"],\"columns[3].javaField\":[\"lwStuname\"],\"columns[3].isList\":[\"1\"],\"columns[3].queryType\":[\"LIKE\"],\"columns[3].htmlType\":[\"input\"],\"columns[3].dictType\":[\"\"],\"columns[4].columnId\":[\"109\"],\"columns[4].sort\":[\"5\"],\"columns[4].columnComment\":[\"留言内容\"],\"columns[4].javaType\":[\"String\"],\"columns[4].javaField\":[\"lwContent\"],\"columns[4].isInsert\":[\"1\"],\"columns[4].isEdit\":[\"1\"],\"columns[4].isList\":[\"1\"],\"columns[4].queryType\":[\"EQ\"],\"columns[4].htmlType\":[\"summernote\"],\"columns[4].dictType\":[\"\"],\"columns[5].columnId\":[\"110\"],\"columns[5].sort\":[\"6\"],\"columns[5].columnComment\":[\"留言时间\"],\"columns[5].javaType\":[\"Date\"],\"columns[5].javaField\":[\"lwLeavetime\"],\"columns[5].isInsert\":[\"1\"],\"columns[5].isEdit\":[\"1\"],\"columns[5].isList\":[\"1\"],\"columns[5].isQuery\":[\"1\"],\"columns[5].queryType\":[\"EQ\"],\"columns[5].htmlType\":[\"datetime\"],\"columns[5].dictType\":[\"\"],\"columns[6].columnId\":[\"111\"],\"columns[6].sort\":[\"7\"],\"', '{\"msg\":\"操作成功\",\"code\":0}', 0, NULL, '2022-04-09 18:58:57');
INSERT INTO `sys_oper_log` VALUES (166, '代码生成', 2, 'com.ruoyi.project.tool.gen.controller.GenController.editSave()', 'POST', 1, 'admin', '计算机科学与技术', '/tool/gen/edit', '127.0.0.1', '内网IP', '{\"tableId\":[\"7\"],\"tableName\":[\"comp_news\"],\"tableComment\":[\"校园新闻\"],\"className\":[\"CompNews\"],\"functionAuthor\":[\"ruoyi\"],\"remark\":[\"\"],\"columns[0].columnId\":[\"88\"],\"columns[0].sort\":[\"1\"],\"columns[0].columnComment\":[\"新闻id\"],\"columns[0].javaType\":[\"Long\"],\"columns[0].javaField\":[\"newsId\"],\"columns[0].queryType\":[\"EQ\"],\"columns[0].htmlType\":[\"input\"],\"columns[0].dictType\":[\"\"],\"columns[1].columnId\":[\"89\"],\"columns[1].sort\":[\"2\"],\"columns[1].columnComment\":[\"用户ID\"],\"columns[1].javaType\":[\"Long\"],\"columns[1].javaField\":[\"newsUserid\"],\"columns[1].isInsert\":[\"1\"],\"columns[1].isEdit\":[\"1\"],\"columns[1].isQuery\":[\"1\"],\"columns[1].queryType\":[\"EQ\"],\"columns[1].htmlType\":[\"input\"],\"columns[1].dictType\":[\"\"],\"columns[2].columnId\":[\"90\"],\"columns[2].sort\":[\"3\"],\"columns[2].columnComment\":[\"用户名\"],\"columns[2].javaType\":[\"String\"],\"columns[2].javaField\":[\"newsUsername\"],\"columns[2].isList\":[\"1\"],\"columns[2].queryType\":[\"LIKE\"],\"columns[2].htmlType\":[\"input\"],\"columns[2].dictType\":[\"\"],\"columns[3].columnId\":[\"91\"],\"columns[3].sort\":[\"4\"],\"columns[3].columnComment\":[\"标题\"],\"columns[3].javaType\":[\"String\"],\"columns[3].javaField\":[\"newsTitle\"],\"columns[3].isInsert\":[\"1\"],\"columns[3].isEdit\":[\"1\"],\"columns[3].isList\":[\"1\"],\"columns[3].isQuery\":[\"1\"],\"columns[3].queryType\":[\"EQ\"],\"columns[3].htmlType\":[\"input\"],\"columns[3].dictType\":[\"\"],\"columns[4].columnId\":[\"92\"],\"columns[4].sort\":[\"5\"],\"columns[4].columnComment\":[\"新闻内容\"],\"columns[4].javaType\":[\"String\"],\"columns[4].javaField\":[\"newsContent\"],\"columns[4].isInsert\":[\"1\"],\"columns[4].isEdit\":[\"1\"],\"columns[4].isList\":[\"1\"],\"columns[4].queryType\":[\"EQ\"],\"columns[4].htmlType\":[\"summernote\"],\"columns[4].dictType\":[\"\"],\"columns[5].columnId\":[\"93\"],\"columns[5].sort\":[\"6\"],\"columns[5].columnComment\":[\"状态\"],\"columns[5].javaType\":[\"String\"],\"columns[5].javaField\":[\"newsStatuscode\"],\"columns[5].isInsert\":[\"1\"],\"columns[5].isEdit\":[\"1\"],\"columns[5].isQuery\":[\"1\"],\"columns[5].queryType\":[\"EQ\"],\"columns[5].htmlType\":[\"input\"],\"columns[5].dictType\":[\"\"', '{\"msg\":\"操作成功\",\"code\":0}', 0, NULL, '2022-04-09 18:59:05');
INSERT INTO `sys_oper_log` VALUES (167, '菜单管理', 2, 'com.ruoyi.project.system.menu.controller.MenuController.editSave()', 'POST', 1, 'admin', '计算机科学与技术', '/system/menu/edit', '127.0.0.1', '内网IP', '{\"menuId\":[\"2007\"],\"parentId\":[\"2000\"],\"menuType\":[\"C\"],\"menuName\":[\"宿舍管理\"],\"url\":[\"/system/dormitory\"],\"target\":[\"menuItem\"],\"perms\":[\"system:dormitory:view\"],\"orderNum\":[\"1\"],\"icon\":[\"#\"],\"visible\":[\"0\"],\"isRefresh\":[\"1\"]}', '{\"msg\":\"操作成功\",\"code\":0}', 0, NULL, '2022-04-09 19:00:00');
INSERT INTO `sys_oper_log` VALUES (168, '菜单管理', 2, 'com.ruoyi.project.system.menu.controller.MenuController.editSave()', 'POST', 1, 'admin', '计算机科学与技术', '/system/menu/edit', '127.0.0.1', '内网IP', '{\"menuId\":[\"2025\"],\"parentId\":[\"2000\"],\"menuType\":[\"C\"],\"menuName\":[\"班级信息\"],\"url\":[\"/system/class1\"],\"target\":[\"menuItem\"],\"perms\":[\"system:class1:view\"],\"orderNum\":[\"1\"],\"icon\":[\"#\"],\"visible\":[\"0\"],\"isRefresh\":[\"1\"]}', '{\"msg\":\"操作成功\",\"code\":0}', 0, NULL, '2022-04-09 19:00:12');
INSERT INTO `sys_oper_log` VALUES (169, '菜单管理', 2, 'com.ruoyi.project.system.menu.controller.MenuController.editSave()', 'POST', 1, 'admin', '计算机科学与技术', '/system/menu/edit', '127.0.0.1', '内网IP', '{\"menuId\":[\"2025\"],\"parentId\":[\"2000\"],\"menuType\":[\"C\"],\"menuName\":[\"班级信息\"],\"url\":[\"/system/class1\"],\"target\":[\"menuItem\"],\"perms\":[\"system:class1:view\"],\"orderNum\":[\"2\"],\"icon\":[\"#\"],\"visible\":[\"0\"],\"isRefresh\":[\"1\"]}', '{\"msg\":\"操作成功\",\"code\":0}', 0, NULL, '2022-04-09 19:00:36');
INSERT INTO `sys_oper_log` VALUES (170, '菜单管理', 2, 'com.ruoyi.project.system.menu.controller.MenuController.editSave()', 'POST', 1, 'admin', '计算机科学与技术', '/system/menu/edit', '127.0.0.1', '内网IP', '{\"menuId\":[\"2019\"],\"parentId\":[\"2000\"],\"menuType\":[\"C\"],\"menuName\":[\"学生信息\"],\"url\":[\"/system/student\"],\"target\":[\"menuItem\"],\"perms\":[\"system:student:view\"],\"orderNum\":[\"3\"],\"icon\":[\"#\"],\"visible\":[\"0\"],\"isRefresh\":[\"1\"]}', '{\"msg\":\"操作成功\",\"code\":0}', 0, NULL, '2022-04-09 19:00:44');
INSERT INTO `sys_oper_log` VALUES (171, '菜单管理', 2, 'com.ruoyi.project.system.menu.controller.MenuController.editSave()', 'POST', 1, 'admin', '计算机科学与技术', '/system/menu/edit', '127.0.0.1', '内网IP', '{\"menuId\":[\"2007\"],\"parentId\":[\"2000\"],\"menuType\":[\"C\"],\"menuName\":[\"宿舍管理\"],\"url\":[\"/system/dormitory\"],\"target\":[\"menuItem\"],\"perms\":[\"system:dormitory:view\"],\"orderNum\":[\"4\"],\"icon\":[\"#\"],\"visible\":[\"0\"],\"isRefresh\":[\"1\"]}', '{\"msg\":\"操作成功\",\"code\":0}', 0, NULL, '2022-04-09 19:00:54');
INSERT INTO `sys_oper_log` VALUES (172, '代码生成', 2, 'com.ruoyi.project.tool.gen.controller.GenController.editSave()', 'POST', 1, 'admin', '计算机科学与技术', '/tool/gen/edit', '127.0.0.1', '内网IP', '{\"tableId\":[\"8\"],\"tableName\":[\"leaveword\"],\"tableComment\":[\"留言\"],\"className\":[\"Leaveword\"],\"functionAuthor\":[\"ruoyi\"],\"remark\":[\"\"],\"columns[0].columnId\":[\"105\"],\"columns[0].sort\":[\"1\"],\"columns[0].columnComment\":[\"留言id\"],\"columns[0].javaType\":[\"Long\"],\"columns[0].javaField\":[\"lwId\"],\"columns[0].queryType\":[\"EQ\"],\"columns[0].htmlType\":[\"input\"],\"columns[0].dictType\":[\"\"],\"columns[1].columnId\":[\"106\"],\"columns[1].sort\":[\"2\"],\"columns[1].columnComment\":[\"留言学生\"],\"columns[1].javaType\":[\"Long\"],\"columns[1].javaField\":[\"lwStuid\"],\"columns[1].isInsert\":[\"1\"],\"columns[1].queryType\":[\"EQ\"],\"columns[1].htmlType\":[\"input\"],\"columns[1].dictType\":[\"\"],\"columns[2].columnId\":[\"107\"],\"columns[2].sort\":[\"3\"],\"columns[2].columnComment\":[\"留言学生\"],\"columns[2].javaType\":[\"String\"],\"columns[2].javaField\":[\"lwStuno\"],\"columns[2].isInsert\":[\"1\"],\"columns[2].isEdit\":[\"1\"],\"columns[2].isQuery\":[\"1\"],\"columns[2].queryType\":[\"EQ\"],\"columns[2].htmlType\":[\"input\"],\"columns[2].dictType\":[\"\"],\"columns[3].columnId\":[\"108\"],\"columns[3].sort\":[\"4\"],\"columns[3].columnComment\":[\"留言学生\"],\"columns[3].javaType\":[\"String\"],\"columns[3].javaField\":[\"lwStuname\"],\"columns[3].isList\":[\"1\"],\"columns[3].queryType\":[\"LIKE\"],\"columns[3].htmlType\":[\"input\"],\"columns[3].dictType\":[\"\"],\"columns[4].columnId\":[\"109\"],\"columns[4].sort\":[\"5\"],\"columns[4].columnComment\":[\"留言内容\"],\"columns[4].javaType\":[\"String\"],\"columns[4].javaField\":[\"lwContent\"],\"columns[4].isInsert\":[\"1\"],\"columns[4].isEdit\":[\"1\"],\"columns[4].isList\":[\"1\"],\"columns[4].queryType\":[\"EQ\"],\"columns[4].htmlType\":[\"summernote\"],\"columns[4].dictType\":[\"\"],\"columns[5].columnId\":[\"110\"],\"columns[5].sort\":[\"6\"],\"columns[5].columnComment\":[\"留言时间\"],\"columns[5].javaType\":[\"Date\"],\"columns[5].javaField\":[\"lwLeavetime\"],\"columns[5].isInsert\":[\"1\"],\"columns[5].isEdit\":[\"1\"],\"columns[5].isList\":[\"1\"],\"columns[5].isQuery\":[\"1\"],\"columns[5].queryType\":[\"EQ\"],\"columns[5].htmlType\":[\"datetime\"],\"columns[5].dictType\":[\"\"],\"columns[6].columnId\":[\"111\"],\"columns[6].sort\":[\"7\"],\"', '{\"msg\":\"操作成功\",\"code\":0}', 0, NULL, '2022-04-09 19:06:48');
INSERT INTO `sys_oper_log` VALUES (173, '代码生成', 2, 'com.ruoyi.project.tool.gen.controller.GenController.editSave()', 'POST', 1, 'admin', '计算机科学与技术', '/tool/gen/edit', '127.0.0.1', '内网IP', '{\"tableId\":[\"7\"],\"tableName\":[\"comp_news\"],\"tableComment\":[\"校园新闻\"],\"className\":[\"CompNews\"],\"functionAuthor\":[\"ruoyi\"],\"remark\":[\"\"],\"columns[0].columnId\":[\"88\"],\"columns[0].sort\":[\"1\"],\"columns[0].columnComment\":[\"新闻id\"],\"columns[0].javaType\":[\"Long\"],\"columns[0].javaField\":[\"newsId\"],\"columns[0].queryType\":[\"EQ\"],\"columns[0].htmlType\":[\"input\"],\"columns[0].dictType\":[\"\"],\"columns[1].columnId\":[\"89\"],\"columns[1].sort\":[\"2\"],\"columns[1].columnComment\":[\"用户ID\"],\"columns[1].javaType\":[\"Long\"],\"columns[1].javaField\":[\"newsUserid\"],\"columns[1].isInsert\":[\"1\"],\"columns[1].isEdit\":[\"1\"],\"columns[1].isQuery\":[\"1\"],\"columns[1].queryType\":[\"EQ\"],\"columns[1].htmlType\":[\"input\"],\"columns[1].dictType\":[\"\"],\"columns[2].columnId\":[\"90\"],\"columns[2].sort\":[\"3\"],\"columns[2].columnComment\":[\"用户名\"],\"columns[2].javaType\":[\"String\"],\"columns[2].javaField\":[\"newsUsername\"],\"columns[2].isList\":[\"1\"],\"columns[2].queryType\":[\"LIKE\"],\"columns[2].htmlType\":[\"input\"],\"columns[2].dictType\":[\"\"],\"columns[3].columnId\":[\"91\"],\"columns[3].sort\":[\"4\"],\"columns[3].columnComment\":[\"标题\"],\"columns[3].javaType\":[\"String\"],\"columns[3].javaField\":[\"newsTitle\"],\"columns[3].isInsert\":[\"1\"],\"columns[3].isEdit\":[\"1\"],\"columns[3].isList\":[\"1\"],\"columns[3].isQuery\":[\"1\"],\"columns[3].queryType\":[\"EQ\"],\"columns[3].htmlType\":[\"input\"],\"columns[3].dictType\":[\"\"],\"columns[4].columnId\":[\"92\"],\"columns[4].sort\":[\"5\"],\"columns[4].columnComment\":[\"新闻内容\"],\"columns[4].javaType\":[\"String\"],\"columns[4].javaField\":[\"newsContent\"],\"columns[4].isInsert\":[\"1\"],\"columns[4].isEdit\":[\"1\"],\"columns[4].isList\":[\"1\"],\"columns[4].queryType\":[\"EQ\"],\"columns[4].htmlType\":[\"summernote\"],\"columns[4].dictType\":[\"\"],\"columns[5].columnId\":[\"93\"],\"columns[5].sort\":[\"6\"],\"columns[5].columnComment\":[\"状态\"],\"columns[5].javaType\":[\"String\"],\"columns[5].javaField\":[\"newsStatuscode\"],\"columns[5].isInsert\":[\"1\"],\"columns[5].isEdit\":[\"1\"],\"columns[5].isQuery\":[\"1\"],\"columns[5].queryType\":[\"EQ\"],\"columns[5].htmlType\":[\"input\"],\"columns[5].dictType\":[\"\"', '{\"msg\":\"操作成功\",\"code\":0}', 0, NULL, '2022-04-09 19:07:06');
INSERT INTO `sys_oper_log` VALUES (174, '菜单管理', 2, 'com.ruoyi.project.system.menu.controller.MenuController.editSave()', 'POST', 1, 'admin', '计算机科学与技术', '/system/menu/edit', '127.0.0.1', '内网IP', '{\"menuId\":[\"4\"],\"parentId\":[\"0\"],\"menuType\":[\"C\"],\"menuName\":[\"官网\"],\"url\":[\"http://\"],\"target\":[\"menuBlank\"],\"perms\":[\"\"],\"orderNum\":[\"4\"],\"icon\":[\"fa fa-location-arrow\"],\"visible\":[\"0\"],\"isRefresh\":[\"1\"]}', '{\"msg\":\"操作成功\",\"code\":0}', 0, NULL, '2022-04-09 20:09:12');
INSERT INTO `sys_oper_log` VALUES (175, '菜单管理', 2, 'com.ruoyi.project.system.menu.controller.MenuController.editSave()', 'POST', 1, 'admin', '计算机科学与技术', '/system/menu/edit', '127.0.0.1', '内网IP', '{\"menuId\":[\"4\"],\"parentId\":[\"0\"],\"menuType\":[\"C\"],\"menuName\":[\"官网\"],\"url\":[\"http://\"],\"target\":[\"menuBlank\"],\"perms\":[\"\"],\"orderNum\":[\"4\"],\"icon\":[\"fa fa-location-arrow\"],\"visible\":[\"1\"],\"isRefresh\":[\"1\"]}', '{\"msg\":\"操作成功\",\"code\":0}', 0, NULL, '2022-04-09 20:09:16');
INSERT INTO `sys_oper_log` VALUES (176, '菜单管理', 2, 'com.ruoyi.project.system.menu.controller.MenuController.editSave()', 'POST', 1, 'admin', '计算机科学与技术', '/system/menu/edit', '127.0.0.1', '内网IP', '{\"menuId\":[\"110\"],\"parentId\":[\"2\"],\"menuType\":[\"C\"],\"menuName\":[\"定时任务\"],\"url\":[\"/monitor/job\"],\"target\":[\"menuItem\"],\"perms\":[\"monitor:job:view\"],\"orderNum\":[\"2\"],\"icon\":[\"fa fa-tasks\"],\"visible\":[\"1\"],\"isRefresh\":[\"1\"]}', '{\"msg\":\"操作成功\",\"code\":0}', 0, NULL, '2022-04-09 20:09:31');
INSERT INTO `sys_oper_log` VALUES (177, '在线用户', 7, 'com.ruoyi.project.monitor.online.controller.UserOnlineController.batchForceLogout()', 'POST', 1, 'admin', '计算机科学与技术', '/monitor/online/batchForceLogout', '127.0.0.1', '内网IP', '{\"ids\":[\"007567eb-53d5-4d0e-b868-a9d1c63c77d0\"]}', '{\"msg\":\"操作成功\",\"code\":0}', 0, NULL, '2022-04-09 20:18:26');
INSERT INTO `sys_oper_log` VALUES (178, '在线用户', 7, 'com.ruoyi.project.monitor.online.controller.UserOnlineController.batchForceLogout()', 'POST', 1, 'admin', '计算机科学与技术', '/monitor/online/batchForceLogout', '127.0.0.1', '内网IP', '{\"ids\":[\"447cdb5c-998d-4fd7-8ab0-5fc414d17d73\"]}', '{\"msg\":\"当前登录用户无法强退\",\"code\":500}', 0, NULL, '2022-04-09 20:18:29');
INSERT INTO `sys_oper_log` VALUES (179, '代码生成', 2, 'com.ruoyi.project.tool.gen.controller.GenController.editSave()', 'POST', 1, 'admin', '计算机科学与技术', '/tool/gen/edit', '127.0.0.1', '内网IP', '{\"tableId\":[\"7\"],\"tableName\":[\"comp_news\"],\"tableComment\":[\"校园新闻\"],\"className\":[\"CompNews\"],\"functionAuthor\":[\"ruoyi\"],\"remark\":[\"\"],\"columns[0].columnId\":[\"88\"],\"columns[0].sort\":[\"1\"],\"columns[0].columnComment\":[\"新闻id\"],\"columns[0].javaType\":[\"Long\"],\"columns[0].javaField\":[\"newsId\"],\"columns[0].queryType\":[\"EQ\"],\"columns[0].htmlType\":[\"input\"],\"columns[0].dictType\":[\"\"],\"columns[1].columnId\":[\"89\"],\"columns[1].sort\":[\"2\"],\"columns[1].columnComment\":[\"用户ID\"],\"columns[1].javaType\":[\"Long\"],\"columns[1].javaField\":[\"newsUserid\"],\"columns[1].isInsert\":[\"1\"],\"columns[1].isEdit\":[\"1\"],\"columns[1].isQuery\":[\"1\"],\"columns[1].queryType\":[\"EQ\"],\"columns[1].htmlType\":[\"input\"],\"columns[1].dictType\":[\"\"],\"columns[2].columnId\":[\"90\"],\"columns[2].sort\":[\"3\"],\"columns[2].columnComment\":[\"用户名\"],\"columns[2].javaType\":[\"String\"],\"columns[2].javaField\":[\"newsUsername\"],\"columns[2].isList\":[\"1\"],\"columns[2].queryType\":[\"LIKE\"],\"columns[2].htmlType\":[\"input\"],\"columns[2].dictType\":[\"\"],\"columns[3].columnId\":[\"91\"],\"columns[3].sort\":[\"4\"],\"columns[3].columnComment\":[\"标题\"],\"columns[3].javaType\":[\"String\"],\"columns[3].javaField\":[\"newsTitle\"],\"columns[3].isInsert\":[\"1\"],\"columns[3].isEdit\":[\"1\"],\"columns[3].isList\":[\"1\"],\"columns[3].isQuery\":[\"1\"],\"columns[3].queryType\":[\"EQ\"],\"columns[3].htmlType\":[\"input\"],\"columns[3].dictType\":[\"\"],\"columns[4].columnId\":[\"92\"],\"columns[4].sort\":[\"5\"],\"columns[4].columnComment\":[\"新闻内容\"],\"columns[4].javaType\":[\"String\"],\"columns[4].javaField\":[\"newsContent\"],\"columns[4].isInsert\":[\"1\"],\"columns[4].isEdit\":[\"1\"],\"columns[4].isList\":[\"1\"],\"columns[4].queryType\":[\"EQ\"],\"columns[4].htmlType\":[\"summernote\"],\"columns[4].dictType\":[\"\"],\"columns[5].columnId\":[\"93\"],\"columns[5].sort\":[\"6\"],\"columns[5].columnComment\":[\"状态\"],\"columns[5].javaType\":[\"String\"],\"columns[5].javaField\":[\"newsStatuscode\"],\"columns[5].isInsert\":[\"1\"],\"columns[5].isEdit\":[\"1\"],\"columns[5].isQuery\":[\"1\"],\"columns[5].queryType\":[\"EQ\"],\"columns[5].htmlType\":[\"select\"],\"columns[5].dictType\":[\"', '{\"msg\":\"操作成功\",\"code\":0}', 0, NULL, '2022-04-09 20:23:19');
INSERT INTO `sys_oper_log` VALUES (180, '代码生成', 2, 'com.ruoyi.project.tool.gen.controller.GenController.editSave()', 'POST', 1, 'admin', '计算机科学与技术', '/tool/gen/edit', '127.0.0.1', '内网IP', '{\"tableId\":[\"8\"],\"tableName\":[\"leaveword\"],\"tableComment\":[\"留言\"],\"className\":[\"Leaveword\"],\"functionAuthor\":[\"ruoyi\"],\"remark\":[\"\"],\"columns[0].columnId\":[\"105\"],\"columns[0].sort\":[\"1\"],\"columns[0].columnComment\":[\"留言id\"],\"columns[0].javaType\":[\"Long\"],\"columns[0].javaField\":[\"lwId\"],\"columns[0].queryType\":[\"EQ\"],\"columns[0].htmlType\":[\"input\"],\"columns[0].dictType\":[\"\"],\"columns[1].columnId\":[\"106\"],\"columns[1].sort\":[\"2\"],\"columns[1].columnComment\":[\"留言学生\"],\"columns[1].javaType\":[\"Long\"],\"columns[1].javaField\":[\"lwStuid\"],\"columns[1].queryType\":[\"EQ\"],\"columns[1].htmlType\":[\"input\"],\"columns[1].dictType\":[\"\"],\"columns[2].columnId\":[\"107\"],\"columns[2].sort\":[\"3\"],\"columns[2].columnComment\":[\"留言学生\"],\"columns[2].javaType\":[\"String\"],\"columns[2].javaField\":[\"lwStuno\"],\"columns[2].isInsert\":[\"1\"],\"columns[2].isEdit\":[\"1\"],\"columns[2].isQuery\":[\"1\"],\"columns[2].queryType\":[\"EQ\"],\"columns[2].htmlType\":[\"input\"],\"columns[2].dictType\":[\"\"],\"columns[3].columnId\":[\"108\"],\"columns[3].sort\":[\"4\"],\"columns[3].columnComment\":[\"留言学生\"],\"columns[3].javaType\":[\"String\"],\"columns[3].javaField\":[\"lwStuname\"],\"columns[3].isList\":[\"1\"],\"columns[3].queryType\":[\"LIKE\"],\"columns[3].htmlType\":[\"input\"],\"columns[3].dictType\":[\"\"],\"columns[4].columnId\":[\"109\"],\"columns[4].sort\":[\"5\"],\"columns[4].columnComment\":[\"留言内容\"],\"columns[4].javaType\":[\"String\"],\"columns[4].javaField\":[\"lwContent\"],\"columns[4].isInsert\":[\"1\"],\"columns[4].isEdit\":[\"1\"],\"columns[4].isList\":[\"1\"],\"columns[4].queryType\":[\"EQ\"],\"columns[4].htmlType\":[\"summernote\"],\"columns[4].dictType\":[\"\"],\"columns[5].columnId\":[\"110\"],\"columns[5].sort\":[\"6\"],\"columns[5].columnComment\":[\"留言时间\"],\"columns[5].javaType\":[\"Date\"],\"columns[5].javaField\":[\"lwLeavetime\"],\"columns[5].isInsert\":[\"1\"],\"columns[5].isEdit\":[\"1\"],\"columns[5].isList\":[\"1\"],\"columns[5].isQuery\":[\"1\"],\"columns[5].queryType\":[\"EQ\"],\"columns[5].htmlType\":[\"datetime\"],\"columns[5].dictType\":[\"\"],\"columns[6].columnId\":[\"111\"],\"columns[6].sort\":[\"7\"],\"columns[6].columnComment\":[\"', '{\"msg\":\"操作成功\",\"code\":0}', 0, NULL, '2022-04-09 20:24:39');
INSERT INTO `sys_oper_log` VALUES (181, '代码生成', 2, 'com.ruoyi.project.tool.gen.controller.GenController.editSave()', 'POST', 1, 'admin', '计算机科学与技术', '/tool/gen/edit', '127.0.0.1', '内网IP', '{\"tableId\":[\"9\"],\"tableName\":[\"payment_item\"],\"tableComment\":[\"缴费项目\"],\"className\":[\"PaymentItem\"],\"functionAuthor\":[\"ruoyi\"],\"remark\":[\"\"],\"columns[0].columnId\":[\"118\"],\"columns[0].sort\":[\"1\"],\"columns[0].columnComment\":[\"缴费项id\"],\"columns[0].javaType\":[\"Long\"],\"columns[0].javaField\":[\"piId\"],\"columns[0].queryType\":[\"EQ\"],\"columns[0].htmlType\":[\"input\"],\"columns[0].dictType\":[\"\"],\"columns[1].columnId\":[\"119\"],\"columns[1].sort\":[\"2\"],\"columns[1].columnComment\":[\"缴费项\"],\"columns[1].javaType\":[\"String\"],\"columns[1].javaField\":[\"piName\"],\"columns[1].isInsert\":[\"1\"],\"columns[1].isEdit\":[\"1\"],\"columns[1].isList\":[\"1\"],\"columns[1].isQuery\":[\"1\"],\"columns[1].queryType\":[\"LIKE\"],\"columns[1].htmlType\":[\"input\"],\"columns[1].dictType\":[\"\"],\"columns[2].columnId\":[\"120\"],\"columns[2].sort\":[\"3\"],\"columns[2].columnComment\":[\"缴费金额\"],\"columns[2].javaType\":[\"BigDecimal\"],\"columns[2].javaField\":[\"piAmount\"],\"columns[2].isInsert\":[\"1\"],\"columns[2].isEdit\":[\"1\"],\"columns[2].isList\":[\"1\"],\"columns[2].queryType\":[\"EQ\"],\"columns[2].htmlType\":[\"input\"],\"columns[2].dictType\":[\"\"],\"columns[3].columnId\":[\"121\"],\"columns[3].sort\":[\"4\"],\"columns[3].columnComment\":[\"截止时间\"],\"columns[3].javaType\":[\"Date\"],\"columns[3].javaField\":[\"piDeadline\"],\"columns[3].isInsert\":[\"1\"],\"columns[3].isEdit\":[\"1\"],\"columns[3].isList\":[\"1\"],\"columns[3].isQuery\":[\"1\"],\"columns[3].queryType\":[\"EQ\"],\"columns[3].htmlType\":[\"datetime\"],\"columns[3].dictType\":[\"\"],\"columns[4].columnId\":[\"122\"],\"columns[4].sort\":[\"5\"],\"columns[4].columnComment\":[\"备注\"],\"columns[4].javaType\":[\"String\"],\"columns[4].javaField\":[\"remark\"],\"columns[4].isInsert\":[\"1\"],\"columns[4].isEdit\":[\"1\"],\"columns[4].queryType\":[\"EQ\"],\"columns[4].htmlType\":[\"input\"],\"columns[4].dictType\":[\"\"],\"columns[5].columnId\":[\"123\"],\"columns[5].sort\":[\"6\"],\"columns[5].columnComment\":[\"删除标记\"],\"columns[5].javaType\":[\"Integer\"],\"columns[5].javaField\":[\"delflag\"],\"columns[5].queryType\":[\"EQ\"],\"columns[5].htmlType\":[\"input\"],\"columns[5].dictType\":[\"\"],\"columns[6].columnId\":[\"124\"', '{\"msg\":\"操作成功\",\"code\":0}', 0, NULL, '2022-04-09 20:25:59');
INSERT INTO `sys_oper_log` VALUES (182, '代码生成', 2, 'com.ruoyi.project.tool.gen.controller.GenController.editSave()', 'POST', 1, 'admin', '计算机科学与技术', '/tool/gen/edit', '127.0.0.1', '内网IP', '{\"tableId\":[\"10\"],\"tableName\":[\"payment_record\"],\"tableComment\":[\"缴费记录\"],\"className\":[\"PaymentRecord\"],\"functionAuthor\":[\"ruoyi\"],\"remark\":[\"\"],\"columns[0].columnId\":[\"130\"],\"columns[0].sort\":[\"1\"],\"columns[0].columnComment\":[\"缴费记录id\"],\"columns[0].javaType\":[\"Long\"],\"columns[0].javaField\":[\"prId\"],\"columns[0].queryType\":[\"EQ\"],\"columns[0].htmlType\":[\"input\"],\"columns[0].dictType\":[\"\"],\"columns[1].columnId\":[\"131\"],\"columns[1].sort\":[\"2\"],\"columns[1].columnComment\":[\"缴费项\"],\"columns[1].javaType\":[\"Long\"],\"columns[1].javaField\":[\"prPiid\"],\"columns[1].isInsert\":[\"1\"],\"columns[1].isEdit\":[\"1\"],\"columns[1].isQuery\":[\"1\"],\"columns[1].queryType\":[\"EQ\"],\"columns[1].htmlType\":[\"select\"],\"columns[1].dictType\":[\"sys_common_status\"],\"columns[2].columnId\":[\"132\"],\"columns[2].sort\":[\"3\"],\"columns[2].columnComment\":[\"缴费项\"],\"columns[2].javaType\":[\"String\"],\"columns[2].javaField\":[\"prPiname\"],\"columns[2].isList\":[\"1\"],\"columns[2].queryType\":[\"LIKE\"],\"columns[2].htmlType\":[\"input\"],\"columns[2].dictType\":[\"\"],\"columns[3].columnId\":[\"133\"],\"columns[3].sort\":[\"4\"],\"columns[3].columnComment\":[\"缴费学生\"],\"columns[3].javaType\":[\"Long\"],\"columns[3].javaField\":[\"prStuid\"],\"columns[3].queryType\":[\"EQ\"],\"columns[3].htmlType\":[\"input\"],\"columns[3].dictType\":[\"\"],\"columns[4].columnId\":[\"134\"],\"columns[4].sort\":[\"5\"],\"columns[4].columnComment\":[\"缴费学生\"],\"columns[4].javaType\":[\"String\"],\"columns[4].javaField\":[\"prStuno\"],\"columns[4].queryType\":[\"EQ\"],\"columns[4].htmlType\":[\"input\"],\"columns[4].dictType\":[\"\"],\"columns[5].columnId\":[\"135\"],\"columns[5].sort\":[\"6\"],\"columns[5].columnComment\":[\"缴费学生\"],\"columns[5].javaType\":[\"String\"],\"columns[5].javaField\":[\"prStuname\"],\"columns[5].isInsert\":[\"1\"],\"columns[5].isEdit\":[\"1\"],\"columns[5].isList\":[\"1\"],\"columns[5].isQuery\":[\"1\"],\"columns[5].queryType\":[\"LIKE\"],\"columns[5].htmlType\":[\"input\"],\"columns[5].dictType\":[\"\"],\"columns[6].columnId\":[\"136\"],\"columns[6].sort\":[\"7\"],\"columns[6].columnComment\":[\"缴费时间\"],\"columns[6].javaType\":[\"Date\"],\"columns[6].javaField\":[', '{\"msg\":\"操作成功\",\"code\":0}', 0, NULL, '2022-04-09 20:28:28');
INSERT INTO `sys_oper_log` VALUES (183, '字典类型', 1, 'com.ruoyi.project.system.dict.controller.DictTypeController.addSave()', 'POST', 1, 'admin', '计算机科学与技术', '/system/dict/add', '127.0.0.1', '内网IP', '{\"dictName\":[\"新闻状态\"],\"dictType\":[\"new_status\"],\"status\":[\"0\"],\"remark\":[\"\"]}', '{\"msg\":\"操作成功\",\"code\":0}', 0, NULL, '2022-04-09 20:30:51');
INSERT INTO `sys_oper_log` VALUES (184, '字典数据', 1, 'com.ruoyi.project.system.dict.controller.DictDataController.addSave()', 'POST', 1, 'admin', '计算机科学与技术', '/system/dict/data/add', '127.0.0.1', '内网IP', '{\"dictLabel\":[\"新建\"],\"dictValue\":[\"1\"],\"dictType\":[\"new_status\"],\"cssClass\":[\"\"],\"dictSort\":[\"1\"],\"listClass\":[\"default\"],\"isDefault\":[\"Y\"],\"status\":[\"0\"],\"remark\":[\"\"]}', '{\"msg\":\"操作成功\",\"code\":0}', 0, NULL, '2022-04-09 20:31:16');
INSERT INTO `sys_oper_log` VALUES (185, '字典数据', 1, 'com.ruoyi.project.system.dict.controller.DictDataController.addSave()', 'POST', 1, 'admin', '计算机科学与技术', '/system/dict/data/add', '127.0.0.1', '内网IP', '{\"dictLabel\":[\"已发布\"],\"dictValue\":[\"2\"],\"dictType\":[\"new_status\"],\"cssClass\":[\"\"],\"dictSort\":[\"2\"],\"listClass\":[\"success\"],\"isDefault\":[\"Y\"],\"status\":[\"0\"],\"remark\":[\"\"]}', '{\"msg\":\"操作成功\",\"code\":0}', 0, NULL, '2022-04-09 20:31:28');
INSERT INTO `sys_oper_log` VALUES (186, '字典数据', 2, 'com.ruoyi.project.system.dict.controller.DictDataController.editSave()', 'POST', 1, 'admin', '计算机科学与技术', '/system/dict/data/edit', '127.0.0.1', '内网IP', '{\"dictCode\":[\"101\"],\"dictLabel\":[\"已发布\"],\"dictValue\":[\"2\"],\"dictType\":[\"new_status\"],\"cssClass\":[\"\"],\"dictSort\":[\"2\"],\"listClass\":[\"primary\"],\"isDefault\":[\"Y\"],\"status\":[\"0\"],\"remark\":[\"\"]}', '{\"msg\":\"操作成功\",\"code\":0}', 0, NULL, '2022-04-09 20:31:33');
INSERT INTO `sys_oper_log` VALUES (187, '代码生成', 2, 'com.ruoyi.project.tool.gen.controller.GenController.editSave()', 'POST', 1, 'admin', '计算机科学与技术', '/tool/gen/edit', '127.0.0.1', '内网IP', '{\"tableId\":[\"7\"],\"tableName\":[\"comp_news\"],\"tableComment\":[\"校园新闻\"],\"className\":[\"CompNews\"],\"functionAuthor\":[\"ruoyi\"],\"remark\":[\"\"],\"columns[0].columnId\":[\"88\"],\"columns[0].sort\":[\"1\"],\"columns[0].columnComment\":[\"新闻id\"],\"columns[0].javaType\":[\"Long\"],\"columns[0].javaField\":[\"newsId\"],\"columns[0].queryType\":[\"EQ\"],\"columns[0].htmlType\":[\"input\"],\"columns[0].dictType\":[\"\"],\"columns[1].columnId\":[\"89\"],\"columns[1].sort\":[\"2\"],\"columns[1].columnComment\":[\"用户ID\"],\"columns[1].javaType\":[\"Long\"],\"columns[1].javaField\":[\"newsUserid\"],\"columns[1].queryType\":[\"EQ\"],\"columns[1].htmlType\":[\"input\"],\"columns[1].dictType\":[\"\"],\"columns[2].columnId\":[\"90\"],\"columns[2].sort\":[\"3\"],\"columns[2].columnComment\":[\"用户名\"],\"columns[2].javaType\":[\"String\"],\"columns[2].javaField\":[\"newsUsername\"],\"columns[2].isInsert\":[\"1\"],\"columns[2].isEdit\":[\"1\"],\"columns[2].isList\":[\"1\"],\"columns[2].isQuery\":[\"1\"],\"columns[2].queryType\":[\"LIKE\"],\"columns[2].htmlType\":[\"input\"],\"columns[2].dictType\":[\"\"],\"columns[3].columnId\":[\"91\"],\"columns[3].sort\":[\"4\"],\"columns[3].columnComment\":[\"标题\"],\"columns[3].javaType\":[\"String\"],\"columns[3].javaField\":[\"newsTitle\"],\"columns[3].isInsert\":[\"1\"],\"columns[3].isEdit\":[\"1\"],\"columns[3].isList\":[\"1\"],\"columns[3].isQuery\":[\"1\"],\"columns[3].queryType\":[\"LIKE\"],\"columns[3].htmlType\":[\"input\"],\"columns[3].dictType\":[\"\"],\"columns[4].columnId\":[\"92\"],\"columns[4].sort\":[\"5\"],\"columns[4].columnComment\":[\"新闻内容\"],\"columns[4].javaType\":[\"String\"],\"columns[4].javaField\":[\"newsContent\"],\"columns[4].isInsert\":[\"1\"],\"columns[4].isEdit\":[\"1\"],\"columns[4].queryType\":[\"EQ\"],\"columns[4].htmlType\":[\"summernote\"],\"columns[4].dictType\":[\"\"],\"columns[5].columnId\":[\"93\"],\"columns[5].sort\":[\"6\"],\"columns[5].columnComment\":[\"状态\"],\"columns[5].javaType\":[\"String\"],\"columns[5].javaField\":[\"newsStatuscode\"],\"columns[5].isInsert\":[\"1\"],\"columns[5].isEdit\":[\"1\"],\"columns[5].isQuery\":[\"1\"],\"columns[5].queryType\":[\"EQ\"],\"columns[5].htmlType\":[\"select\"],\"columns[5].dictType\":[\"new_status\"],\"columns[6]', '{\"msg\":\"操作成功\",\"code\":0}', 0, NULL, '2022-04-09 20:32:25');
INSERT INTO `sys_oper_log` VALUES (188, '代码生成', 2, 'com.ruoyi.project.tool.gen.controller.GenController.editSave()', 'POST', 1, 'admin', '计算机科学与技术', '/tool/gen/edit', '127.0.0.1', '内网IP', '{\"tableId\":[\"8\"],\"tableName\":[\"leaveword\"],\"tableComment\":[\"留言\"],\"className\":[\"Leaveword\"],\"functionAuthor\":[\"ruoyi\"],\"remark\":[\"\"],\"columns[0].columnId\":[\"105\"],\"columns[0].sort\":[\"1\"],\"columns[0].columnComment\":[\"留言id\"],\"columns[0].javaType\":[\"Long\"],\"columns[0].javaField\":[\"lwId\"],\"columns[0].queryType\":[\"EQ\"],\"columns[0].htmlType\":[\"input\"],\"columns[0].dictType\":[\"\"],\"columns[1].columnId\":[\"106\"],\"columns[1].sort\":[\"2\"],\"columns[1].columnComment\":[\"留言学生\"],\"columns[1].javaType\":[\"Long\"],\"columns[1].javaField\":[\"lwStuid\"],\"columns[1].queryType\":[\"EQ\"],\"columns[1].htmlType\":[\"input\"],\"columns[1].dictType\":[\"\"],\"columns[2].columnId\":[\"107\"],\"columns[2].sort\":[\"3\"],\"columns[2].columnComment\":[\"留言学生\"],\"columns[2].javaType\":[\"String\"],\"columns[2].javaField\":[\"lwStuno\"],\"columns[2].queryType\":[\"EQ\"],\"columns[2].htmlType\":[\"input\"],\"columns[2].dictType\":[\"\"],\"columns[3].columnId\":[\"108\"],\"columns[3].sort\":[\"4\"],\"columns[3].columnComment\":[\"留言学生\"],\"columns[3].javaType\":[\"String\"],\"columns[3].javaField\":[\"lwStuname\"],\"columns[3].isList\":[\"1\"],\"columns[3].isQuery\":[\"1\"],\"columns[3].queryType\":[\"LIKE\"],\"columns[3].htmlType\":[\"input\"],\"columns[3].dictType\":[\"\"],\"columns[4].columnId\":[\"109\"],\"columns[4].sort\":[\"5\"],\"columns[4].columnComment\":[\"留言内容\"],\"columns[4].javaType\":[\"String\"],\"columns[4].javaField\":[\"lwContent\"],\"columns[4].isInsert\":[\"1\"],\"columns[4].isEdit\":[\"1\"],\"columns[4].isList\":[\"1\"],\"columns[4].queryType\":[\"EQ\"],\"columns[4].isRequired\":[\"1\"],\"columns[4].htmlType\":[\"summernote\"],\"columns[4].dictType\":[\"\"],\"columns[5].columnId\":[\"110\"],\"columns[5].sort\":[\"6\"],\"columns[5].columnComment\":[\"留言时间\"],\"columns[5].javaType\":[\"Date\"],\"columns[5].javaField\":[\"lwLeavetime\"],\"columns[5].isInsert\":[\"1\"],\"columns[5].isEdit\":[\"1\"],\"columns[5].isList\":[\"1\"],\"columns[5].isQuery\":[\"1\"],\"columns[5].queryType\":[\"EQ\"],\"columns[5].htmlType\":[\"datetime\"],\"columns[5].dictType\":[\"\"],\"columns[6].columnId\":[\"111\"],\"columns[6].sort\":[\"7\"],\"columns[6].columnComment\":[\"删除标记\"],\"columns[6].javaT', '{\"msg\":\"操作成功\",\"code\":0}', 0, NULL, '2022-04-09 20:36:34');
INSERT INTO `sys_oper_log` VALUES (189, '代码生成', 2, 'com.ruoyi.project.tool.gen.controller.GenController.editSave()', 'POST', 1, 'admin', '计算机科学与技术', '/tool/gen/edit', '127.0.0.1', '内网IP', '{\"tableId\":[\"7\"],\"tableName\":[\"comp_news\"],\"tableComment\":[\"校园新闻\"],\"className\":[\"CompNews\"],\"functionAuthor\":[\"ruoyi\"],\"remark\":[\"\"],\"columns[0].columnId\":[\"88\"],\"columns[0].sort\":[\"1\"],\"columns[0].columnComment\":[\"新闻id\"],\"columns[0].javaType\":[\"Long\"],\"columns[0].javaField\":[\"newsId\"],\"columns[0].queryType\":[\"EQ\"],\"columns[0].htmlType\":[\"input\"],\"columns[0].dictType\":[\"\"],\"columns[1].columnId\":[\"89\"],\"columns[1].sort\":[\"2\"],\"columns[1].columnComment\":[\"用户ID\"],\"columns[1].javaType\":[\"Long\"],\"columns[1].javaField\":[\"newsUserid\"],\"columns[1].queryType\":[\"EQ\"],\"columns[1].htmlType\":[\"input\"],\"columns[1].dictType\":[\"\"],\"columns[2].columnId\":[\"90\"],\"columns[2].sort\":[\"3\"],\"columns[2].columnComment\":[\"用户名\"],\"columns[2].javaType\":[\"String\"],\"columns[2].javaField\":[\"newsUsername\"],\"columns[2].isInsert\":[\"1\"],\"columns[2].isEdit\":[\"1\"],\"columns[2].isList\":[\"1\"],\"columns[2].isQuery\":[\"1\"],\"columns[2].queryType\":[\"LIKE\"],\"columns[2].htmlType\":[\"input\"],\"columns[2].dictType\":[\"\"],\"columns[3].columnId\":[\"91\"],\"columns[3].sort\":[\"4\"],\"columns[3].columnComment\":[\"标题\"],\"columns[3].javaType\":[\"String\"],\"columns[3].javaField\":[\"newsTitle\"],\"columns[3].isInsert\":[\"1\"],\"columns[3].isEdit\":[\"1\"],\"columns[3].isList\":[\"1\"],\"columns[3].isQuery\":[\"1\"],\"columns[3].queryType\":[\"LIKE\"],\"columns[3].isRequired\":[\"1\"],\"columns[3].htmlType\":[\"input\"],\"columns[3].dictType\":[\"\"],\"columns[4].columnId\":[\"92\"],\"columns[4].sort\":[\"5\"],\"columns[4].columnComment\":[\"新闻内容\"],\"columns[4].javaType\":[\"String\"],\"columns[4].javaField\":[\"newsContent\"],\"columns[4].isInsert\":[\"1\"],\"columns[4].isEdit\":[\"1\"],\"columns[4].queryType\":[\"EQ\"],\"columns[4].isRequired\":[\"1\"],\"columns[4].htmlType\":[\"summernote\"],\"columns[4].dictType\":[\"\"],\"columns[5].columnId\":[\"93\"],\"columns[5].sort\":[\"6\"],\"columns[5].columnComment\":[\"状态\"],\"columns[5].javaType\":[\"String\"],\"columns[5].javaField\":[\"newsStatuscode\"],\"columns[5].isInsert\":[\"1\"],\"columns[5].isEdit\":[\"1\"],\"columns[5].isQuery\":[\"1\"],\"columns[5].queryType\":[\"EQ\"],\"columns[5].isRequire', '{\"msg\":\"操作成功\",\"code\":0}', 0, NULL, '2022-04-09 20:37:09');
INSERT INTO `sys_oper_log` VALUES (190, '代码生成', 2, 'com.ruoyi.project.tool.gen.controller.GenController.editSave()', 'POST', 1, 'admin', '计算机科学与技术', '/tool/gen/edit', '127.0.0.1', '内网IP', '{\"tableId\":[\"9\"],\"tableName\":[\"payment_item\"],\"tableComment\":[\"缴费项目\"],\"className\":[\"PaymentItem\"],\"functionAuthor\":[\"ruoyi\"],\"remark\":[\"\"],\"columns[0].columnId\":[\"118\"],\"columns[0].sort\":[\"1\"],\"columns[0].columnComment\":[\"缴费项id\"],\"columns[0].javaType\":[\"Long\"],\"columns[0].javaField\":[\"piId\"],\"columns[0].queryType\":[\"EQ\"],\"columns[0].htmlType\":[\"input\"],\"columns[0].dictType\":[\"\"],\"columns[1].columnId\":[\"119\"],\"columns[1].sort\":[\"2\"],\"columns[1].columnComment\":[\"缴费项\"],\"columns[1].javaType\":[\"String\"],\"columns[1].javaField\":[\"piName\"],\"columns[1].isInsert\":[\"1\"],\"columns[1].isEdit\":[\"1\"],\"columns[1].isList\":[\"1\"],\"columns[1].isQuery\":[\"1\"],\"columns[1].queryType\":[\"LIKE\"],\"columns[1].isRequired\":[\"1\"],\"columns[1].htmlType\":[\"input\"],\"columns[1].dictType\":[\"\"],\"columns[2].columnId\":[\"120\"],\"columns[2].sort\":[\"3\"],\"columns[2].columnComment\":[\"缴费金额\"],\"columns[2].javaType\":[\"BigDecimal\"],\"columns[2].javaField\":[\"piAmount\"],\"columns[2].isInsert\":[\"1\"],\"columns[2].isEdit\":[\"1\"],\"columns[2].isList\":[\"1\"],\"columns[2].queryType\":[\"EQ\"],\"columns[2].isRequired\":[\"1\"],\"columns[2].htmlType\":[\"input\"],\"columns[2].dictType\":[\"\"],\"columns[3].columnId\":[\"121\"],\"columns[3].sort\":[\"4\"],\"columns[3].columnComment\":[\"截止时间\"],\"columns[3].javaType\":[\"Date\"],\"columns[3].javaField\":[\"piDeadline\"],\"columns[3].isInsert\":[\"1\"],\"columns[3].isEdit\":[\"1\"],\"columns[3].isList\":[\"1\"],\"columns[3].isQuery\":[\"1\"],\"columns[3].queryType\":[\"EQ\"],\"columns[3].isRequired\":[\"1\"],\"columns[3].htmlType\":[\"datetime\"],\"columns[3].dictType\":[\"\"],\"columns[4].columnId\":[\"122\"],\"columns[4].sort\":[\"5\"],\"columns[4].columnComment\":[\"备注\"],\"columns[4].javaType\":[\"String\"],\"columns[4].javaField\":[\"remark\"],\"columns[4].isInsert\":[\"1\"],\"columns[4].isEdit\":[\"1\"],\"columns[4].queryType\":[\"EQ\"],\"columns[4].htmlType\":[\"input\"],\"columns[4].dictType\":[\"\"],\"columns[5].columnId\":[\"123\"],\"columns[5].sort\":[\"6\"],\"columns[5].columnComment\":[\"删除标记\"],\"columns[5].javaType\":[\"Integer\"],\"columns[5].javaField\":[\"delflag\"],\"columns[5].queryType\":[\"EQ', '{\"msg\":\"操作成功\",\"code\":0}', 0, NULL, '2022-04-09 20:37:31');
INSERT INTO `sys_oper_log` VALUES (191, '代码生成', 2, 'com.ruoyi.project.tool.gen.controller.GenController.editSave()', 'POST', 1, 'admin', '计算机科学与技术', '/tool/gen/edit', '127.0.0.1', '内网IP', '{\"tableId\":[\"10\"],\"tableName\":[\"payment_record\"],\"tableComment\":[\"缴费记录\"],\"className\":[\"PaymentRecord\"],\"functionAuthor\":[\"ruoyi\"],\"remark\":[\"\"],\"columns[0].columnId\":[\"130\"],\"columns[0].sort\":[\"1\"],\"columns[0].columnComment\":[\"缴费记录id\"],\"columns[0].javaType\":[\"Long\"],\"columns[0].javaField\":[\"prId\"],\"columns[0].queryType\":[\"EQ\"],\"columns[0].htmlType\":[\"input\"],\"columns[0].dictType\":[\"\"],\"columns[1].columnId\":[\"131\"],\"columns[1].sort\":[\"2\"],\"columns[1].columnComment\":[\"缴费项\"],\"columns[1].javaType\":[\"Long\"],\"columns[1].javaField\":[\"prPiid\"],\"columns[1].isInsert\":[\"1\"],\"columns[1].isEdit\":[\"1\"],\"columns[1].isQuery\":[\"1\"],\"columns[1].queryType\":[\"EQ\"],\"columns[1].isRequired\":[\"1\"],\"columns[1].htmlType\":[\"select\"],\"columns[1].dictType\":[\"sys_common_status\"],\"columns[2].columnId\":[\"132\"],\"columns[2].sort\":[\"3\"],\"columns[2].columnComment\":[\"缴费项\"],\"columns[2].javaType\":[\"String\"],\"columns[2].javaField\":[\"prPiname\"],\"columns[2].isList\":[\"1\"],\"columns[2].queryType\":[\"LIKE\"],\"columns[2].htmlType\":[\"input\"],\"columns[2].dictType\":[\"\"],\"columns[3].columnId\":[\"133\"],\"columns[3].sort\":[\"4\"],\"columns[3].columnComment\":[\"缴费学生\"],\"columns[3].javaType\":[\"Long\"],\"columns[3].javaField\":[\"prStuid\"],\"columns[3].queryType\":[\"EQ\"],\"columns[3].htmlType\":[\"input\"],\"columns[3].dictType\":[\"\"],\"columns[4].columnId\":[\"134\"],\"columns[4].sort\":[\"5\"],\"columns[4].columnComment\":[\"缴费学生\"],\"columns[4].javaType\":[\"String\"],\"columns[4].javaField\":[\"prStuno\"],\"columns[4].queryType\":[\"EQ\"],\"columns[4].htmlType\":[\"input\"],\"columns[4].dictType\":[\"\"],\"columns[5].columnId\":[\"135\"],\"columns[5].sort\":[\"6\"],\"columns[5].columnComment\":[\"缴费人\"],\"columns[5].javaType\":[\"String\"],\"columns[5].javaField\":[\"prStuname\"],\"columns[5].isInsert\":[\"1\"],\"columns[5].isEdit\":[\"1\"],\"columns[5].isList\":[\"1\"],\"columns[5].isQuery\":[\"1\"],\"columns[5].queryType\":[\"LIKE\"],\"columns[5].htmlType\":[\"input\"],\"columns[5].dictType\":[\"\"],\"columns[6].columnId\":[\"136\"],\"columns[6].sort\":[\"7\"],\"columns[6].columnComment\":[\"缴费时间\"],\"columns[6].javaType\":[\"Da', '{\"msg\":\"操作成功\",\"code\":0}', 0, NULL, '2022-04-09 20:38:42');
INSERT INTO `sys_oper_log` VALUES (192, '代码生成', 2, 'com.ruoyi.project.tool.gen.controller.GenController.editSave()', 'POST', 1, 'admin', '计算机科学与技术', '/tool/gen/edit', '127.0.0.1', '内网IP', '{\"tableId\":[\"10\"],\"tableName\":[\"payment_record\"],\"tableComment\":[\"缴费记录\"],\"className\":[\"PaymentRecord\"],\"functionAuthor\":[\"ruoyi\"],\"remark\":[\"\"],\"columns[0].columnId\":[\"130\"],\"columns[0].sort\":[\"1\"],\"columns[0].columnComment\":[\"缴费记录id\"],\"columns[0].javaType\":[\"Long\"],\"columns[0].javaField\":[\"prId\"],\"columns[0].queryType\":[\"EQ\"],\"columns[0].htmlType\":[\"input\"],\"columns[0].dictType\":[\"\"],\"columns[1].columnId\":[\"131\"],\"columns[1].sort\":[\"2\"],\"columns[1].columnComment\":[\"缴费项\"],\"columns[1].javaType\":[\"Long\"],\"columns[1].javaField\":[\"prPiid\"],\"columns[1].isInsert\":[\"1\"],\"columns[1].isEdit\":[\"1\"],\"columns[1].isQuery\":[\"1\"],\"columns[1].queryType\":[\"EQ\"],\"columns[1].isRequired\":[\"1\"],\"columns[1].htmlType\":[\"select\"],\"columns[1].dictType\":[\"sys_common_status\"],\"columns[2].columnId\":[\"132\"],\"columns[2].sort\":[\"3\"],\"columns[2].columnComment\":[\"缴费项\"],\"columns[2].javaType\":[\"String\"],\"columns[2].javaField\":[\"prPiname\"],\"columns[2].isList\":[\"1\"],\"columns[2].queryType\":[\"LIKE\"],\"columns[2].htmlType\":[\"input\"],\"columns[2].dictType\":[\"\"],\"columns[3].columnId\":[\"133\"],\"columns[3].sort\":[\"4\"],\"columns[3].columnComment\":[\"缴费学生\"],\"columns[3].javaType\":[\"Long\"],\"columns[3].javaField\":[\"prStuid\"],\"columns[3].queryType\":[\"EQ\"],\"columns[3].htmlType\":[\"input\"],\"columns[3].dictType\":[\"\"],\"columns[4].columnId\":[\"134\"],\"columns[4].sort\":[\"5\"],\"columns[4].columnComment\":[\"缴费学生\"],\"columns[4].javaType\":[\"String\"],\"columns[4].javaField\":[\"prStuno\"],\"columns[4].queryType\":[\"EQ\"],\"columns[4].htmlType\":[\"input\"],\"columns[4].dictType\":[\"\"],\"columns[5].columnId\":[\"135\"],\"columns[5].sort\":[\"6\"],\"columns[5].columnComment\":[\"缴费人\"],\"columns[5].javaType\":[\"String\"],\"columns[5].javaField\":[\"prStuname\"],\"columns[5].isInsert\":[\"1\"],\"columns[5].isEdit\":[\"1\"],\"columns[5].isList\":[\"1\"],\"columns[5].isQuery\":[\"1\"],\"columns[5].queryType\":[\"LIKE\"],\"columns[5].htmlType\":[\"input\"],\"columns[5].dictType\":[\"\"],\"columns[6].columnId\":[\"136\"],\"columns[6].sort\":[\"7\"],\"columns[6].columnComment\":[\"缴费时间\"],\"columns[6].javaType\":[\"Da', '{\"msg\":\"操作成功\",\"code\":0}', 0, NULL, '2022-04-09 20:40:51');
INSERT INTO `sys_oper_log` VALUES (193, '代码生成', 2, 'com.ruoyi.project.tool.gen.controller.GenController.editSave()', 'POST', 1, 'admin', '计算机科学与技术', '/tool/gen/edit', '127.0.0.1', '内网IP', '{\"tableId\":[\"6\"],\"tableName\":[\"checkin\"],\"tableComment\":[\"新生报到记录\"],\"className\":[\"Checkin\"],\"functionAuthor\":[\"ruoyi\"],\"remark\":[\"\"],\"columns[0].columnId\":[\"72\"],\"columns[0].sort\":[\"1\"],\"columns[0].columnComment\":[\"报到记录id\"],\"columns[0].javaType\":[\"Long\"],\"columns[0].javaField\":[\"checkinId\"],\"columns[0].queryType\":[\"EQ\"],\"columns[0].htmlType\":[\"input\"],\"columns[0].dictType\":[\"\"],\"columns[1].columnId\":[\"73\"],\"columns[1].sort\":[\"2\"],\"columns[1].columnComment\":[\"报到学生\"],\"columns[1].javaType\":[\"Long\"],\"columns[1].javaField\":[\"checkinStuid\"],\"columns[1].queryType\":[\"EQ\"],\"columns[1].htmlType\":[\"input\"],\"columns[1].dictType\":[\"\"],\"columns[2].columnId\":[\"74\"],\"columns[2].sort\":[\"3\"],\"columns[2].columnComment\":[\"报到学生\"],\"columns[2].javaType\":[\"String\"],\"columns[2].javaField\":[\"checkinStuno\"],\"columns[2].queryType\":[\"EQ\"],\"columns[2].htmlType\":[\"input\"],\"columns[2].dictType\":[\"\"],\"columns[3].columnId\":[\"75\"],\"columns[3].sort\":[\"4\"],\"columns[3].columnComment\":[\"报到学生\"],\"columns[3].javaType\":[\"String\"],\"columns[3].javaField\":[\"checkinStuname\"],\"columns[3].isInsert\":[\"1\"],\"columns[3].isList\":[\"1\"],\"columns[3].isQuery\":[\"1\"],\"columns[3].queryType\":[\"LIKE\"],\"columns[3].htmlType\":[\"input\"],\"columns[3].dictType\":[\"\"],\"columns[4].columnId\":[\"76\"],\"columns[4].sort\":[\"5\"],\"columns[4].columnComment\":[\"专业\"],\"columns[4].javaType\":[\"Long\"],\"columns[4].javaField\":[\"checkinMajorid\"],\"columns[4].isInsert\":[\"1\"],\"columns[4].isEdit\":[\"1\"],\"columns[4].isQuery\":[\"1\"],\"columns[4].queryType\":[\"EQ\"],\"columns[4].isRequired\":[\"1\"],\"columns[4].htmlType\":[\"select\"],\"columns[4].dictType\":[\"sys_common_status\"],\"columns[5].columnId\":[\"77\"],\"columns[5].sort\":[\"6\"],\"columns[5].columnComment\":[\"专业\"],\"columns[5].javaType\":[\"String\"],\"columns[5].javaField\":[\"checkinMajor\"],\"columns[5].isList\":[\"1\"],\"columns[5].queryType\":[\"EQ\"],\"columns[5].htmlType\":[\"input\"],\"columns[5].dictType\":[\"\"],\"columns[6].columnId\":[\"78\"],\"columns[6].sort\":[\"7\"],\"columns[6].columnComment\":[\"班级\"],\"columns[6].javaType\":[\"Long\"],\"columns[6].j', '{\"msg\":\"操作成功\",\"code\":0}', 0, NULL, '2022-04-09 20:43:07');
INSERT INTO `sys_oper_log` VALUES (194, '代码生成', 3, 'com.ruoyi.project.tool.gen.controller.GenController.remove()', 'POST', 1, 'admin', '计算机科学与技术', '/tool/gen/remove', '127.0.0.1', '内网IP', '{\"ids\":[\"1\"]}', '{\"msg\":\"操作成功\",\"code\":0}', 0, NULL, '2022-04-09 20:43:14');
INSERT INTO `sys_oper_log` VALUES (195, '代码生成', 2, 'com.ruoyi.project.tool.gen.controller.GenController.editSave()', 'POST', 1, 'admin', '计算机科学与技术', '/tool/gen/edit', '127.0.0.1', '内网IP', '{\"tableId\":[\"5\"],\"tableName\":[\"class1\"],\"tableComment\":[\"班级表\"],\"className\":[\"Class1\"],\"functionAuthor\":[\"ruoyi\"],\"remark\":[\"\"],\"columns[0].columnId\":[\"60\"],\"columns[0].sort\":[\"1\"],\"columns[0].columnComment\":[\"班级id\"],\"columns[0].javaType\":[\"Long\"],\"columns[0].javaField\":[\"classId\"],\"columns[0].queryType\":[\"EQ\"],\"columns[0].htmlType\":[\"input\"],\"columns[0].dictType\":[\"\"],\"columns[1].columnId\":[\"61\"],\"columns[1].sort\":[\"2\"],\"columns[1].columnComment\":[\"班级名称\"],\"columns[1].javaType\":[\"String\"],\"columns[1].javaField\":[\"className\"],\"columns[1].isInsert\":[\"1\"],\"columns[1].isEdit\":[\"1\"],\"columns[1].isList\":[\"1\"],\"columns[1].isQuery\":[\"1\"],\"columns[1].queryType\":[\"LIKE\"],\"columns[1].isRequired\":[\"1\"],\"columns[1].htmlType\":[\"input\"],\"columns[1].dictType\":[\"\"],\"columns[2].columnId\":[\"62\"],\"columns[2].sort\":[\"3\"],\"columns[2].columnComment\":[\"专业\"],\"columns[2].javaType\":[\"Long\"],\"columns[2].javaField\":[\"classMajorid\"],\"columns[2].isInsert\":[\"1\"],\"columns[2].isEdit\":[\"1\"],\"columns[2].isQuery\":[\"1\"],\"columns[2].queryType\":[\"EQ\"],\"columns[2].isRequired\":[\"1\"],\"columns[2].htmlType\":[\"select\"],\"columns[2].dictType\":[\"sys_common_status\"],\"columns[3].columnId\":[\"63\"],\"columns[3].sort\":[\"4\"],\"columns[3].columnComment\":[\"专业\"],\"columns[3].javaType\":[\"String\"],\"columns[3].javaField\":[\"classMajor\"],\"columns[3].isList\":[\"1\"],\"columns[3].queryType\":[\"EQ\"],\"columns[3].htmlType\":[\"input\"],\"columns[3].dictType\":[\"\"],\"columns[4].columnId\":[\"64\"],\"columns[4].sort\":[\"5\"],\"columns[4].columnComment\":[\"备注\"],\"columns[4].javaType\":[\"String\"],\"columns[4].javaField\":[\"remark\"],\"columns[4].isInsert\":[\"1\"],\"columns[4].isEdit\":[\"1\"],\"columns[4].isList\":[\"1\"],\"columns[4].queryType\":[\"EQ\"],\"columns[4].htmlType\":[\"input\"],\"columns[4].dictType\":[\"\"],\"columns[5].columnId\":[\"65\"],\"columns[5].sort\":[\"6\"],\"columns[5].columnComment\":[\"删除标记\"],\"columns[5].javaType\":[\"String\"],\"columns[5].javaField\":[\"delflag\"],\"columns[5].queryType\":[\"EQ\"],\"columns[5].htmlType\":[\"input\"],\"columns[5].dictType\":[\"\"],\"columns[6].columnId\":[\"', '{\"msg\":\"操作成功\",\"code\":0}', 0, NULL, '2022-04-09 20:43:47');
INSERT INTO `sys_oper_log` VALUES (196, '代码生成', 2, 'com.ruoyi.project.tool.gen.controller.GenController.editSave()', 'POST', 1, 'admin', '计算机科学与技术', '/tool/gen/edit', '127.0.0.1', '内网IP', '{\"tableId\":[\"2\"],\"tableName\":[\"dormitory\"],\"tableComment\":[\"宿舍信息\"],\"className\":[\"Dormitory\"],\"functionAuthor\":[\"ruoyi\"],\"remark\":[\"\"],\"columns[0].columnId\":[\"13\"],\"columns[0].sort\":[\"1\"],\"columns[0].columnComment\":[\"宿舍id\"],\"columns[0].javaType\":[\"Long\"],\"columns[0].javaField\":[\"dorId\"],\"columns[0].queryType\":[\"EQ\"],\"columns[0].htmlType\":[\"input\"],\"columns[0].dictType\":[\"\"],\"columns[1].columnId\":[\"14\"],\"columns[1].sort\":[\"2\"],\"columns[1].columnComment\":[\"父级\"],\"columns[1].javaType\":[\"String\"],\"columns[1].javaField\":[\"dorParentid\"],\"columns[1].isInsert\":[\"1\"],\"columns[1].isEdit\":[\"1\"],\"columns[1].queryType\":[\"EQ\"],\"columns[1].isRequired\":[\"1\"],\"columns[1].htmlType\":[\"input\"],\"columns[1].dictType\":[\"\"],\"columns[2].columnId\":[\"15\"],\"columns[2].sort\":[\"3\"],\"columns[2].columnComment\":[\"宿舍号\"],\"columns[2].javaType\":[\"String\"],\"columns[2].javaField\":[\"dorNo\"],\"columns[2].isInsert\":[\"1\"],\"columns[2].isEdit\":[\"1\"],\"columns[2].isList\":[\"1\"],\"columns[2].isQuery\":[\"1\"],\"columns[2].queryType\":[\"EQ\"],\"columns[2].isRequired\":[\"1\"],\"columns[2].htmlType\":[\"input\"],\"columns[2].dictType\":[\"\"],\"columns[3].columnId\":[\"16\"],\"columns[3].sort\":[\"4\"],\"columns[3].columnComment\":[\"宿舍名称\"],\"columns[3].javaType\":[\"String\"],\"columns[3].javaField\":[\"dorName\"],\"columns[3].isInsert\":[\"1\"],\"columns[3].isEdit\":[\"1\"],\"columns[3].isList\":[\"1\"],\"columns[3].isQuery\":[\"1\"],\"columns[3].queryType\":[\"LIKE\"],\"columns[3].isRequired\":[\"1\"],\"columns[3].htmlType\":[\"input\"],\"columns[3].dictType\":[\"\"],\"columns[4].columnId\":[\"17\"],\"columns[4].sort\":[\"5\"],\"columns[4].columnComment\":[\"床位数\"],\"columns[4].javaType\":[\"Long\"],\"columns[4].javaField\":[\"dorBeds\"],\"columns[4].isInsert\":[\"1\"],\"columns[4].isEdit\":[\"1\"],\"columns[4].isList\":[\"1\"],\"columns[4].queryType\":[\"EQ\"],\"columns[4].isRequired\":[\"1\"],\"columns[4].htmlType\":[\"input\"],\"columns[4].dictType\":[\"\"],\"columns[5].columnId\":[\"18\"],\"columns[5].sort\":[\"6\"],\"columns[5].columnComment\":[\"宿舍描述\"],\"columns[5].javaType\":[\"String\"],\"columns[5].javaField\":[\"dorDescription\"],\"columns[5', '{\"msg\":\"操作成功\",\"code\":0}', 0, NULL, '2022-04-09 20:45:32');
INSERT INTO `sys_oper_log` VALUES (197, '代码生成', 2, 'com.ruoyi.project.tool.gen.controller.GenController.editSave()', 'POST', 1, 'admin', '计算机科学与技术', '/tool/gen/edit', '127.0.0.1', '内网IP', '{\"tableId\":[\"3\"],\"tableName\":[\"major\"],\"tableComment\":[\"专业信息\"],\"className\":[\"Major\"],\"functionAuthor\":[\"ruoyi\"],\"remark\":[\"\"],\"columns[0].columnId\":[\"27\"],\"columns[0].sort\":[\"1\"],\"columns[0].columnComment\":[\"专业id\"],\"columns[0].javaType\":[\"Long\"],\"columns[0].javaField\":[\"majorId\"],\"columns[0].queryType\":[\"EQ\"],\"columns[0].htmlType\":[\"input\"],\"columns[0].dictType\":[\"\"],\"columns[1].columnId\":[\"28\"],\"columns[1].sort\":[\"2\"],\"columns[1].columnComment\":[\"专业名称\"],\"columns[1].javaType\":[\"String\"],\"columns[1].javaField\":[\"majorName\"],\"columns[1].isInsert\":[\"1\"],\"columns[1].isEdit\":[\"1\"],\"columns[1].isList\":[\"1\"],\"columns[1].isQuery\":[\"1\"],\"columns[1].queryType\":[\"LIKE\"],\"columns[1].isRequired\":[\"1\"],\"columns[1].htmlType\":[\"input\"],\"columns[1].dictType\":[\"\"],\"columns[2].columnId\":[\"29\"],\"columns[2].sort\":[\"3\"],\"columns[2].columnComment\":[\"专业描述\"],\"columns[2].javaType\":[\"String\"],\"columns[2].javaField\":[\"majorDescription\"],\"columns[2].isInsert\":[\"1\"],\"columns[2].isEdit\":[\"1\"],\"columns[2].isList\":[\"1\"],\"columns[2].isQuery\":[\"1\"],\"columns[2].queryType\":[\"EQ\"],\"columns[2].isRequired\":[\"1\"],\"columns[2].htmlType\":[\"textarea\"],\"columns[2].dictType\":[\"\"],\"columns[3].columnId\":[\"30\"],\"columns[3].sort\":[\"4\"],\"columns[3].columnComment\":[\"备注\"],\"columns[3].javaType\":[\"String\"],\"columns[3].javaField\":[\"remark\"],\"columns[3].isInsert\":[\"1\"],\"columns[3].isEdit\":[\"1\"],\"columns[3].isList\":[\"1\"],\"columns[3].queryType\":[\"EQ\"],\"columns[3].htmlType\":[\"input\"],\"columns[3].dictType\":[\"\"],\"columns[4].columnId\":[\"31\"],\"columns[4].sort\":[\"5\"],\"columns[4].columnComment\":[\"删除标记\"],\"columns[4].javaType\":[\"Integer\"],\"columns[4].javaField\":[\"delflag\"],\"columns[4].queryType\":[\"EQ\"],\"columns[4].htmlType\":[\"input\"],\"columns[4].dictType\":[\"\"],\"columns[5].columnId\":[\"32\"],\"columns[5].sort\":[\"6\"],\"columns[5].columnComment\":[\"创建人id\"],\"columns[5].javaType\":[\"Long\"],\"columns[5].javaField\":[\"createByid\"],\"columns[5].queryType\":[\"EQ\"],\"columns[5].htmlType\":[\"input\"],\"columns[5].dictType\":[\"\"],\"columns[6].columnId\":[\"33\"],\"', '{\"msg\":\"操作成功\",\"code\":0}', 0, NULL, '2022-04-09 20:46:23');
INSERT INTO `sys_oper_log` VALUES (198, '字典类型', 1, 'com.ruoyi.project.system.dict.controller.DictTypeController.addSave()', 'POST', 1, 'admin', '计算机科学与技术', '/system/dict/add', '127.0.0.1', '内网IP', '{\"dictName\":[\"宿舍状态\"],\"dictType\":[\"dormitory_status\"],\"status\":[\"0\"],\"remark\":[\"\"]}', '{\"msg\":\"操作成功\",\"code\":0}', 0, NULL, '2022-04-09 20:48:52');
INSERT INTO `sys_oper_log` VALUES (199, '字典数据', 1, 'com.ruoyi.project.system.dict.controller.DictDataController.addSave()', 'POST', 1, 'admin', '计算机科学与技术', '/system/dict/data/add', '127.0.0.1', '内网IP', '{\"dictLabel\":[\"正常\"],\"dictValue\":[\"1\"],\"dictType\":[\"dormitory_status\"],\"cssClass\":[\"\"],\"dictSort\":[\"1\"],\"listClass\":[\"default\"],\"isDefault\":[\"Y\"],\"status\":[\"0\"],\"remark\":[\"\"]}', '{\"msg\":\"操作成功\",\"code\":0}', 0, NULL, '2022-04-09 20:49:30');
INSERT INTO `sys_oper_log` VALUES (200, '字典数据', 1, 'com.ruoyi.project.system.dict.controller.DictDataController.addSave()', 'POST', 1, 'admin', '计算机科学与技术', '/system/dict/data/add', '127.0.0.1', '内网IP', '{\"dictLabel\":[\"已停用\"],\"dictValue\":[\"2\"],\"dictType\":[\"dormitory_status\"],\"cssClass\":[\"\"],\"dictSort\":[\"2\"],\"listClass\":[\"danger\"],\"isDefault\":[\"Y\"],\"status\":[\"0\"],\"remark\":[\"\"]}', '{\"msg\":\"操作成功\",\"code\":0}', 0, NULL, '2022-04-09 20:49:42');
INSERT INTO `sys_oper_log` VALUES (201, '字典类型', 1, 'com.ruoyi.project.system.dict.controller.DictTypeController.addSave()', 'POST', 1, 'admin', '计算机科学与技术', '/system/dict/add', '127.0.0.1', '内网IP', '{\"dictName\":[\"学生状态\"],\"dictType\":[\"student_status\"],\"status\":[\"0\"],\"remark\":[\"\"]}', '{\"msg\":\"操作成功\",\"code\":0}', 0, NULL, '2022-04-09 20:55:40');
INSERT INTO `sys_oper_log` VALUES (202, '字典数据', 1, 'com.ruoyi.project.system.dict.controller.DictDataController.addSave()', 'POST', 1, 'admin', '计算机科学与技术', '/system/dict/data/add', '127.0.0.1', '内网IP', '{\"dictLabel\":[\"未报到\"],\"dictValue\":[\"1\"],\"dictType\":[\"student_status\"],\"cssClass\":[\"\"],\"dictSort\":[\"1\"],\"listClass\":[\"primary\"],\"isDefault\":[\"Y\"],\"status\":[\"0\"],\"remark\":[\"\"]}', '{\"msg\":\"操作成功\",\"code\":0}', 0, NULL, '2022-04-09 20:56:00');
INSERT INTO `sys_oper_log` VALUES (203, '字典数据', 2, 'com.ruoyi.project.system.dict.controller.DictDataController.editSave()', 'POST', 1, 'admin', '计算机科学与技术', '/system/dict/data/edit', '127.0.0.1', '内网IP', '{\"dictCode\":[\"104\"],\"dictLabel\":[\"未报到\"],\"dictValue\":[\"1\"],\"dictType\":[\"student_status\"],\"cssClass\":[\"\"],\"dictSort\":[\"1\"],\"listClass\":[\"default\"],\"isDefault\":[\"Y\"],\"status\":[\"0\"],\"remark\":[\"\"]}', '{\"msg\":\"操作成功\",\"code\":0}', 0, NULL, '2022-04-09 20:56:08');
INSERT INTO `sys_oper_log` VALUES (204, '字典数据', 1, 'com.ruoyi.project.system.dict.controller.DictDataController.addSave()', 'POST', 1, 'admin', '计算机科学与技术', '/system/dict/data/add', '127.0.0.1', '内网IP', '{\"dictLabel\":[\"已报到\"],\"dictValue\":[\"2\"],\"dictType\":[\"student_status\"],\"cssClass\":[\"\"],\"dictSort\":[\"2\"],\"listClass\":[\"primary\"],\"isDefault\":[\"Y\"],\"status\":[\"0\"],\"remark\":[\"\"]}', '{\"msg\":\"操作成功\",\"code\":0}', 0, NULL, '2022-04-09 20:56:23');
INSERT INTO `sys_oper_log` VALUES (205, '代码生成', 2, 'com.ruoyi.project.tool.gen.controller.GenController.editSave()', 'POST', 1, 'admin', '计算机科学与技术', '/tool/gen/edit', '127.0.0.1', '内网IP', '{\"tableId\":[\"4\"],\"tableName\":[\"student\"],\"tableComment\":[\"学生信息\"],\"className\":[\"Student\"],\"functionAuthor\":[\"ruoyi\"],\"remark\":[\"\"],\"columns[0].columnId\":[\"38\"],\"columns[0].sort\":[\"1\"],\"columns[0].columnComment\":[\"学生id\"],\"columns[0].javaType\":[\"Long\"],\"columns[0].javaField\":[\"stuId\"],\"columns[0].queryType\":[\"EQ\"],\"columns[0].htmlType\":[\"input\"],\"columns[0].dictType\":[\"\"],\"columns[1].columnId\":[\"39\"],\"columns[1].sort\":[\"2\"],\"columns[1].columnComment\":[\"学号\"],\"columns[1].javaType\":[\"String\"],\"columns[1].javaField\":[\"stuNo\"],\"columns[1].isInsert\":[\"1\"],\"columns[1].isEdit\":[\"1\"],\"columns[1].isList\":[\"1\"],\"columns[1].isQuery\":[\"1\"],\"columns[1].queryType\":[\"EQ\"],\"columns[1].isRequired\":[\"1\"],\"columns[1].htmlType\":[\"input\"],\"columns[1].dictType\":[\"\"],\"columns[2].columnId\":[\"40\"],\"columns[2].sort\":[\"3\"],\"columns[2].columnComment\":[\"姓名\"],\"columns[2].javaType\":[\"String\"],\"columns[2].javaField\":[\"stuName\"],\"columns[2].isInsert\":[\"1\"],\"columns[2].isEdit\":[\"1\"],\"columns[2].isList\":[\"1\"],\"columns[2].isQuery\":[\"1\"],\"columns[2].queryType\":[\"LIKE\"],\"columns[2].isRequired\":[\"1\"],\"columns[2].htmlType\":[\"input\"],\"columns[2].dictType\":[\"\"],\"columns[3].columnId\":[\"41\"],\"columns[3].sort\":[\"4\"],\"columns[3].columnComment\":[\"性别\"],\"columns[3].javaType\":[\"String\"],\"columns[3].javaField\":[\"stuGender\"],\"columns[3].isInsert\":[\"1\"],\"columns[3].isEdit\":[\"1\"],\"columns[3].isList\":[\"1\"],\"columns[3].isQuery\":[\"1\"],\"columns[3].queryType\":[\"EQ\"],\"columns[3].isRequired\":[\"1\"],\"columns[3].htmlType\":[\"select\"],\"columns[3].dictType\":[\"sys_user_sex\"],\"columns[4].columnId\":[\"42\"],\"columns[4].sort\":[\"5\"],\"columns[4].columnComment\":[\"手机号\"],\"columns[4].javaType\":[\"String\"],\"columns[4].javaField\":[\"stuPhoneno\"],\"columns[4].isInsert\":[\"1\"],\"columns[4].isEdit\":[\"1\"],\"columns[4].isList\":[\"1\"],\"columns[4].isQuery\":[\"1\"],\"columns[4].queryType\":[\"EQ\"],\"columns[4].isRequired\":[\"1\"],\"columns[4].htmlType\":[\"input\"],\"columns[4].dictType\":[\"\"],\"columns[5].columnId\":[\"43\"],\"columns[5].sort\":[\"6\"],\"columns[5].columnComment\":[\"身份证', '{\"msg\":\"操作成功\",\"code\":0}', 0, NULL, '2022-04-09 20:56:40');
INSERT INTO `sys_oper_log` VALUES (206, '代码生成', 8, 'com.ruoyi.project.tool.gen.controller.GenController.batchGenCode()', 'GET', 1, 'admin', '计算机科学与技术', '/tool/gen/batchGenCode', '127.0.0.1', '内网IP', '{\"tables\":[\"comp_news,leaveword,payment_item,payment_record,checkin,class1,dormitory,major,student\"]}', NULL, 0, NULL, '2022-04-09 20:56:55');
INSERT INTO `sys_oper_log` VALUES (207, '部门管理', 2, 'com.ruoyi.project.system.dept.controller.DeptController.editSave()', 'POST', 1, 'admin', '计算机科学与技术', '/system/dept/edit', '127.0.0.1', '内网IP', '{\"deptId\":[\"100\"],\"parentId\":[\"0\"],\"parentName\":[\"无\"],\"deptName\":[\"唐山学院\"],\"orderNum\":[\"0\"],\"leader\":[\"超级管理员\"],\"phone\":[\"15888888888\"],\"email\":[\"ry@qq.com\"],\"status\":[\"0\"]}', '{\"msg\":\"操作成功\",\"code\":0}', 0, NULL, '2022-04-09 21:08:27');
INSERT INTO `sys_oper_log` VALUES (208, '部门管理', 2, 'com.ruoyi.project.system.dept.controller.DeptController.editSave()', 'POST', 1, 'admin', '计算机科学与技术', '/system/dept/edit', '127.0.0.1', '内网IP', '{\"deptId\":[\"200\"],\"parentId\":[\"100\"],\"parentName\":[\"唐山学院\"],\"deptName\":[\"财务部\"],\"orderNum\":[\"1\"],\"leader\":[\"会计\"],\"phone\":[\"18856549782\"],\"email\":[\"12345@163.com\"],\"status\":[\"0\"]}', '{\"msg\":\"操作成功\",\"code\":0}', 0, NULL, '2022-04-09 21:09:18');
INSERT INTO `sys_oper_log` VALUES (209, '用户管理', 2, 'com.ruoyi.project.system.user.controller.UserController.editSave()', 'POST', 1, 'admin', '计算机科学与技术', '/system/user/edit', '127.0.0.1', '内网IP', '{\"userId\":[\"1\"],\"deptId\":[\"100\"],\"userName\":[\"超级管理员\"],\"dept.deptName\":[\"唐山学院\"],\"phonenumber\":[\"15888888888\"],\"email\":[\"154545@163.com\"],\"loginName\":[\"admin\"],\"sex\":[\"0\"],\"role\":[\"1\"],\"remark\":[\"超级管理员\"],\"status\":[\"0\"],\"roleIds\":[\"1\"],\"postIds\":[\"\"]}', NULL, 1, '不允许操作超级管理员用户', '2022-04-09 21:10:23');
INSERT INTO `sys_oper_log` VALUES (210, '用户管理', 2, 'com.ruoyi.project.system.user.controller.UserController.editSave()', 'POST', 1, 'admin', '计算机科学与技术', '/system/user/edit', '127.0.0.1', '内网IP', '{\"userId\":[\"1\"],\"deptId\":[\"100\"],\"userName\":[\"超级管理员\"],\"dept.deptName\":[\"唐山学院\"],\"phonenumber\":[\"15888888888\"],\"email\":[\"154545@163.com\"],\"loginName\":[\"admin\"],\"sex\":[\"0\"],\"role\":[\"1\"],\"remark\":[\"超级管理员\"],\"status\":[\"0\"],\"roleIds\":[\"1\"],\"postIds\":[\"1\"]}', NULL, 1, '不允许操作超级管理员用户', '2022-04-09 21:10:29');
INSERT INTO `sys_oper_log` VALUES (211, '用户管理', 2, 'com.ruoyi.project.system.user.controller.UserController.editSave()', 'POST', 1, 'admin', '计算机科学与技术', '/system/user/edit', '127.0.0.1', '内网IP', '{\"userId\":[\"1\"],\"deptId\":[\"100\"],\"userName\":[\"超级管理员\"],\"dept.deptName\":[\"唐山学院\"],\"phonenumber\":[\"15888888888\"],\"email\":[\"154545@163.com\"],\"loginName\":[\"admin\"],\"sex\":[\"0\"],\"role\":[\"2\"],\"remark\":[\"超级管理员\"],\"status\":[\"0\"],\"roleIds\":[\"2\"],\"postIds\":[\"1\"]}', NULL, 1, '不允许操作超级管理员用户', '2022-04-09 21:10:35');
INSERT INTO `sys_oper_log` VALUES (212, '岗位管理', 2, 'com.ruoyi.project.system.post.controller.PostController.editSave()', 'POST', 1, 'admin', '计算机科学与技术', '/system/post/edit', '127.0.0.1', '内网IP', '{\"postId\":[\"1\"],\"postName\":[\"系统管理员\"],\"postCode\":[\"manager\"],\"postSort\":[\"1\"],\"status\":[\"0\"],\"remark\":[\"\"]}', '{\"msg\":\"操作成功\",\"code\":0}', 0, NULL, '2022-04-09 21:11:07');
INSERT INTO `sys_oper_log` VALUES (213, '岗位管理', 2, 'com.ruoyi.project.system.post.controller.PostController.editSave()', 'POST', 1, 'admin', '计算机科学与技术', '/system/post/edit', '127.0.0.1', '内网IP', '{\"postId\":[\"2\"],\"postName\":[\"辅导员\"],\"postCode\":[\"leader\"],\"postSort\":[\"2\"],\"status\":[\"0\"],\"remark\":[\"\"]}', '{\"msg\":\"操作成功\",\"code\":0}', 0, NULL, '2022-04-09 21:11:47');
INSERT INTO `sys_oper_log` VALUES (214, '岗位管理', 2, 'com.ruoyi.project.system.post.controller.PostController.editSave()', 'POST', 1, 'admin', '计算机科学与技术', '/system/post/edit', '127.0.0.1', '内网IP', '{\"postId\":[\"4\"],\"postName\":[\"学生\"],\"postCode\":[\"student\"],\"postSort\":[\"4\"],\"status\":[\"0\"],\"remark\":[\"\"]}', '{\"msg\":\"操作成功\",\"code\":0}', 0, NULL, '2022-04-09 21:12:12');
INSERT INTO `sys_oper_log` VALUES (215, '岗位管理', 2, 'com.ruoyi.project.system.post.controller.PostController.editSave()', 'POST', 1, 'admin', '计算机科学与技术', '/system/post/edit', '127.0.0.1', '内网IP', '{\"postId\":[\"2\"],\"postName\":[\"辅导员\"],\"postCode\":[\"counselor\"],\"postSort\":[\"2\"],\"status\":[\"0\"],\"remark\":[\"\"]}', '{\"msg\":\"操作成功\",\"code\":0}', 0, NULL, '2022-04-09 21:12:59');
INSERT INTO `sys_oper_log` VALUES (216, '岗位管理', 2, 'com.ruoyi.project.system.post.controller.PostController.editSave()', 'POST', 1, 'admin', '计算机科学与技术', '/system/post/edit', '127.0.0.1', '内网IP', '{\"postId\":[\"3\"],\"postName\":[\"财务\"],\"postCode\":[\"financial\"],\"postSort\":[\"3\"],\"status\":[\"0\"],\"remark\":[\"\"]}', '{\"msg\":\"操作成功\",\"code\":0}', 0, NULL, '2022-04-09 21:13:21');
INSERT INTO `sys_oper_log` VALUES (217, '用户管理', 2, 'com.ruoyi.project.system.user.controller.UserController.editSave()', 'POST', 1, 'admin', '计算机科学与技术', '/system/user/edit', '127.0.0.1', '内网IP', '{\"userId\":[\"1\"],\"deptId\":[\"100\"],\"userName\":[\"超级管理员\"],\"dept.deptName\":[\"唐山学院\"],\"phonenumber\":[\"15888888888\"],\"email\":[\"154545@163.com\"],\"loginName\":[\"admin\"],\"sex\":[\"0\"],\"role\":[\"1\"],\"remark\":[\"超级管理员\"],\"status\":[\"0\"],\"roleIds\":[\"1\"],\"postIds\":[\"1\"]}', NULL, 1, '不允许操作超级管理员用户', '2022-04-09 21:13:40');
INSERT INTO `sys_oper_log` VALUES (218, '用户管理', 1, 'com.ruoyi.project.system.user.controller.UserController.addSave()', 'POST', 1, 'admin', '计算机科学与技术', '/system/user/add', '127.0.0.1', '内网IP', '{\"deptId\":[\"100\"],\"userName\":[\"系统管理员\"],\"deptName\":[\"唐山学院\"],\"phonenumber\":[\"17864195168\"],\"email\":[\"14258@163.com\"],\"loginName\":[\"admin1\"],\"sex\":[\"0\"],\"role\":[\"2\"],\"remark\":[\"\"],\"status\":[\"0\"],\"roleIds\":[\"2\"],\"postIds\":[\"1\"]}', '{\"msg\":\"操作成功\",\"code\":0}', 0, NULL, '2022-04-09 21:15:36');
INSERT INTO `sys_oper_log` VALUES (219, '角色管理', 2, 'com.ruoyi.project.system.role.controller.RoleController.editSave()', 'POST', 1, 'admin', '计算机科学与技术', '/system/role/edit', '127.0.0.1', '内网IP', '{\"roleId\":[\"2\"],\"roleName\":[\"普通角色\"],\"roleKey\":[\"common\"],\"roleSort\":[\"2\"],\"status\":[\"0\"],\"remark\":[\"普通角色\"],\"menuIds\":[\"1,100,1000,1001,1002,1003,1004,1005,1006,101,1007,1008,1009,1010,1011,103,1016,1017,1018,1019,105,1025,1026,1027,1028,1029,107,1035,1036,1037,1038,2,109,1047,1048,1049,111,112,113,2000,2013,2014,2015,2016,2017,2018,2031,2032,2033,2034,2035,2036,2037,2038,2039,2040,2041,2042,2043,2044,2045,2046,2047,2048,2049,2050,2051,2052,2053,2054,2055,2056,2057,2058,2059,2060,2025,2026,2027,2028,2029,2030,2019,2020,2021,2022,2023,2024,2007,2008,2009,2010,2011,2012\"]}', '{\"msg\":\"操作成功\",\"code\":0}', 0, NULL, '2022-04-09 21:16:33');
INSERT INTO `sys_oper_log` VALUES (220, '角色管理', 2, 'com.ruoyi.project.system.role.controller.RoleController.editSave()', 'POST', 1, 'admin', '计算机科学与技术', '/system/role/edit', '127.0.0.1', '内网IP', '{\"roleId\":[\"2\"],\"roleName\":[\"管理员\"],\"roleKey\":[\"common\"],\"roleSort\":[\"2\"],\"status\":[\"0\"],\"remark\":[\"管理员\"],\"menuIds\":[\"1,100,1000,1001,1002,1003,1004,1005,1006,101,1007,1008,1009,1010,1011,103,1016,1017,1018,1019,105,1025,1026,1027,1028,1029,107,1035,1036,1037,1038,2,109,1047,1048,1049,111,112,113,2000,2013,2014,2015,2016,2017,2018,2031,2032,2033,2034,2035,2036,2037,2038,2039,2040,2041,2042,2043,2044,2045,2046,2047,2048,2049,2050,2051,2052,2053,2054,2055,2056,2057,2058,2059,2060,2025,2026,2027,2028,2029,2030,2019,2020,2021,2022,2023,2024,2007,2008,2009,2010,2011,2012\"]}', '{\"msg\":\"操作成功\",\"code\":0}', 0, NULL, '2022-04-09 21:17:06');
INSERT INTO `sys_oper_log` VALUES (221, '角色管理', 1, 'com.ruoyi.project.system.role.controller.RoleController.addSave()', 'POST', 1, 'admin', '计算机科学与技术', '/system/role/add', '127.0.0.1', '内网IP', '{\"roleName\":[\"辅导员\"],\"roleKey\":[\"counselor\"],\"roleSort\":[\"3\"],\"status\":[\"0\"],\"remark\":[\"\"],\"menuIds\":[\"2000,2013,2014,2015,2016,2017,2018,2037,2038,2039,2040,2041,2042,2043,2044,2045,2046,2047,2048,2025,2026,2027,2028,2029,2030,2019,2020,2021,2022,2023,2024,2007,2008,2009,2010,2011,2012\"]}', '{\"msg\":\"操作成功\",\"code\":0}', 0, NULL, '2022-04-09 21:19:55');
INSERT INTO `sys_oper_log` VALUES (222, '角色管理', 1, 'com.ruoyi.project.system.role.controller.RoleController.addSave()', 'POST', 1, 'admin', '计算机科学与技术', '/system/role/add', '127.0.0.1', '内网IP', '{\"roleName\":[\"财务\"],\"roleKey\":[\"financial\"],\"roleSort\":[\"4\"],\"status\":[\"0\"],\"remark\":[\"\"],\"menuIds\":[\"2000,2031,2032,2033,2034,2035,2036,2049,2050,2051,2052,2053,2054\"]}', '{\"msg\":\"操作成功\",\"code\":0}', 0, NULL, '2022-04-09 21:21:12');
INSERT INTO `sys_oper_log` VALUES (223, '角色管理', 1, 'com.ruoyi.project.system.role.controller.RoleController.addSave()', 'POST', 1, 'admin', '计算机科学与技术', '/system/role/add', '127.0.0.1', '内网IP', '{\"roleName\":[\"学生\"],\"roleKey\":[\"student\"],\"roleSort\":[\"5\"],\"status\":[\"0\"],\"remark\":[\"\"],\"menuIds\":[\"2000,2013,2014,2031,2032,2049,2050,2025,2026,2019,2020\"]}', '{\"msg\":\"操作成功\",\"code\":0}', 0, NULL, '2022-04-09 21:23:13');
INSERT INTO `sys_oper_log` VALUES (224, '角色管理', 2, 'com.ruoyi.project.system.role.controller.RoleController.editSave()', 'POST', 1, 'admin', '计算机科学与技术', '/system/role/edit', '127.0.0.1', '内网IP', '{\"roleId\":[\"101\"],\"roleName\":[\"财务\"],\"roleKey\":[\"financial\"],\"roleSort\":[\"4\"],\"status\":[\"0\"],\"remark\":[\"\"],\"menuIds\":[\"2000,2013,2014,2031,2032,2033,2034,2035,2036,2049,2050,2051,2052,2053,2054,2025,2026,2019,2020\"]}', '{\"msg\":\"操作成功\",\"code\":0}', 0, NULL, '2022-04-09 21:23:44');
INSERT INTO `sys_oper_log` VALUES (225, '角色管理', 2, 'com.ruoyi.project.system.role.controller.RoleController.editSave()', 'POST', 1, 'admin', '计算机科学与技术', '/system/role/edit', '127.0.0.1', '内网IP', '{\"roleId\":[\"100\"],\"roleName\":[\"辅导员\"],\"roleKey\":[\"counselor\"],\"roleSort\":[\"3\"],\"status\":[\"0\"],\"remark\":[\"\"],\"menuIds\":[\"2000,2013,2014,2037,2038,2039,2040,2041,2042,2043,2044,2045,2046,2047,2048,2025,2026,2019,2020,2007,2008,2009,2010,2011,2012\"]}', '{\"msg\":\"操作成功\",\"code\":0}', 0, NULL, '2022-04-09 21:25:11');
INSERT INTO `sys_oper_log` VALUES (226, '角色管理', 2, 'com.ruoyi.project.system.role.controller.RoleController.editSave()', 'POST', 1, 'admin', '计算机科学与技术', '/system/role/edit', '127.0.0.1', '内网IP', '{\"roleId\":[\"2\"],\"roleName\":[\"管理员\"],\"roleKey\":[\"common\"],\"roleSort\":[\"2\"],\"status\":[\"0\"],\"remark\":[\"管理员\"],\"menuIds\":[\"1,100,1000,1001,1002,1003,1004,1005,1006,101,1007,1008,1009,1010,1011,103,1016,1017,1018,1019,105,1025,1026,1027,1028,1029,107,1035,1036,1037,1038,2,109,1047,1048,1049,111,112,113,2000,2013,2014,2015,2016,2017,2018,2031,2032,2033,2034,2035,2036,2037,2038,2039,2040,2041,2042,2043,2044,2045,2046,2047,2048,2049,2050,2051,2052,2053,2054,2055,2056,2057,2058,2059,2060,2025,2026,2027,2028,2029,2030,2019,2020,2021,2022,2023,2024,2007,2008,2009,2010,2011,2012\"]}', '{\"msg\":\"操作成功\",\"code\":0}', 0, NULL, '2022-04-09 21:25:28');
INSERT INTO `sys_oper_log` VALUES (227, '用户管理', 2, 'com.ruoyi.project.system.user.controller.UserController.editSave()', 'POST', 1, 'admin', '计算机科学与技术', '/system/user/edit', '127.0.0.1', '内网IP', '{\"userId\":[\"100\"],\"deptId\":[\"100\"],\"userName\":[\"系统管理员\"],\"dept.deptName\":[\"唐山学院\"],\"phonenumber\":[\"17864195168\"],\"email\":[\"14258@163.com\"],\"loginName\":[\"admin1\"],\"sex\":[\"0\"],\"role\":[\"2\"],\"remark\":[\"\"],\"status\":[\"0\"],\"roleIds\":[\"2\"],\"postIds\":[\"1\"]}', '{\"msg\":\"操作成功\",\"code\":0}', 0, NULL, '2022-04-09 21:25:53');
INSERT INTO `sys_oper_log` VALUES (228, '用户管理', 1, 'com.ruoyi.project.system.user.controller.UserController.addSave()', 'POST', 1, 'admin', '计算机科学与技术', '/system/user/add', '127.0.0.1', '内网IP', '{\"deptId\":[\"200\"],\"userName\":[\"财务会计\"],\"deptName\":[\"财务部\"],\"phonenumber\":[\"17864185789\"],\"email\":[\"125474@qq.com\"],\"loginName\":[\"accountant1\"],\"sex\":[\"0\"],\"role\":[\"101\"],\"remark\":[\"\"],\"status\":[\"0\"],\"roleIds\":[\"101\"],\"postIds\":[\"3\"]}', '{\"msg\":\"操作成功\",\"code\":0}', 0, NULL, '2022-04-09 21:27:01');
INSERT INTO `sys_oper_log` VALUES (229, '用户管理', 1, 'com.ruoyi.project.system.user.controller.UserController.addSave()', 'POST', 1, 'admin', '计算机科学与技术', '/system/user/add', '127.0.0.1', '内网IP', '{\"deptId\":[\"103\"],\"userName\":[\"辅导员\"],\"deptName\":[\"计算机科学与技术\"],\"phonenumber\":[\"18954879630\"],\"email\":[\"14298@163.com\"],\"loginName\":[\"counselor\"],\"sex\":[\"0\"],\"role\":[\"100\"],\"remark\":[\"\"],\"status\":[\"0\"],\"roleIds\":[\"100\"],\"postIds\":[\"2\"]}', '{\"msg\":\"操作成功\",\"code\":0}', 0, NULL, '2022-04-09 21:28:12');
INSERT INTO `sys_oper_log` VALUES (230, '用户管理', 1, 'com.ruoyi.project.system.user.controller.UserController.addSave()', 'POST', 1, 'admin', '计算机科学与技术', '/system/user/add', '127.0.0.1', '内网IP', '{\"deptId\":[\"103\"],\"userName\":[\"张三\"],\"deptName\":[\"计算机科学与技术\"],\"phonenumber\":[\"17864195162\"],\"email\":[\"123685@qq.com\"],\"loginName\":[\"student1\"],\"sex\":[\"1\"],\"role\":[\"102\"],\"remark\":[\"\"],\"status\":[\"0\"],\"roleIds\":[\"102\"],\"postIds\":[\"4\"]}', '{\"msg\":\"操作成功\",\"code\":0}', 0, NULL, '2022-04-09 21:29:07');
INSERT INTO `sys_oper_log` VALUES (231, '角色管理', 2, 'com.ruoyi.project.system.role.controller.RoleController.authDataScopeSave()', 'POST', 1, 'admin', '计算机科学与技术', '/system/role/authDataScope', '127.0.0.1', '内网IP', '{\"roleId\":[\"2\"],\"roleName\":[\"管理员\"],\"roleKey\":[\"common\"],\"dataScope\":[\"1\"],\"deptIds\":[\"\"]}', '{\"msg\":\"操作成功\",\"code\":0}', 0, NULL, '2022-04-09 21:30:17');
INSERT INTO `sys_oper_log` VALUES (232, '角色管理', 2, 'com.ruoyi.project.system.role.controller.RoleController.authDataScopeSave()', 'POST', 1, 'admin', '计算机科学与技术', '/system/role/authDataScope', '127.0.0.1', '内网IP', '{\"roleId\":[\"2\"],\"roleName\":[\"管理员\"],\"roleKey\":[\"common\"],\"dataScope\":[\"2\"],\"deptIds\":[\"100,200,102,108,109,101,103,105\"]}', '{\"msg\":\"操作成功\",\"code\":0}', 0, NULL, '2022-04-09 21:31:36');
INSERT INTO `sys_oper_log` VALUES (233, '角色管理', 2, 'com.ruoyi.project.system.role.controller.RoleController.authDataScopeSave()', 'POST', 1, 'admin', '计算机科学与技术', '/system/role/authDataScope', '127.0.0.1', '内网IP', '{\"roleId\":[\"100\"],\"roleName\":[\"辅导员\"],\"roleKey\":[\"counselor\"],\"dataScope\":[\"2\"],\"deptIds\":[\"100,101,103\"]}', '{\"msg\":\"操作成功\",\"code\":0}', 0, NULL, '2022-04-09 21:32:11');
INSERT INTO `sys_oper_log` VALUES (234, '角色管理', 2, 'com.ruoyi.project.system.role.controller.RoleController.authDataScopeSave()', 'POST', 1, 'admin', '计算机科学与技术', '/system/role/authDataScope', '127.0.0.1', '内网IP', '{\"roleId\":[\"101\"],\"roleName\":[\"财务\"],\"roleKey\":[\"financial\"],\"dataScope\":[\"2\"],\"deptIds\":[\"100,200,102,108,109,101,103,105\"]}', '{\"msg\":\"操作成功\",\"code\":0}', 0, NULL, '2022-04-09 21:32:28');
INSERT INTO `sys_oper_log` VALUES (235, '角色管理', 2, 'com.ruoyi.project.system.role.controller.RoleController.authDataScopeSave()', 'POST', 1, 'admin', '计算机科学与技术', '/system/role/authDataScope', '127.0.0.1', '内网IP', '{\"roleId\":[\"102\"],\"roleName\":[\"学生\"],\"roleKey\":[\"student\"],\"dataScope\":[\"2\"],\"deptIds\":[\"100,200,102,108,109,101,103,105\"]}', '{\"msg\":\"操作成功\",\"code\":0}', 0, NULL, '2022-04-09 21:32:38');
INSERT INTO `sys_oper_log` VALUES (236, '角色管理', 2, 'com.ruoyi.project.system.role.controller.RoleController.authDataScopeSave()', 'POST', 1, 'admin', '计算机科学与技术', '/system/role/authDataScope', '127.0.0.1', '内网IP', '{\"roleId\":[\"100\"],\"roleName\":[\"辅导员\"],\"roleKey\":[\"counselor\"],\"dataScope\":[\"2\"],\"deptIds\":[\"100,200,102,108,109,101,103,105\"]}', '{\"msg\":\"操作成功\",\"code\":0}', 0, NULL, '2022-04-09 21:32:47');
INSERT INTO `sys_oper_log` VALUES (237, '个人信息', 2, 'com.ruoyi.project.system.user.controller.ProfileController.updateAvatar()', 'POST', 1, 'admin1', '唐山学院', '/system/user/profile/updateAvatar', '127.0.0.1', '内网IP', '', '{\"msg\":\"操作成功\",\"code\":0}', 0, NULL, '2022-04-09 21:35:09');
INSERT INTO `sys_oper_log` VALUES (238, '角色管理', 2, 'com.ruoyi.project.system.role.controller.RoleController.editSave()', 'POST', 1, 'admin', '计算机科学与技术', '/system/role/edit', '127.0.0.1', '内网IP', '{\"roleId\":[\"102\"],\"roleName\":[\"学生\"],\"roleKey\":[\"student\"],\"roleSort\":[\"5\"],\"status\":[\"0\"],\"remark\":[\"\"],\"menuIds\":[\"2000,2013,2014,2031,2032,2037,2038,2039,2040,2049,2050,2025,2026,2019,2020\"]}', '{\"msg\":\"操作成功\",\"code\":0}', 0, NULL, '2022-04-09 21:40:01');
INSERT INTO `sys_oper_log` VALUES (239, '菜单管理', 2, 'com.ruoyi.project.system.menu.controller.MenuController.editSave()', 'POST', 1, 'admin', '计算机科学与技术', '/system/menu/edit', '127.0.0.1', '内网IP', '{\"menuId\":[\"2037\"],\"parentId\":[\"2000\"],\"menuType\":[\"C\"],\"menuName\":[\"留言管理\"],\"url\":[\"/system/leaveword\"],\"target\":[\"menuItem\"],\"perms\":[\"system:leaveword:view\"],\"orderNum\":[\"1\"],\"icon\":[\"#\"],\"visible\":[\"0\"],\"isRefresh\":[\"1\"]}', '{\"msg\":\"操作成功\",\"code\":0}', 0, NULL, '2022-04-09 21:43:40');
INSERT INTO `sys_oper_log` VALUES (240, '菜单管理', 2, 'com.ruoyi.project.system.menu.controller.MenuController.editSave()', 'POST', 1, 'admin', '计算机科学与技术', '/system/menu/edit', '127.0.0.1', '内网IP', '{\"menuId\":[\"2043\"],\"parentId\":[\"2000\"],\"menuType\":[\"C\"],\"menuName\":[\"新生报到\"],\"url\":[\"/system/checkin\"],\"target\":[\"menuItem\"],\"perms\":[\"system:checkin:view\"],\"orderNum\":[\"1\"],\"icon\":[\"#\"],\"visible\":[\"0\"],\"isRefresh\":[\"1\"]}', '{\"msg\":\"操作成功\",\"code\":0}', 0, NULL, '2022-04-09 21:43:51');
INSERT INTO `sys_oper_log` VALUES (241, '菜单管理', 2, 'com.ruoyi.project.system.menu.controller.MenuController.editSave()', 'POST', 1, 'admin', '计算机科学与技术', '/system/menu/edit', '127.0.0.1', '内网IP', '{\"menuId\":[\"2055\"],\"parentId\":[\"1\"],\"menuType\":[\"C\"],\"menuName\":[\"校园新闻\"],\"url\":[\"/system/news\"],\"target\":[\"menuItem\"],\"perms\":[\"system:news:view\"],\"orderNum\":[\"1\"],\"icon\":[\"#\"],\"visible\":[\"0\"],\"isRefresh\":[\"1\"]}', '{\"msg\":\"操作成功\",\"code\":0}', 0, NULL, '2022-04-09 21:47:24');
INSERT INTO `sys_oper_log` VALUES (242, '菜单管理', 2, 'com.ruoyi.project.system.menu.controller.MenuController.editSave()', 'POST', 1, 'admin', '计算机科学与技术', '/system/menu/edit', '127.0.0.1', '内网IP', '{\"menuId\":[\"2055\"],\"parentId\":[\"1\"],\"menuType\":[\"C\"],\"menuName\":[\"校园新闻\"],\"url\":[\"/system/news\"],\"target\":[\"menuItem\"],\"perms\":[\"system:news:view\"],\"orderNum\":[\"4\"],\"icon\":[\"#\"],\"visible\":[\"0\"],\"isRefresh\":[\"1\"]}', '{\"msg\":\"操作成功\",\"code\":0}', 0, NULL, '2022-04-09 21:47:41');
INSERT INTO `sys_oper_log` VALUES (243, '菜单管理', 2, 'com.ruoyi.project.system.menu.controller.MenuController.editSave()', 'POST', 1, 'admin', '计算机科学与技术', '/system/menu/edit', '127.0.0.1', '内网IP', '{\"menuId\":[\"2055\"],\"parentId\":[\"1\"],\"menuType\":[\"C\"],\"menuName\":[\"校园新闻\"],\"url\":[\"/system/news\"],\"target\":[\"menuItem\"],\"perms\":[\"system:news:view\"],\"orderNum\":[\"4\"],\"icon\":[\"fa fa-newspaper-o\"],\"visible\":[\"0\"],\"isRefresh\":[\"1\"]}', '{\"msg\":\"操作成功\",\"code\":0}', 0, NULL, '2022-04-09 21:48:24');
INSERT INTO `sys_oper_log` VALUES (244, '菜单管理', 2, 'com.ruoyi.project.system.menu.controller.MenuController.editSave()', 'POST', 1, 'admin', '计算机科学与技术', '/system/menu/edit', '127.0.0.1', '内网IP', '{\"menuId\":[\"2007\"],\"parentId\":[\"2000\"],\"menuType\":[\"C\"],\"menuName\":[\"宿舍管理\"],\"url\":[\"/system/dormitory\"],\"target\":[\"menuItem\"],\"perms\":[\"system:dormitory:view\"],\"orderNum\":[\"4\"],\"icon\":[\"fa fa-home\"],\"visible\":[\"0\"],\"isRefresh\":[\"1\"]}', '{\"msg\":\"操作成功\",\"code\":0}', 0, NULL, '2022-04-09 21:49:02');
INSERT INTO `sys_oper_log` VALUES (245, '菜单管理', 2, 'com.ruoyi.project.system.menu.controller.MenuController.editSave()', 'POST', 1, 'admin', '计算机科学与技术', '/system/menu/edit', '127.0.0.1', '内网IP', '{\"menuId\":[\"2013\"],\"parentId\":[\"2000\"],\"menuType\":[\"C\"],\"menuName\":[\"专业信息\"],\"url\":[\"/system/major\"],\"target\":[\"menuItem\"],\"perms\":[\"system:major:view\"],\"orderNum\":[\"1\"],\"icon\":[\"fa fa-map\"],\"visible\":[\"0\"],\"isRefresh\":[\"1\"]}', '{\"msg\":\"操作成功\",\"code\":0}', 0, NULL, '2022-04-09 21:49:54');
INSERT INTO `sys_oper_log` VALUES (246, '菜单管理', 2, 'com.ruoyi.project.system.menu.controller.MenuController.editSave()', 'POST', 1, 'admin', '计算机科学与技术', '/system/menu/edit', '127.0.0.1', '内网IP', '{\"menuId\":[\"2031\"],\"parentId\":[\"2000\"],\"menuType\":[\"C\"],\"menuName\":[\"缴费记录\"],\"url\":[\"/system/record\"],\"target\":[\"menuItem\"],\"perms\":[\"system:record:view\"],\"orderNum\":[\"1\"],\"icon\":[\"fa fa-registered\"],\"visible\":[\"0\"],\"isRefresh\":[\"1\"]}', '{\"msg\":\"操作成功\",\"code\":0}', 0, NULL, '2022-04-09 21:50:47');
INSERT INTO `sys_oper_log` VALUES (247, '菜单管理', 2, 'com.ruoyi.project.system.menu.controller.MenuController.editSave()', 'POST', 1, 'admin', '计算机科学与技术', '/system/menu/edit', '127.0.0.1', '内网IP', '{\"menuId\":[\"2049\"],\"parentId\":[\"2000\"],\"menuType\":[\"C\"],\"menuName\":[\"缴费项目\"],\"url\":[\"/system/item\"],\"target\":[\"menuItem\"],\"perms\":[\"system:item:view\"],\"orderNum\":[\"1\"],\"icon\":[\"fa fa-money\"],\"visible\":[\"0\"],\"isRefresh\":[\"1\"]}', '{\"msg\":\"操作成功\",\"code\":0}', 0, NULL, '2022-04-09 21:52:35');
INSERT INTO `sys_oper_log` VALUES (248, '菜单管理', 2, 'com.ruoyi.project.system.menu.controller.MenuController.editSave()', 'POST', 1, 'admin', '计算机科学与技术', '/system/menu/edit', '127.0.0.1', '内网IP', '{\"menuId\":[\"2037\"],\"parentId\":[\"2000\"],\"menuType\":[\"C\"],\"menuName\":[\"留言管理\"],\"url\":[\"/system/leaveword\"],\"target\":[\"menuItem\"],\"perms\":[\"system:leaveword:view\"],\"orderNum\":[\"1\"],\"icon\":[\"fa fa-commenting-o\"],\"visible\":[\"0\"],\"isRefresh\":[\"1\"]}', '{\"msg\":\"操作成功\",\"code\":0}', 0, NULL, '2022-04-09 21:52:52');
INSERT INTO `sys_oper_log` VALUES (249, '菜单管理', 2, 'com.ruoyi.project.system.menu.controller.MenuController.editSave()', 'POST', 1, 'admin', '计算机科学与技术', '/system/menu/edit', '127.0.0.1', '内网IP', '{\"menuId\":[\"2043\"],\"parentId\":[\"2000\"],\"menuType\":[\"C\"],\"menuName\":[\"新生报到\"],\"url\":[\"/system/checkin\"],\"target\":[\"menuItem\"],\"perms\":[\"system:checkin:view\"],\"orderNum\":[\"1\"],\"icon\":[\"fa fa-male\"],\"visible\":[\"0\"],\"isRefresh\":[\"1\"]}', '{\"msg\":\"操作成功\",\"code\":0}', 0, NULL, '2022-04-09 21:53:07');
INSERT INTO `sys_oper_log` VALUES (250, '菜单管理', 2, 'com.ruoyi.project.system.menu.controller.MenuController.editSave()', 'POST', 1, 'admin', '计算机科学与技术', '/system/menu/edit', '127.0.0.1', '内网IP', '{\"menuId\":[\"2025\"],\"parentId\":[\"2000\"],\"menuType\":[\"C\"],\"menuName\":[\"班级信息\"],\"url\":[\"/system/class1\"],\"target\":[\"menuItem\"],\"perms\":[\"system:class1:view\"],\"orderNum\":[\"2\"],\"icon\":[\"fa fa-sitemap\"],\"visible\":[\"0\"],\"isRefresh\":[\"1\"]}', '{\"msg\":\"操作成功\",\"code\":0}', 0, NULL, '2022-04-09 22:45:31');
INSERT INTO `sys_oper_log` VALUES (251, '菜单管理', 2, 'com.ruoyi.project.system.menu.controller.MenuController.editSave()', 'POST', 1, 'admin', '计算机科学与技术', '/system/menu/edit', '127.0.0.1', '内网IP', '{\"menuId\":[\"2019\"],\"parentId\":[\"2000\"],\"menuType\":[\"C\"],\"menuName\":[\"学生信息\"],\"url\":[\"/system/student\"],\"target\":[\"menuItem\"],\"perms\":[\"system:student:view\"],\"orderNum\":[\"3\"],\"icon\":[\"fa fa-vcard-o\"],\"visible\":[\"0\"],\"isRefresh\":[\"1\"]}', '{\"msg\":\"操作成功\",\"code\":0}', 0, NULL, '2022-04-09 22:45:43');
INSERT INTO `sys_oper_log` VALUES (252, '通知公告', 1, 'com.ruoyi.project.system.notice.controller.NoticeController.addSave()', 'POST', 1, 'admin', '计算机科学与技术', '/system/notice/add', '127.0.0.1', '内网IP', '{\"noticeTitle\":[\"欢迎2023届新生入校\"],\"noticeType\":[\"1\"],\"noticeContent\":[\"<p>热烈欢迎2023届新生入校</p>\"],\"status\":[\"0\"]}', '{\"msg\":\"操作成功\",\"code\":0}', 0, NULL, '2022-04-10 09:25:34');
INSERT INTO `sys_oper_log` VALUES (253, '校园新闻', 1, 'com.ruoyi.project.system.news.controller.CompNewsController.addSave()', 'POST', 1, 'admin', '计算机科学与技术', '/system/news/add', '127.0.0.1', '内网IP', '{\"newsTitle\":[\"新生开学了\"],\"newsContent\":[\"<p>2023级新生开学了</p><p><img src=\\\"http://localhost:8088/profile/upload/2022/04/10/优惠奖励大图_20220410094435A001.png\\\" style=\\\"width: 101px;\\\"></p><p>欢迎来到计算机专业大家庭</p><p><a href=\\\"https://www.baidu.com\\\" target=\\\"_blank\\\">百度一下</a><br></p>\"],\"newsStatuscode\":[\"1\"],\"newsStatus\":[\"新建\"],\"newsOrder\":[\"1\"],\"newsSummary\":[\"这是一条测试新闻\"],\"newsThumbnail\":[\"\"]}', '{\"msg\":\"操作成功\",\"code\":0}', 0, NULL, '2022-04-10 09:46:24');
INSERT INTO `sys_oper_log` VALUES (254, '校园新闻', 1, 'com.ruoyi.project.system.news.controller.CompNewsController.addSave()', 'POST', 1, 'admin', '计算机科学与技术', '/system/news/add', '127.0.0.1', '内网IP', '{\"newsTitle\":[\"测试一下缩略图上传\"],\"newsContent\":[\"<p>测试一下缩略图上传<br></p>\"],\"newsStatuscode\":[\"2\"],\"newsStatus\":[\"已发布\"],\"newsOrder\":[\"2\"],\"newsSummary\":[\"测试一下缩略图上传\"],\"newsThumbnail\":[\"http://localhost:8088/profile/upload/2022/04/10/积分奖励大图_20220410095107A002.png\"]}', '{\"msg\":\"操作成功\",\"code\":0}', 0, NULL, '2022-04-10 09:51:11');
INSERT INTO `sys_oper_log` VALUES (255, '校园新闻', 2, 'com.ruoyi.project.system.news.controller.CompNewsController.editSave()', 'POST', 1, 'admin', '计算机科学与技术', '/system/news/edit', '127.0.0.1', '内网IP', '{\"newsId\":[\"2\"],\"newsUsername\":[\"超级管理员\"],\"newsTitle\":[\"测试一下缩略图上传\"],\"newsContent\":[\"测试一下缩略图上传\"],\"newsStatuscode\":[\"2\"],\"newsOrder\":[\"2\"],\"newsSummary\":[\"测试一下缩略图上传\"],\"newsThumbnail\":[\"http://localhost:8088/profile/upload/2022/04/10/积分奖励大图_20220410095107A002.png\"]}', '{\"msg\":\"操作成功\",\"code\":0}', 0, NULL, '2022-04-10 09:51:24');
INSERT INTO `sys_oper_log` VALUES (256, '代码生成', 2, 'com.ruoyi.project.tool.gen.controller.GenController.synchDb()', 'GET', 1, 'admin', '计算机科学与技术', '/tool/gen/synchDb/leaveword', '127.0.0.1', '内网IP', '\"leaveword\"', '{\"msg\":\"操作成功\",\"code\":0}', 0, NULL, '2022-04-10 10:27:11');
INSERT INTO `sys_oper_log` VALUES (257, '代码生成', 2, 'com.ruoyi.project.tool.gen.controller.GenController.editSave()', 'POST', 1, 'admin', '计算机科学与技术', '/tool/gen/edit', '127.0.0.1', '内网IP', '{\"tableId\":[\"8\"],\"tableName\":[\"leaveword\"],\"tableComment\":[\"留言\"],\"className\":[\"Leaveword\"],\"functionAuthor\":[\"ruoyi\"],\"remark\":[\"\"],\"columns[0].columnId\":[\"105\"],\"columns[0].sort\":[\"1\"],\"columns[0].columnComment\":[\"留言id\"],\"columns[0].javaType\":[\"Long\"],\"columns[0].javaField\":[\"lwId\"],\"columns[0].queryType\":[\"EQ\"],\"columns[0].htmlType\":[\"input\"],\"columns[0].dictType\":[\"\"],\"columns[1].columnId\":[\"144\"],\"columns[1].sort\":[\"2\"],\"columns[1].columnComment\":[\"用户\"],\"columns[1].javaType\":[\"Long\"],\"columns[1].javaField\":[\"lwUserid\"],\"columns[1].queryType\":[\"EQ\"],\"columns[1].htmlType\":[\"input\"],\"columns[1].dictType\":[\"\"],\"columns[2].columnId\":[\"145\"],\"columns[2].sort\":[\"3\"],\"columns[2].columnComment\":[\"用户\"],\"columns[2].javaType\":[\"String\"],\"columns[2].javaField\":[\"lwUsername\"],\"columns[2].isList\":[\"1\"],\"columns[2].isQuery\":[\"1\"],\"columns[2].queryType\":[\"LIKE\"],\"columns[2].htmlType\":[\"input\"],\"columns[2].dictType\":[\"\"],\"columns[3].columnId\":[\"106\"],\"columns[3].sort\":[\"4\"],\"columns[3].columnComment\":[\"留言学生\"],\"columns[3].javaType\":[\"Long\"],\"columns[3].javaField\":[\"lwStuid\"],\"columns[3].queryType\":[\"EQ\"],\"columns[3].htmlType\":[\"input\"],\"columns[3].dictType\":[\"\"],\"columns[4].columnId\":[\"107\"],\"columns[4].sort\":[\"5\"],\"columns[4].columnComment\":[\"留言学生\"],\"columns[4].javaType\":[\"String\"],\"columns[4].javaField\":[\"lwStuno\"],\"columns[4].queryType\":[\"EQ\"],\"columns[4].htmlType\":[\"input\"],\"columns[4].dictType\":[\"\"],\"columns[5].columnId\":[\"108\"],\"columns[5].sort\":[\"6\"],\"columns[5].columnComment\":[\"留言学生\"],\"columns[5].javaType\":[\"String\"],\"columns[5].javaField\":[\"lwStuname\"],\"columns[5].queryType\":[\"LIKE\"],\"columns[5].htmlType\":[\"input\"],\"columns[5].dictType\":[\"\"],\"columns[6].columnId\":[\"109\"],\"columns[6].sort\":[\"7\"],\"columns[6].columnComment\":[\"留言内容\"],\"columns[6].javaType\":[\"String\"],\"columns[6].javaField\":[\"lwContent\"],\"columns[6].isInsert\":[\"1\"],\"columns[6].isEdit\":[\"1\"],\"columns[6].isList\":[\"1\"],\"columns[6].isQuery\":[\"1\"],\"columns[6].queryType\":[\"EQ\"],\"columns[6].isRequired\":[\"1\"],\"columns[', '{\"msg\":\"操作成功\",\"code\":0}', 0, NULL, '2022-04-10 10:28:48');
INSERT INTO `sys_oper_log` VALUES (258, '留言', 1, 'com.ruoyi.project.system.leaveword.controller.LeavewordController.addSave()', 'POST', 1, 'admin', '计算机科学与技术', '/system/leaveword/add', '127.0.0.1', '内网IP', '{\"lwContent\":[\"<p>测试留言</p><p><img src=\\\"http://localhost:8088/profile/upload/2022/04/10/活动特权大图_20220410103650A001.png\\\" style=\\\"width: 101px;\\\"><br></p>\"]}', '{\"msg\":\"操作成功\",\"code\":0}', 0, NULL, '2022-04-10 10:36:51');
INSERT INTO `sys_oper_log` VALUES (259, '留言', 2, 'com.ruoyi.project.system.leaveword.controller.LeavewordController.editSave()', 'POST', 1, 'admin', '计算机科学与技术', '/system/leaveword/edit', '127.0.0.1', '内网IP', '{\"lwId\":[\"1\"],\"lwContent\":[\"<p>测试留言</p><p><img src=\\\"http://localhost:8088/profile/upload/2022/04/10/活动特权大图_20220410103650A001.png\\\"></p>\"]}', '{\"msg\":\"操作成功\",\"code\":0}', 0, NULL, '2022-04-10 10:37:00');
INSERT INTO `sys_oper_log` VALUES (260, '留言', 2, 'com.ruoyi.project.system.leaveword.controller.LeavewordController.editSave()', 'POST', 1, 'admin', '计算机科学与技术', '/system/leaveword/edit', '127.0.0.1', '内网IP', '{\"lwId\":[\"1\"],\"lwContent\":[\"<p>测试留言</p><p><img src=\\\"http://localhost:8088/profile/upload/2022/04/10/活动特权大图_20220410103650A001.png\\\"></p><p>实打实</p><p><br></p>\"]}', '{\"msg\":\"操作成功\",\"code\":0}', 0, NULL, '2022-04-10 10:37:33');
INSERT INTO `sys_oper_log` VALUES (261, '留言', 2, 'com.ruoyi.project.system.leaveword.controller.LeavewordController.editSave()', 'POST', 1, 'admin', '计算机科学与技术', '/system/leaveword/edit', '127.0.0.1', '内网IP', '{\"lwId\":[\"1\"],\"lwContent\":[\"<p>测试留言</p><p style=\\\"text-align: left;\\\"><img src=\\\"http://localhost:8088/profile/upload/2022/04/10/活动特权大图_20220410103650A001.png\\\"></p><p style=\\\"text-align: left;\\\">实打实</p>\"]}', '{\"msg\":\"操作成功\",\"code\":0}', 0, NULL, '2022-04-10 10:38:01');
INSERT INTO `sys_oper_log` VALUES (262, '留言', 2, 'com.ruoyi.project.system.leaveword.controller.LeavewordController.editSave()', 'POST', 1, 'admin', '计算机科学与技术', '/system/leaveword/edit', '127.0.0.1', '内网IP', '{\"lwId\":[\"1\"],\"lwContent\":[\"<p>测试留言<img src=\\\"http://localhost:8088/profile/upload/2022/04/10/%E6%B4%BB%E5%8A%A8%E7%89%B9%E6%9D%83%E5%A4%A7%E5%9B%BE_20220410103650A001.png\\\" class=\\\"note-float-left\\\" style=\\\"float: left;\\\"><br></p><p>测试留言<img src=\\\"http://localhost:8088/profile/upload/2022/04/10/活动特权大图_20220410103650A001.png\\\" class=\\\"note-float-left\\\" style=\\\"float: left;\\\"><br></p>\"]}', '{\"msg\":\"操作成功\",\"code\":0}', 0, NULL, '2022-04-10 10:38:58');
INSERT INTO `sys_oper_log` VALUES (263, '留言', 2, 'com.ruoyi.project.system.leaveword.controller.LeavewordController.editSave()', 'POST', 1, 'admin', '计算机科学与技术', '/system/leaveword/edit', '127.0.0.1', '内网IP', '{\"lwId\":[\"1\"],\"lwContent\":[\"<p>测试留言</p><p><img src=\\\"http://localhost:8088/profile/upload/2022/04/10/活动特权大图_20220410103650A001.png\\\"></p>\"]}', '{\"msg\":\"操作成功\",\"code\":0}', 0, NULL, '2022-04-10 10:39:12');
INSERT INTO `sys_oper_log` VALUES (264, '留言', 1, 'com.ruoyi.project.system.leaveword.controller.LeavewordController.addSave()', 'POST', 1, 'admin', '计算机科学与技术', '/system/leaveword/add', '127.0.0.1', '内网IP', '{\"lwContent\":[\"<p>测试留言</p>\"]}', '{\"msg\":\"操作成功\",\"code\":0}', 0, NULL, '2022-04-10 10:41:55');
INSERT INTO `sys_oper_log` VALUES (265, '留言', 3, 'com.ruoyi.project.system.leaveword.controller.LeavewordController.remove()', 'POST', 1, 'admin', '计算机科学与技术', '/system/leaveword/remove', '127.0.0.1', '内网IP', '{\"ids\":[\"1\"]}', '{\"msg\":\"操作成功\",\"code\":0}', 0, NULL, '2022-04-10 10:41:59');
INSERT INTO `sys_oper_log` VALUES (266, '留言', 2, 'com.ruoyi.project.system.leaveword.controller.LeavewordController.editSave()', 'POST', 1, 'admin', '计算机科学与技术', '/system/leaveword/edit', '127.0.0.1', '内网IP', '{\"lwId\":[\"2\"],\"lwContent\":[\"测试留言111\"]}', '{\"msg\":\"操作成功\",\"code\":0}', 0, NULL, '2022-04-10 10:44:14');
INSERT INTO `sys_oper_log` VALUES (267, '代码生成', 2, 'com.ruoyi.project.tool.gen.controller.GenController.editSave()', 'POST', 1, 'admin', '计算机科学与技术', '/tool/gen/edit', '127.0.0.1', '内网IP', '{\"tableId\":[\"9\"],\"tableName\":[\"payment_item\"],\"tableComment\":[\"缴费项目\"],\"className\":[\"PaymentItem\"],\"functionAuthor\":[\"ruoyi\"],\"remark\":[\"\"],\"columns[0].columnId\":[\"118\"],\"columns[0].sort\":[\"1\"],\"columns[0].columnComment\":[\"缴费项id\"],\"columns[0].javaType\":[\"Long\"],\"columns[0].javaField\":[\"piId\"],\"columns[0].queryType\":[\"EQ\"],\"columns[0].htmlType\":[\"input\"],\"columns[0].dictType\":[\"\"],\"columns[1].columnId\":[\"119\"],\"columns[1].sort\":[\"2\"],\"columns[1].columnComment\":[\"缴费项\"],\"columns[1].javaType\":[\"String\"],\"columns[1].javaField\":[\"piName\"],\"columns[1].isInsert\":[\"1\"],\"columns[1].isEdit\":[\"1\"],\"columns[1].isList\":[\"1\"],\"columns[1].isQuery\":[\"1\"],\"columns[1].queryType\":[\"LIKE\"],\"columns[1].isRequired\":[\"1\"],\"columns[1].htmlType\":[\"input\"],\"columns[1].dictType\":[\"\"],\"columns[2].columnId\":[\"120\"],\"columns[2].sort\":[\"3\"],\"columns[2].columnComment\":[\"缴费金额\"],\"columns[2].javaType\":[\"BigDecimal\"],\"columns[2].javaField\":[\"piAmount\"],\"columns[2].isInsert\":[\"1\"],\"columns[2].isEdit\":[\"1\"],\"columns[2].isList\":[\"1\"],\"columns[2].queryType\":[\"EQ\"],\"columns[2].isRequired\":[\"1\"],\"columns[2].htmlType\":[\"input\"],\"columns[2].dictType\":[\"\"],\"columns[3].columnId\":[\"121\"],\"columns[3].sort\":[\"4\"],\"columns[3].columnComment\":[\"截止时间\"],\"columns[3].javaType\":[\"Date\"],\"columns[3].javaField\":[\"piDeadline\"],\"columns[3].isInsert\":[\"1\"],\"columns[3].isEdit\":[\"1\"],\"columns[3].isList\":[\"1\"],\"columns[3].queryType\":[\"EQ\"],\"columns[3].isRequired\":[\"1\"],\"columns[3].htmlType\":[\"datetime\"],\"columns[3].dictType\":[\"\"],\"columns[4].columnId\":[\"122\"],\"columns[4].sort\":[\"5\"],\"columns[4].columnComment\":[\"备注\"],\"columns[4].javaType\":[\"String\"],\"columns[4].javaField\":[\"remark\"],\"columns[4].isInsert\":[\"1\"],\"columns[4].isEdit\":[\"1\"],\"columns[4].queryType\":[\"EQ\"],\"columns[4].htmlType\":[\"input\"],\"columns[4].dictType\":[\"\"],\"columns[5].columnId\":[\"123\"],\"columns[5].sort\":[\"6\"],\"columns[5].columnComment\":[\"删除标记\"],\"columns[5].javaType\":[\"Integer\"],\"columns[5].javaField\":[\"delflag\"],\"columns[5].queryType\":[\"EQ\"],\"columns[5].htmlType\":[\"', '{\"msg\":\"操作成功\",\"code\":0}', 0, NULL, '2022-04-10 10:48:49');
INSERT INTO `sys_oper_log` VALUES (268, '缴费项目', 1, 'com.ruoyi.project.system.item.controller.PaymentItemController.addSave()', 'POST', 1, 'admin', '计算机科学与技术', '/system/item/add', '127.0.0.1', '内网IP', '{\"piName\":[\"2023年度学杂费\"],\"piAmount\":[\"1100.5\"],\"piDeadline\":[\"2022-04-13\"],\"remark\":[\"\"]}', '{\"msg\":\"操作成功\",\"code\":0}', 0, NULL, '2022-04-10 10:58:55');
INSERT INTO `sys_oper_log` VALUES (269, '缴费项目', 2, 'com.ruoyi.project.system.item.controller.PaymentItemController.editSave()', 'POST', 1, 'admin', '计算机科学与技术', '/system/item/edit', '127.0.0.1', '内网IP', '{\"piId\":[\"1\"],\"piName\":[\"2023年度学杂费\"],\"piAmount\":[\"1100.50\"],\"piDeadline\":[\"2022-04-14\"],\"remark\":[\"\"]}', '{\"msg\":\"操作成功\",\"code\":0}', 0, NULL, '2022-04-10 10:59:00');
INSERT INTO `sys_oper_log` VALUES (270, '菜单管理', 1, 'com.ruoyi.project.system.menu.controller.MenuController.addSave()', 'POST', 1, 'admin', '计算机科学与技术', '/system/menu/add', '127.0.0.1', '内网IP', '{\"parentId\":[\"2049\"],\"menuType\":[\"F\"],\"menuName\":[\"去缴费\"],\"url\":[\"\"],\"target\":[\"menuItem\"],\"perms\":[\"system:item:pay\"],\"orderNum\":[\"6\"],\"icon\":[\"\"],\"visible\":[\"0\"],\"isRefresh\":[\"1\"]}', '{\"msg\":\"操作成功\",\"code\":0}', 0, NULL, '2022-04-10 11:09:23');
INSERT INTO `sys_oper_log` VALUES (271, '角色管理', 2, 'com.ruoyi.project.system.role.controller.RoleController.editSave()', 'POST', 1, 'admin', '计算机科学与技术', '/system/role/edit', '127.0.0.1', '内网IP', '{\"roleId\":[\"102\"],\"roleName\":[\"学生\"],\"roleKey\":[\"student\"],\"roleSort\":[\"5\"],\"status\":[\"0\"],\"remark\":[\"\"],\"menuIds\":[\"2000,2013,2014,2031,2032,2037,2038,2039,2040,2049,2050,2061,2025,2026,2019,2020\"]}', '{\"msg\":\"操作成功\",\"code\":0}', 0, NULL, '2022-04-10 11:09:52');
INSERT INTO `sys_oper_log` VALUES (272, '代码生成', 2, 'com.ruoyi.project.tool.gen.controller.GenController.editSave()', 'POST', 1, 'admin', '计算机科学与技术', '/tool/gen/edit', '127.0.0.1', '内网IP', '{\"tableId\":[\"10\"],\"tableName\":[\"payment_record\"],\"tableComment\":[\"缴费记录\"],\"className\":[\"PaymentRecord\"],\"functionAuthor\":[\"ruoyi\"],\"remark\":[\"\"],\"columns[0].columnId\":[\"130\"],\"columns[0].sort\":[\"1\"],\"columns[0].columnComment\":[\"缴费记录id\"],\"columns[0].javaType\":[\"Long\"],\"columns[0].javaField\":[\"prId\"],\"columns[0].queryType\":[\"EQ\"],\"columns[0].htmlType\":[\"input\"],\"columns[0].dictType\":[\"\"],\"columns[1].columnId\":[\"131\"],\"columns[1].sort\":[\"2\"],\"columns[1].columnComment\":[\"缴费项\"],\"columns[1].javaType\":[\"Long\"],\"columns[1].javaField\":[\"prPiid\"],\"columns[1].isInsert\":[\"1\"],\"columns[1].isEdit\":[\"1\"],\"columns[1].isQuery\":[\"1\"],\"columns[1].queryType\":[\"EQ\"],\"columns[1].isRequired\":[\"1\"],\"columns[1].htmlType\":[\"select\"],\"columns[1].dictType\":[\"sys_common_status\"],\"columns[2].columnId\":[\"132\"],\"columns[2].sort\":[\"3\"],\"columns[2].columnComment\":[\"缴费项\"],\"columns[2].javaType\":[\"String\"],\"columns[2].javaField\":[\"prPiname\"],\"columns[2].isList\":[\"1\"],\"columns[2].queryType\":[\"LIKE\"],\"columns[2].htmlType\":[\"input\"],\"columns[2].dictType\":[\"\"],\"columns[3].columnId\":[\"133\"],\"columns[3].sort\":[\"4\"],\"columns[3].columnComment\":[\"缴费学生\"],\"columns[3].javaType\":[\"Long\"],\"columns[3].javaField\":[\"prStuid\"],\"columns[3].queryType\":[\"EQ\"],\"columns[3].htmlType\":[\"input\"],\"columns[3].dictType\":[\"\"],\"columns[4].columnId\":[\"134\"],\"columns[4].sort\":[\"5\"],\"columns[4].columnComment\":[\"缴费学生\"],\"columns[4].javaType\":[\"String\"],\"columns[4].javaField\":[\"prStuno\"],\"columns[4].queryType\":[\"EQ\"],\"columns[4].htmlType\":[\"input\"],\"columns[4].dictType\":[\"\"],\"columns[5].columnId\":[\"135\"],\"columns[5].sort\":[\"6\"],\"columns[5].columnComment\":[\"缴费人\"],\"columns[5].javaType\":[\"String\"],\"columns[5].javaField\":[\"prStuname\"],\"columns[5].isInsert\":[\"1\"],\"columns[5].isEdit\":[\"1\"],\"columns[5].isList\":[\"1\"],\"columns[5].isQuery\":[\"1\"],\"columns[5].queryType\":[\"LIKE\"],\"columns[5].htmlType\":[\"input\"],\"columns[5].dictType\":[\"\"],\"columns[6].columnId\":[\"136\"],\"columns[6].sort\":[\"7\"],\"columns[6].columnComment\":[\"缴费时间\"],\"columns[6].javaType\":[\"Da', '{\"msg\":\"操作成功\",\"code\":0}', 0, NULL, '2022-04-10 14:12:54');
INSERT INTO `sys_oper_log` VALUES (273, '代码生成', 2, 'com.ruoyi.project.tool.gen.controller.GenController.synchDb()', 'GET', 1, 'admin', '计算机科学与技术', '/tool/gen/synchDb/major', '127.0.0.1', '内网IP', '\"major\"', '{\"msg\":\"操作成功\",\"code\":0}', 0, NULL, '2022-04-10 14:13:10');
INSERT INTO `sys_oper_log` VALUES (274, '代码生成', 2, 'com.ruoyi.project.tool.gen.controller.GenController.editSave()', 'POST', 1, 'admin', '计算机科学与技术', '/tool/gen/edit', '127.0.0.1', '内网IP', '{\"tableId\":[\"3\"],\"tableName\":[\"major\"],\"tableComment\":[\"专业信息\"],\"className\":[\"Major\"],\"functionAuthor\":[\"ruoyi\"],\"remark\":[\"\"],\"columns[0].columnId\":[\"27\"],\"columns[0].sort\":[\"1\"],\"columns[0].columnComment\":[\"专业id\"],\"columns[0].javaType\":[\"Long\"],\"columns[0].javaField\":[\"majorId\"],\"columns[0].queryType\":[\"EQ\"],\"columns[0].htmlType\":[\"input\"],\"columns[0].dictType\":[\"\"],\"columns[1].columnId\":[\"146\"],\"columns[1].sort\":[\"2\"],\"columns[1].columnComment\":[\"专业代码\"],\"columns[1].javaType\":[\"String\"],\"columns[1].javaField\":[\"majorCode\"],\"columns[1].isInsert\":[\"1\"],\"columns[1].isEdit\":[\"1\"],\"columns[1].isList\":[\"1\"],\"columns[1].isQuery\":[\"1\"],\"columns[1].queryType\":[\"EQ\"],\"columns[1].isRequired\":[\"1\"],\"columns[1].htmlType\":[\"input\"],\"columns[1].dictType\":[\"\"],\"columns[2].columnId\":[\"28\"],\"columns[2].sort\":[\"3\"],\"columns[2].columnComment\":[\"专业名称\"],\"columns[2].javaType\":[\"String\"],\"columns[2].javaField\":[\"majorName\"],\"columns[2].isInsert\":[\"1\"],\"columns[2].isEdit\":[\"1\"],\"columns[2].isList\":[\"1\"],\"columns[2].isQuery\":[\"1\"],\"columns[2].queryType\":[\"LIKE\"],\"columns[2].isRequired\":[\"1\"],\"columns[2].htmlType\":[\"input\"],\"columns[2].dictType\":[\"\"],\"columns[3].columnId\":[\"29\"],\"columns[3].sort\":[\"4\"],\"columns[3].columnComment\":[\"专业描述\"],\"columns[3].javaType\":[\"String\"],\"columns[3].javaField\":[\"majorDescription\"],\"columns[3].isInsert\":[\"1\"],\"columns[3].isEdit\":[\"1\"],\"columns[3].queryType\":[\"EQ\"],\"columns[3].isRequired\":[\"1\"],\"columns[3].htmlType\":[\"textarea\"],\"columns[3].dictType\":[\"\"],\"columns[4].columnId\":[\"30\"],\"columns[4].sort\":[\"5\"],\"columns[4].columnComment\":[\"备注\"],\"columns[4].javaType\":[\"String\"],\"columns[4].javaField\":[\"remark\"],\"columns[4].isInsert\":[\"1\"],\"columns[4].isEdit\":[\"1\"],\"columns[4].isList\":[\"1\"],\"columns[4].queryType\":[\"EQ\"],\"columns[4].htmlType\":[\"input\"],\"columns[4].dictType\":[\"\"],\"columns[5].columnId\":[\"31\"],\"columns[5].sort\":[\"6\"],\"columns[5].columnComment\":[\"删除标记\"],\"columns[5].javaType\":[\"Integer\"],\"columns[5].javaField\":[\"delflag\"],\"columns[5].queryType\":[\"EQ\"],\"col', '{\"msg\":\"操作成功\",\"code\":0}', 0, NULL, '2022-04-10 14:14:06');
INSERT INTO `sys_oper_log` VALUES (275, '专业信息', 2, 'com.ruoyi.project.system.major.controller.MajorController.editSave()', 'POST', 1, 'admin', '计算机科学与技术', '/system/major/edit', '127.0.0.1', '内网IP', '{\"majorId\":[\"1\"],\"majorCode\":[\"150365420\"],\"majorName\":[\"计算机科学与技术\"],\"majorDescription\":[\"计算机软件开发与硬件设计\"],\"remark\":[\"新增专业\"]}', '{\"msg\":\"操作成功\",\"code\":0}', 0, NULL, '2022-04-10 14:18:09');
INSERT INTO `sys_oper_log` VALUES (276, '专业信息', 1, 'com.ruoyi.project.system.major.controller.MajorController.addSave()', 'POST', 1, 'admin', '计算机科学与技术', '/system/major/add', '127.0.0.1', '内网IP', '{\"majorCode\":[\"150365420\"],\"majorName\":[\"通信工程\"],\"majorDescription\":[\"主修通信原理、信号学等课程\"],\"remark\":[\"\"]}', NULL, 1, '\r\n### Error updating database.  Cause: java.sql.SQLIntegrityConstraintViolationException: Duplicate entry \'1\' for key \'major.PRIMARY\'\r\n### The error may exist in file [C:\\Users\\dell\\IdeaProjects\\StudentManagement\\target\\classes\\mybatis\\system\\MajorMapper.xml]\r\n### The error may involve com.ruoyi.project.system.major.mapper.MajorMapper.insertMajor-Inline\r\n### The error occurred while setting parameters\r\n### SQL: insert into major          ( major_code,             major_name,             major_description,             remark,                                                    create_time )           values ( ?,             ?,             ?,             ?,                                                    ? )\r\n### Cause: java.sql.SQLIntegrityConstraintViolationException: Duplicate entry \'1\' for key \'major.PRIMARY\'\n; Duplicate entry \'1\' for key \'major.PRIMARY\'; nested exception is java.sql.SQLIntegrityConstraintViolationException: Duplicate entry \'1\' for key \'major.PRIMARY\'', '2022-04-10 14:18:51');
INSERT INTO `sys_oper_log` VALUES (277, '专业信息', 1, 'com.ruoyi.project.system.major.controller.MajorController.addSave()', 'POST', 1, 'admin', '计算机科学与技术', '/system/major/add', '127.0.0.1', '内网IP', '{\"majorCode\":[\"150365420\"],\"majorName\":[\"通信工程\"],\"majorDescription\":[\"主修通信原理、信号学等课程\"],\"remark\":[\"\"]}', '{\"msg\":\"操作成功\",\"code\":0}', 0, NULL, '2022-04-10 14:19:45');
INSERT INTO `sys_oper_log` VALUES (278, '专业信息', 2, 'com.ruoyi.project.system.major.controller.MajorController.editSave()', 'POST', 1, 'admin', '计算机科学与技术', '/system/major/edit', '127.0.0.1', '内网IP', '{\"majorId\":[\"2\"],\"majorCode\":[\"150365421\"],\"majorName\":[\"通信工程\"],\"majorDescription\":[\"主修通信原理、信号学等课程\"],\"remark\":[\"\"]}', '{\"msg\":\"操作成功\",\"code\":0}', 0, NULL, '2022-04-10 14:20:02');
INSERT INTO `sys_oper_log` VALUES (279, '专业信息', 2, 'com.ruoyi.project.system.major.controller.MajorController.editSave()', 'POST', 1, 'admin', '计算机科学与技术', '/system/major/edit', '127.0.0.1', '内网IP', '{\"majorId\":[\"2\"],\"majorCode\":[\"150365421\"],\"majorName\":[\"通信工程\"],\"majorDescription\":[\"主修通信原理、信号学等课程\"],\"remark\":[\"\"]}', '{\"msg\":\"操作成功\",\"code\":0}', 0, NULL, '2022-04-10 14:20:14');
INSERT INTO `sys_oper_log` VALUES (280, '专业信息', 3, 'com.ruoyi.project.system.major.controller.MajorController.remove()', 'POST', 1, 'admin', '计算机科学与技术', '/system/major/remove', '127.0.0.1', '内网IP', '{\"ids\":[\"2\"]}', '{\"msg\":\"操作成功\",\"code\":0}', 0, NULL, '2022-04-10 14:23:34');
INSERT INTO `sys_oper_log` VALUES (281, '专业信息', 1, 'com.ruoyi.project.system.major.controller.MajorController.addSave()', 'POST', 1, 'admin', '计算机科学与技术', '/system/major/add', '127.0.0.1', '内网IP', '{\"majorCode\":[\"1500001\"],\"majorName\":[\"计算机科学与技术\"],\"majorDescription\":[\"主修计算机原理、操作系统等\"],\"remark\":[\"计科\"]}', '{\"msg\":\"操作成功\",\"code\":0}', 0, NULL, '2022-04-10 14:24:32');
INSERT INTO `sys_oper_log` VALUES (282, '专业信息', 2, 'com.ruoyi.project.system.major.controller.MajorController.editSave()', 'POST', 1, 'admin', '计算机科学与技术', '/system/major/edit', '127.0.0.1', '内网IP', '{\"majorId\":[\"1\"],\"majorCode\":[\"1500002\"],\"majorName\":[\"计算机科学与技术\"],\"majorDescription\":[\"计算机软件开发与硬件设计\"],\"remark\":[\"新增专业\"]}', '{\"msg\":\"操作成功\",\"code\":0}', 0, NULL, '2022-04-10 14:24:48');
INSERT INTO `sys_oper_log` VALUES (283, '专业信息', 2, 'com.ruoyi.project.system.major.controller.MajorController.editSave()', 'POST', 1, 'admin', '计算机科学与技术', '/system/major/edit', '127.0.0.1', '内网IP', '{\"majorId\":[\"1\"],\"majorCode\":[\"1500002\"],\"majorName\":[\"通信工程\"],\"majorDescription\":[\"主修通信原理、信号学\"],\"remark\":[\"新增专业\"]}', '{\"msg\":\"操作成功\",\"code\":0}', 0, NULL, '2022-04-10 14:25:11');
INSERT INTO `sys_oper_log` VALUES (284, '菜单管理', 2, 'com.ruoyi.project.system.menu.controller.MenuController.editSave()', 'POST', 1, 'admin', '计算机科学与技术', '/system/menu/edit', '127.0.0.1', '内网IP', '{\"menuId\":[\"2037\"],\"parentId\":[\"2000\"],\"menuType\":[\"C\"],\"menuName\":[\"留言管理\"],\"url\":[\"/system/leaveword\"],\"target\":[\"menuItem\"],\"perms\":[\"system:leaveword:view\"],\"orderNum\":[\"5\"],\"icon\":[\"fa fa-commenting-o\"],\"visible\":[\"0\"],\"isRefresh\":[\"1\"]}', '{\"msg\":\"操作成功\",\"code\":0}', 0, NULL, '2022-04-10 14:25:59');
INSERT INTO `sys_oper_log` VALUES (285, '菜单管理', 2, 'com.ruoyi.project.system.menu.controller.MenuController.editSave()', 'POST', 1, 'admin', '计算机科学与技术', '/system/menu/edit', '127.0.0.1', '内网IP', '{\"menuId\":[\"2043\"],\"parentId\":[\"2000\"],\"menuType\":[\"C\"],\"menuName\":[\"新生报到\"],\"url\":[\"/system/checkin\"],\"target\":[\"menuItem\"],\"perms\":[\"system:checkin:view\"],\"orderNum\":[\"6\"],\"icon\":[\"fa fa-male\"],\"visible\":[\"0\"],\"isRefresh\":[\"1\"]}', '{\"msg\":\"操作成功\",\"code\":0}', 0, NULL, '2022-04-10 14:26:17');
INSERT INTO `sys_oper_log` VALUES (286, '菜单管理', 2, 'com.ruoyi.project.system.menu.controller.MenuController.editSave()', 'POST', 1, 'admin', '计算机科学与技术', '/system/menu/edit', '127.0.0.1', '内网IP', '{\"menuId\":[\"2031\"],\"parentId\":[\"2000\"],\"menuType\":[\"C\"],\"menuName\":[\"缴费记录\"],\"url\":[\"/system/record\"],\"target\":[\"menuItem\"],\"perms\":[\"system:record:view\"],\"orderNum\":[\"7\"],\"icon\":[\"fa fa-registered\"],\"visible\":[\"0\"],\"isRefresh\":[\"1\"]}', '{\"msg\":\"操作成功\",\"code\":0}', 0, NULL, '2022-04-10 14:26:24');
INSERT INTO `sys_oper_log` VALUES (287, '菜单管理', 2, 'com.ruoyi.project.system.menu.controller.MenuController.editSave()', 'POST', 1, 'admin', '计算机科学与技术', '/system/menu/edit', '127.0.0.1', '内网IP', '{\"menuId\":[\"2049\"],\"parentId\":[\"2000\"],\"menuType\":[\"C\"],\"menuName\":[\"缴费项目\"],\"url\":[\"/system/item\"],\"target\":[\"menuItem\"],\"perms\":[\"system:item:view\"],\"orderNum\":[\"7\"],\"icon\":[\"fa fa-money\"],\"visible\":[\"0\"],\"isRefresh\":[\"1\"]}', '{\"msg\":\"操作成功\",\"code\":0}', 0, NULL, '2022-04-10 14:26:33');
INSERT INTO `sys_oper_log` VALUES (288, '菜单管理', 2, 'com.ruoyi.project.system.menu.controller.MenuController.editSave()', 'POST', 1, 'admin', '计算机科学与技术', '/system/menu/edit', '127.0.0.1', '内网IP', '{\"menuId\":[\"2031\"],\"parentId\":[\"2000\"],\"menuType\":[\"C\"],\"menuName\":[\"缴费记录\"],\"url\":[\"/system/record\"],\"target\":[\"menuItem\"],\"perms\":[\"system:record:view\"],\"orderNum\":[\"8\"],\"icon\":[\"fa fa-registered\"],\"visible\":[\"0\"],\"isRefresh\":[\"1\"]}', '{\"msg\":\"操作成功\",\"code\":0}', 0, NULL, '2022-04-10 14:26:41');
INSERT INTO `sys_oper_log` VALUES (289, '专业信息', 2, 'com.ruoyi.project.system.major.controller.MajorController.editSave()', 'POST', 1, 'admin', '计算机科学与技术', '/system/major/edit', '127.0.0.1', '内网IP', '{\"majorId\":[\"1\"],\"majorCode\":[\"1500002\"],\"majorName\":[\"通信\"],\"majorDescription\":[\"主修通信原理、信号学\"],\"remark\":[\"新增专业\"]}', '{\"msg\":\"操作成功\",\"code\":0}', 0, NULL, '2022-04-10 14:27:01');
INSERT INTO `sys_oper_log` VALUES (290, '专业信息', 2, 'com.ruoyi.project.system.major.controller.MajorController.editSave()', 'POST', 1, 'admin', '计算机科学与技术', '/system/major/edit', '127.0.0.1', '内网IP', '{\"majorId\":[\"1\"],\"majorCode\":[\"1500001\"],\"majorName\":[\"通信\"],\"majorDescription\":[\"主修通信原理、信号学\"],\"remark\":[\"新增专业\"]}', '{\"msg\":\"操作成功\",\"code\":0}', 0, NULL, '2022-04-10 14:27:12');
INSERT INTO `sys_oper_log` VALUES (291, '专业信息', 2, 'com.ruoyi.project.system.major.controller.MajorController.editSave()', 'POST', 1, 'admin', '计算机科学与技术', '/system/major/edit', '127.0.0.1', '内网IP', '{\"majorId\":[\"3\"],\"majorCode\":[\"1500002\"],\"majorName\":[\"计算机科学与技术\"],\"majorDescription\":[\"主修计算机原理、操作系统等\"],\"remark\":[\"计科\"]}', '{\"msg\":\"操作成功\",\"code\":0}', 0, NULL, '2022-04-10 14:27:17');
INSERT INTO `sys_oper_log` VALUES (292, '代码生成', 2, 'com.ruoyi.project.tool.gen.controller.GenController.synchDb()', 'GET', 1, 'admin', '计算机科学与技术', '/tool/gen/synchDb/class1', '127.0.0.1', '内网IP', '\"class1\"', '{\"msg\":\"操作成功\",\"code\":0}', 0, NULL, '2022-04-10 14:29:36');
INSERT INTO `sys_oper_log` VALUES (293, '代码生成', 2, 'com.ruoyi.project.tool.gen.controller.GenController.editSave()', 'POST', 1, 'admin', '计算机科学与技术', '/tool/gen/edit', '127.0.0.1', '内网IP', '{\"tableId\":[\"5\"],\"tableName\":[\"class1\"],\"tableComment\":[\"班级表\"],\"className\":[\"Class1\"],\"functionAuthor\":[\"ruoyi\"],\"remark\":[\"\"],\"columns[0].columnId\":[\"60\"],\"columns[0].sort\":[\"1\"],\"columns[0].columnComment\":[\"班级id\"],\"columns[0].javaType\":[\"Long\"],\"columns[0].javaField\":[\"classId\"],\"columns[0].queryType\":[\"EQ\"],\"columns[0].htmlType\":[\"input\"],\"columns[0].dictType\":[\"\"],\"columns[1].columnId\":[\"61\"],\"columns[1].sort\":[\"2\"],\"columns[1].columnComment\":[\"班级名称\"],\"columns[1].javaType\":[\"String\"],\"columns[1].javaField\":[\"className\"],\"columns[1].isInsert\":[\"1\"],\"columns[1].isEdit\":[\"1\"],\"columns[1].isList\":[\"1\"],\"columns[1].isQuery\":[\"1\"],\"columns[1].queryType\":[\"LIKE\"],\"columns[1].isRequired\":[\"1\"],\"columns[1].htmlType\":[\"input\"],\"columns[1].dictType\":[\"\"],\"columns[2].columnId\":[\"62\"],\"columns[2].sort\":[\"3\"],\"columns[2].columnComment\":[\"专业\"],\"columns[2].javaType\":[\"Long\"],\"columns[2].javaField\":[\"classMajorid\"],\"columns[2].isInsert\":[\"1\"],\"columns[2].isEdit\":[\"1\"],\"columns[2].isQuery\":[\"1\"],\"columns[2].queryType\":[\"EQ\"],\"columns[2].isRequired\":[\"1\"],\"columns[2].htmlType\":[\"select\"],\"columns[2].dictType\":[\"sys_common_status\"],\"columns[3].columnId\":[\"63\"],\"columns[3].sort\":[\"4\"],\"columns[3].columnComment\":[\"专业\"],\"columns[3].javaType\":[\"String\"],\"columns[3].javaField\":[\"classMajor\"],\"columns[3].isList\":[\"1\"],\"columns[3].queryType\":[\"EQ\"],\"columns[3].htmlType\":[\"input\"],\"columns[3].dictType\":[\"\"],\"columns[4].columnId\":[\"147\"],\"columns[4].sort\":[\"5\"],\"columns[4].columnComment\":[\"班级描述\"],\"columns[4].javaType\":[\"String\"],\"columns[4].javaField\":[\"classDescription\"],\"columns[4].isInsert\":[\"1\"],\"columns[4].isEdit\":[\"1\"],\"columns[4].queryType\":[\"EQ\"],\"columns[4].isRequired\":[\"1\"],\"columns[4].htmlType\":[\"input\"],\"columns[4].dictType\":[\"\"],\"columns[5].columnId\":[\"64\"],\"columns[5].sort\":[\"6\"],\"columns[5].columnComment\":[\"备注\"],\"columns[5].javaType\":[\"String\"],\"columns[5].javaField\":[\"remark\"],\"columns[5].isInsert\":[\"1\"],\"columns[5].isEdit\":[\"1\"],\"columns[5].isList\":[\"1\"],\"columns[5].queryTy', '{\"msg\":\"操作成功\",\"code\":0}', 0, NULL, '2022-04-10 14:30:36');
INSERT INTO `sys_oper_log` VALUES (294, '专业信息', 2, 'com.ruoyi.project.system.major.controller.MajorController.editSave()', 'POST', 1, 'admin', '计算机科学与技术', '/system/major/edit', '127.0.0.1', '内网IP', '{\"majorId\":[\"1\"],\"majorCode\":[\"1500001\"],\"majorName\":[\"通信工程\"],\"majorDescription\":[\"主修通信原理、信号学\"],\"remark\":[\"新增专业\"]}', '{\"msg\":\"操作成功\",\"code\":0}', 0, NULL, '2022-04-10 14:48:27');
INSERT INTO `sys_oper_log` VALUES (295, '班级', 1, 'com.ruoyi.project.system.class1.controller.Class1Controller.addSave()', 'POST', 1, 'admin', '计算机科学与技术', '/system/class1/add', '127.0.0.1', '内网IP', '{\"className\":[\"202211班\"],\"classMajorid\":[\"1\"],\"classMajor\":[\"通信工程\"],\"classDescription\":[\"2022届通信工程一班\"],\"remark\":[\"通信一班\"]}', NULL, 1, '\r\n### Error updating database.  Cause: java.sql.SQLIntegrityConstraintViolationException: Duplicate entry \'1\' for key \'class1.PRIMARY\'\r\n### The error may exist in file [C:\\Users\\dell\\IdeaProjects\\StudentManagement\\target\\classes\\mybatis\\system\\Class1Mapper.xml]\r\n### The error may involve com.ruoyi.project.system.class1.mapper.Class1Mapper.insertClass1-Inline\r\n### The error occurred while setting parameters\r\n### SQL: insert into class1          ( class_name,             class_majorid,             class_major,             class_description,             remark,                          create_byid,             create_by,             create_time,             update_byid,             update_by,             update_time )           values ( ?,             ?,             ?,             ?,             ?,                          ?,             ?,             ?,             ?,             ?,             ? )\r\n### Cause: java.sql.SQLIntegrityConstraintViolationException: Duplicate entry \'1\' for key \'class1.PRIMARY\'\n; Duplicate entry \'1\' for key \'class1.PRIMARY\'; nested exception is java.sql.SQLIntegrityConstraintViolationException: Duplicate entry \'1\' for key \'class1.PRIMARY\'', '2022-04-10 14:49:22');
INSERT INTO `sys_oper_log` VALUES (296, '班级', 1, 'com.ruoyi.project.system.class1.controller.Class1Controller.addSave()', 'POST', 1, 'admin', '计算机科学与技术', '/system/class1/add', '127.0.0.1', '内网IP', '{\"className\":[\"202211班\"],\"classMajorid\":[\"1\"],\"classMajor\":[\"通信工程\"],\"classDescription\":[\"2022届通信工程一班\"],\"remark\":[\"通信一班\"]}', '{\"msg\":\"操作成功\",\"code\":0}', 0, NULL, '2022-04-10 14:49:37');
INSERT INTO `sys_oper_log` VALUES (297, '班级', 1, 'com.ruoyi.project.system.class1.controller.Class1Controller.addSave()', 'POST', 1, 'admin', '计算机科学与技术', '/system/class1/add', '127.0.0.1', '内网IP', '{\"className\":[\"111\"],\"classMajorid\":[\"1\"],\"classMajor\":[\"通信工程\"],\"classDescription\":[\"111\"],\"remark\":[\"111\"]}', '{\"msg\":\"操作成功\",\"code\":0}', 0, NULL, '2022-04-10 14:50:12');
INSERT INTO `sys_oper_log` VALUES (298, '班级', 3, 'com.ruoyi.project.system.class1.controller.Class1Controller.remove()', 'POST', 1, 'admin', '计算机科学与技术', '/system/class1/remove', '127.0.0.1', '内网IP', '{\"ids\":[\"3\"]}', '{\"msg\":\"操作成功\",\"code\":0}', 0, NULL, '2022-04-10 14:50:16');
INSERT INTO `sys_oper_log` VALUES (299, '班级', 2, 'com.ruoyi.project.system.class1.controller.Class1Controller.editSave()', 'POST', 1, 'admin', '计算机科学与技术', '/system/class1/edit', '127.0.0.1', '内网IP', '{\"classId\":[\"1\"],\"className\":[\"202201班\"],\"classMajorid\":[\"3\"],\"classMajor\":[\"计算机科学与技术\"],\"classDescription\":[\"2022届计算机科学与技术一班\"],\"remark\":[\"计科一班\"]}', '{\"msg\":\"操作成功\",\"code\":0}', 0, NULL, '2022-04-10 14:50:44');
INSERT INTO `sys_oper_log` VALUES (300, '班级', 1, 'com.ruoyi.project.system.class1.controller.Class1Controller.addSave()', 'POST', 1, 'admin', '计算机科学与技术', '/system/class1/add', '127.0.0.1', '内网IP', '{\"className\":[\"111\"],\"classMajorid\":[\"1\"],\"classMajor\":[\"通信工程\"],\"classDescription\":[\"111\"],\"remark\":[\"11\"]}', '{\"msg\":\"操作成功\",\"code\":0}', 0, NULL, '2022-04-10 14:50:55');
INSERT INTO `sys_oper_log` VALUES (301, '班级', 3, 'com.ruoyi.project.system.class1.controller.Class1Controller.remove()', 'POST', 1, 'admin', '计算机科学与技术', '/system/class1/remove', '127.0.0.1', '内网IP', '{\"ids\":[\"4\"]}', '{\"msg\":\"操作成功\",\"code\":0}', 0, NULL, '2022-04-10 14:50:57');
INSERT INTO `sys_oper_log` VALUES (302, '代码生成', 2, 'com.ruoyi.project.tool.gen.controller.GenController.synchDb()', 'GET', 1, 'admin', '计算机科学与技术', '/tool/gen/synchDb/student', '127.0.0.1', '内网IP', '\"student\"', '{\"msg\":\"操作成功\",\"code\":0}', 0, NULL, '2022-04-10 14:52:06');
INSERT INTO `sys_oper_log` VALUES (303, '代码生成', 2, 'com.ruoyi.project.tool.gen.controller.GenController.editSave()', 'POST', 1, 'admin', '计算机科学与技术', '/tool/gen/edit', '127.0.0.1', '内网IP', '{\"tableId\":[\"4\"],\"tableName\":[\"student\"],\"tableComment\":[\"学生信息\"],\"className\":[\"Student\"],\"functionAuthor\":[\"ruoyi\"],\"remark\":[\"\"],\"columns[0].columnId\":[\"38\"],\"columns[0].sort\":[\"1\"],\"columns[0].columnComment\":[\"学生id\"],\"columns[0].javaType\":[\"Long\"],\"columns[0].javaField\":[\"stuId\"],\"columns[0].queryType\":[\"EQ\"],\"columns[0].htmlType\":[\"input\"],\"columns[0].dictType\":[\"\"],\"columns[1].columnId\":[\"148\"],\"columns[1].sort\":[\"2\"],\"columns[1].columnComment\":[\"用户名\"],\"columns[1].javaType\":[\"Long\"],\"columns[1].javaField\":[\"stuUserid\"],\"columns[1].isInsert\":[\"1\"],\"columns[1].isEdit\":[\"1\"],\"columns[1].isQuery\":[\"1\"],\"columns[1].queryType\":[\"EQ\"],\"columns[1].isRequired\":[\"1\"],\"columns[1].htmlType\":[\"select\"],\"columns[1].dictType\":[\"sys_common_status\"],\"columns[2].columnId\":[\"149\"],\"columns[2].sort\":[\"3\"],\"columns[2].columnComment\":[\"用户名\"],\"columns[2].javaType\":[\"String\"],\"columns[2].javaField\":[\"stuUsername\"],\"columns[2].isList\":[\"1\"],\"columns[2].queryType\":[\"LIKE\"],\"columns[2].htmlType\":[\"input\"],\"columns[2].dictType\":[\"\"],\"columns[3].columnId\":[\"39\"],\"columns[3].sort\":[\"4\"],\"columns[3].columnComment\":[\"学号\"],\"columns[3].javaType\":[\"String\"],\"columns[3].javaField\":[\"stuNo\"],\"columns[3].isInsert\":[\"1\"],\"columns[3].isEdit\":[\"1\"],\"columns[3].isList\":[\"1\"],\"columns[3].isQuery\":[\"1\"],\"columns[3].queryType\":[\"EQ\"],\"columns[3].isRequired\":[\"1\"],\"columns[3].htmlType\":[\"input\"],\"columns[3].dictType\":[\"\"],\"columns[4].columnId\":[\"40\"],\"columns[4].sort\":[\"5\"],\"columns[4].columnComment\":[\"姓名\"],\"columns[4].javaType\":[\"String\"],\"columns[4].javaField\":[\"stuName\"],\"columns[4].isInsert\":[\"1\"],\"columns[4].isEdit\":[\"1\"],\"columns[4].isList\":[\"1\"],\"columns[4].isQuery\":[\"1\"],\"columns[4].queryType\":[\"LIKE\"],\"columns[4].isRequired\":[\"1\"],\"columns[4].htmlType\":[\"input\"],\"columns[4].dictType\":[\"\"],\"columns[5].columnId\":[\"41\"],\"columns[5].sort\":[\"6\"],\"columns[5].columnComment\":[\"性别\"],\"columns[5].javaType\":[\"String\"],\"columns[5].javaField\":[\"stuGender\"],\"columns[5].isInsert\":[\"1\"],\"columns[5].isEdit\":[\"1\"],\"c', '{\"msg\":\"操作成功\",\"code\":0}', 0, NULL, '2022-04-10 15:00:06');
INSERT INTO `sys_oper_log` VALUES (304, '代码生成', 2, 'com.ruoyi.project.tool.gen.controller.GenController.editSave()', 'POST', 1, 'admin', '计算机科学与技术', '/tool/gen/edit', '127.0.0.1', '内网IP', '{\"tableId\":[\"4\"],\"tableName\":[\"student\"],\"tableComment\":[\"学生信息\"],\"className\":[\"Student\"],\"functionAuthor\":[\"ruoyi\"],\"remark\":[\"\"],\"columns[0].columnId\":[\"38\"],\"columns[0].sort\":[\"1\"],\"columns[0].columnComment\":[\"学生id\"],\"columns[0].javaType\":[\"Long\"],\"columns[0].javaField\":[\"stuId\"],\"columns[0].queryType\":[\"EQ\"],\"columns[0].htmlType\":[\"input\"],\"columns[0].dictType\":[\"\"],\"columns[1].columnId\":[\"148\"],\"columns[1].sort\":[\"2\"],\"columns[1].columnComment\":[\"用户名\"],\"columns[1].javaType\":[\"Long\"],\"columns[1].javaField\":[\"stuUserid\"],\"columns[1].isInsert\":[\"1\"],\"columns[1].isEdit\":[\"1\"],\"columns[1].queryType\":[\"EQ\"],\"columns[1].isRequired\":[\"1\"],\"columns[1].htmlType\":[\"select\"],\"columns[1].dictType\":[\"sys_common_status\"],\"columns[2].columnId\":[\"149\"],\"columns[2].sort\":[\"3\"],\"columns[2].columnComment\":[\"用户名\"],\"columns[2].javaType\":[\"String\"],\"columns[2].javaField\":[\"stuUsername\"],\"columns[2].isList\":[\"1\"],\"columns[2].queryType\":[\"LIKE\"],\"columns[2].htmlType\":[\"input\"],\"columns[2].dictType\":[\"\"],\"columns[3].columnId\":[\"39\"],\"columns[3].sort\":[\"4\"],\"columns[3].columnComment\":[\"学号\"],\"columns[3].javaType\":[\"String\"],\"columns[3].javaField\":[\"stuNo\"],\"columns[3].isInsert\":[\"1\"],\"columns[3].isEdit\":[\"1\"],\"columns[3].isList\":[\"1\"],\"columns[3].isQuery\":[\"1\"],\"columns[3].queryType\":[\"EQ\"],\"columns[3].isRequired\":[\"1\"],\"columns[3].htmlType\":[\"input\"],\"columns[3].dictType\":[\"\"],\"columns[4].columnId\":[\"40\"],\"columns[4].sort\":[\"5\"],\"columns[4].columnComment\":[\"姓名\"],\"columns[4].javaType\":[\"String\"],\"columns[4].javaField\":[\"stuName\"],\"columns[4].isInsert\":[\"1\"],\"columns[4].isEdit\":[\"1\"],\"columns[4].isList\":[\"1\"],\"columns[4].isQuery\":[\"1\"],\"columns[4].queryType\":[\"LIKE\"],\"columns[4].isRequired\":[\"1\"],\"columns[4].htmlType\":[\"input\"],\"columns[4].dictType\":[\"\"],\"columns[5].columnId\":[\"41\"],\"columns[5].sort\":[\"6\"],\"columns[5].columnComment\":[\"性别\"],\"columns[5].javaType\":[\"String\"],\"columns[5].javaField\":[\"stuGender\"],\"columns[5].isInsert\":[\"1\"],\"columns[5].isEdit\":[\"1\"],\"columns[5].isList\":[\"1\"],\"co', '{\"msg\":\"操作成功\",\"code\":0}', 0, NULL, '2022-04-10 15:06:20');
INSERT INTO `sys_oper_log` VALUES (305, '代码生成', 2, 'com.ruoyi.project.tool.gen.controller.GenController.editSave()', 'POST', 1, 'admin', '计算机科学与技术', '/tool/gen/edit', '127.0.0.1', '内网IP', '{\"tableId\":[\"4\"],\"tableName\":[\"student\"],\"tableComment\":[\"学生信息\"],\"className\":[\"Student\"],\"functionAuthor\":[\"ruoyi\"],\"remark\":[\"\"],\"columns[0].columnId\":[\"38\"],\"columns[0].sort\":[\"1\"],\"columns[0].columnComment\":[\"学生id\"],\"columns[0].javaType\":[\"Long\"],\"columns[0].javaField\":[\"stuId\"],\"columns[0].queryType\":[\"EQ\"],\"columns[0].htmlType\":[\"input\"],\"columns[0].dictType\":[\"\"],\"columns[1].columnId\":[\"148\"],\"columns[1].sort\":[\"2\"],\"columns[1].columnComment\":[\"用户名\"],\"columns[1].javaType\":[\"Long\"],\"columns[1].javaField\":[\"stuUserid\"],\"columns[1].isInsert\":[\"1\"],\"columns[1].isEdit\":[\"1\"],\"columns[1].queryType\":[\"EQ\"],\"columns[1].isRequired\":[\"1\"],\"columns[1].htmlType\":[\"select\"],\"columns[1].dictType\":[\"sys_common_status\"],\"columns[2].columnId\":[\"149\"],\"columns[2].sort\":[\"3\"],\"columns[2].columnComment\":[\"用户名\"],\"columns[2].javaType\":[\"String\"],\"columns[2].javaField\":[\"stuUsername\"],\"columns[2].isList\":[\"1\"],\"columns[2].queryType\":[\"LIKE\"],\"columns[2].htmlType\":[\"input\"],\"columns[2].dictType\":[\"\"],\"columns[3].columnId\":[\"39\"],\"columns[3].sort\":[\"4\"],\"columns[3].columnComment\":[\"学号\"],\"columns[3].javaType\":[\"String\"],\"columns[3].javaField\":[\"stuNo\"],\"columns[3].isInsert\":[\"1\"],\"columns[3].isEdit\":[\"1\"],\"columns[3].isList\":[\"1\"],\"columns[3].isQuery\":[\"1\"],\"columns[3].queryType\":[\"EQ\"],\"columns[3].isRequired\":[\"1\"],\"columns[3].htmlType\":[\"input\"],\"columns[3].dictType\":[\"\"],\"columns[4].columnId\":[\"40\"],\"columns[4].sort\":[\"5\"],\"columns[4].columnComment\":[\"姓名\"],\"columns[4].javaType\":[\"String\"],\"columns[4].javaField\":[\"stuName\"],\"columns[4].isInsert\":[\"1\"],\"columns[4].isEdit\":[\"1\"],\"columns[4].isList\":[\"1\"],\"columns[4].isQuery\":[\"1\"],\"columns[4].queryType\":[\"LIKE\"],\"columns[4].isRequired\":[\"1\"],\"columns[4].htmlType\":[\"input\"],\"columns[4].dictType\":[\"\"],\"columns[5].columnId\":[\"41\"],\"columns[5].sort\":[\"6\"],\"columns[5].columnComment\":[\"性别\"],\"columns[5].javaType\":[\"String\"],\"columns[5].javaField\":[\"stuGender\"],\"columns[5].isInsert\":[\"1\"],\"columns[5].isEdit\":[\"1\"],\"columns[5].isList\":[\"1\"],\"co', '{\"msg\":\"操作成功\",\"code\":0}', 0, NULL, '2022-04-10 15:25:49');
INSERT INTO `sys_oper_log` VALUES (306, '代码生成', 2, 'com.ruoyi.project.tool.gen.controller.GenController.editSave()', 'POST', 1, 'admin', '计算机科学与技术', '/tool/gen/edit', '127.0.0.1', '内网IP', '{\"tableId\":[\"4\"],\"tableName\":[\"student\"],\"tableComment\":[\"学生信息\"],\"className\":[\"Student\"],\"functionAuthor\":[\"ruoyi\"],\"remark\":[\"\"],\"columns[0].columnId\":[\"38\"],\"columns[0].sort\":[\"1\"],\"columns[0].columnComment\":[\"学生id\"],\"columns[0].javaType\":[\"Long\"],\"columns[0].javaField\":[\"stuId\"],\"columns[0].queryType\":[\"EQ\"],\"columns[0].htmlType\":[\"input\"],\"columns[0].dictType\":[\"\"],\"columns[1].columnId\":[\"148\"],\"columns[1].sort\":[\"2\"],\"columns[1].columnComment\":[\"用户名\"],\"columns[1].javaType\":[\"Long\"],\"columns[1].javaField\":[\"stuUserid\"],\"columns[1].isInsert\":[\"1\"],\"columns[1].isEdit\":[\"1\"],\"columns[1].queryType\":[\"EQ\"],\"columns[1].isRequired\":[\"1\"],\"columns[1].htmlType\":[\"select\"],\"columns[1].dictType\":[\"sys_common_status\"],\"columns[2].columnId\":[\"149\"],\"columns[2].sort\":[\"3\"],\"columns[2].columnComment\":[\"用户名\"],\"columns[2].javaType\":[\"String\"],\"columns[2].javaField\":[\"stuUsername\"],\"columns[2].isList\":[\"1\"],\"columns[2].queryType\":[\"LIKE\"],\"columns[2].htmlType\":[\"input\"],\"columns[2].dictType\":[\"\"],\"columns[3].columnId\":[\"39\"],\"columns[3].sort\":[\"4\"],\"columns[3].columnComment\":[\"学号\"],\"columns[3].javaType\":[\"String\"],\"columns[3].javaField\":[\"stuNo\"],\"columns[3].isInsert\":[\"1\"],\"columns[3].isEdit\":[\"1\"],\"columns[3].isList\":[\"1\"],\"columns[3].isQuery\":[\"1\"],\"columns[3].queryType\":[\"EQ\"],\"columns[3].isRequired\":[\"1\"],\"columns[3].htmlType\":[\"input\"],\"columns[3].dictType\":[\"\"],\"columns[4].columnId\":[\"40\"],\"columns[4].sort\":[\"5\"],\"columns[4].columnComment\":[\"姓名\"],\"columns[4].javaType\":[\"String\"],\"columns[4].javaField\":[\"stuName\"],\"columns[4].isInsert\":[\"1\"],\"columns[4].isEdit\":[\"1\"],\"columns[4].isList\":[\"1\"],\"columns[4].isQuery\":[\"1\"],\"columns[4].queryType\":[\"LIKE\"],\"columns[4].isRequired\":[\"1\"],\"columns[4].htmlType\":[\"input\"],\"columns[4].dictType\":[\"\"],\"columns[5].columnId\":[\"41\"],\"columns[5].sort\":[\"6\"],\"columns[5].columnComment\":[\"性别\"],\"columns[5].javaType\":[\"String\"],\"columns[5].javaField\":[\"stuGender\"],\"columns[5].isInsert\":[\"1\"],\"columns[5].isEdit\":[\"1\"],\"columns[5].isList\":[\"1\"],\"co', '{\"msg\":\"操作成功\",\"code\":0}', 0, NULL, '2022-04-10 15:27:39');
INSERT INTO `sys_oper_log` VALUES (307, '宿舍信息', 1, 'com.ruoyi.project.system.dormitory.controller.DormitoryController.addSave()', 'POST', 1, 'admin', '计算机科学与技术', '/system/dormitory/add', '127.0.0.1', '内网IP', '{\"dorParentid\":[\"2\"],\"dorNo\":[\"102\"],\"dorName\":[\"一零二\"],\"dorBeds\":[\"4\"],\"dorDescription\":[\"四人间\"],\"remark\":[\"\"]}', NULL, 1, '\r\n### Error updating database.  Cause: java.sql.SQLIntegrityConstraintViolationException: Duplicate entry \'1\' for key \'dormitory.PRIMARY\'\r\n### The error may exist in file [C:\\Users\\dell\\IdeaProjects\\StudentManagement\\target\\classes\\mybatis\\system\\DormitoryMapper.xml]\r\n### The error may involve com.ruoyi.project.system.dormitory.mapper.DormitoryMapper.insertDormitory-Inline\r\n### The error occurred while setting parameters\r\n### SQL: insert into dormitory          ( dor_parentid,             dor_no,             dor_name,             dor_beds,             dor_description,             remark,                                                    create_time )           values ( ?,             ?,             ?,             ?,             ?,             ?,                                                    ? )\r\n### Cause: java.sql.SQLIntegrityConstraintViolationException: Duplicate entry \'1\' for key \'dormitory.PRIMARY\'\n; Duplicate entry \'1\' for key \'dormitory.PRIMARY\'; nested exception is java.sql.SQLIntegrityConstraintViolationException: Duplicate entry \'1\' for key \'dormitory.PRIMARY\'', '2022-04-10 15:38:04');
INSERT INTO `sys_oper_log` VALUES (308, '宿舍信息', 1, 'com.ruoyi.project.system.dormitory.controller.DormitoryController.addSave()', 'POST', 1, 'admin', '计算机科学与技术', '/system/dormitory/add', '127.0.0.1', '内网IP', '{\"dorParentid\":[\"2\"],\"dorNo\":[\"102\"],\"dorName\":[\"一零二\"],\"dorBeds\":[\"4\"],\"dorDescription\":[\"四人间\"],\"remark\":[\"\"]}', NULL, 1, '\r\n### Error updating database.  Cause: java.sql.SQLIntegrityConstraintViolationException: Duplicate entry \'2\' for key \'dormitory.PRIMARY\'\r\n### The error may exist in file [C:\\Users\\dell\\IdeaProjects\\StudentManagement\\target\\classes\\mybatis\\system\\DormitoryMapper.xml]\r\n### The error may involve com.ruoyi.project.system.dormitory.mapper.DormitoryMapper.insertDormitory-Inline\r\n### The error occurred while setting parameters\r\n### SQL: insert into dormitory          ( dor_parentid,             dor_no,             dor_name,             dor_beds,             dor_description,             remark,                                                    create_time )           values ( ?,             ?,             ?,             ?,             ?,             ?,                                                    ? )\r\n### Cause: java.sql.SQLIntegrityConstraintViolationException: Duplicate entry \'2\' for key \'dormitory.PRIMARY\'\n; Duplicate entry \'2\' for key \'dormitory.PRIMARY\'; nested exception is java.sql.SQLIntegrityConstraintViolationException: Duplicate entry \'2\' for key \'dormitory.PRIMARY\'', '2022-04-10 15:38:40');
INSERT INTO `sys_oper_log` VALUES (309, '宿舍信息', 1, 'com.ruoyi.project.system.dormitory.controller.DormitoryController.addSave()', 'POST', 1, 'admin', '计算机科学与技术', '/system/dormitory/add', '127.0.0.1', '内网IP', '{\"dorParentid\":[\"2\"],\"dorNo\":[\"102\"],\"dorName\":[\"一零二\"],\"dorBeds\":[\"4\"],\"dorDescription\":[\"四人间\"],\"remark\":[\"\"]}', NULL, 1, '\r\n### Error updating database.  Cause: java.sql.SQLIntegrityConstraintViolationException: Duplicate entry \'3\' for key \'dormitory.PRIMARY\'\r\n### The error may exist in file [C:\\Users\\dell\\IdeaProjects\\StudentManagement\\target\\classes\\mybatis\\system\\DormitoryMapper.xml]\r\n### The error may involve com.ruoyi.project.system.dormitory.mapper.DormitoryMapper.insertDormitory-Inline\r\n### The error occurred while setting parameters\r\n### SQL: insert into dormitory          ( dor_parentid,             dor_no,             dor_name,             dor_beds,             dor_description,             remark,                                                    create_time )           values ( ?,             ?,             ?,             ?,             ?,             ?,                                                    ? )\r\n### Cause: java.sql.SQLIntegrityConstraintViolationException: Duplicate entry \'3\' for key \'dormitory.PRIMARY\'\n; Duplicate entry \'3\' for key \'dormitory.PRIMARY\'; nested exception is java.sql.SQLIntegrityConstraintViolationException: Duplicate entry \'3\' for key \'dormitory.PRIMARY\'', '2022-04-10 15:38:41');
INSERT INTO `sys_oper_log` VALUES (310, '宿舍信息', 1, 'com.ruoyi.project.system.dormitory.controller.DormitoryController.addSave()', 'POST', 1, 'admin', '计算机科学与技术', '/system/dormitory/add', '127.0.0.1', '内网IP', '{\"dorParentid\":[\"2\"],\"dorNo\":[\"102\"],\"dorName\":[\"一零二\"],\"dorBeds\":[\"4\"],\"dorDescription\":[\"四人间\"],\"remark\":[\"\"]}', '{\"msg\":\"操作成功\",\"code\":0}', 0, NULL, '2022-04-10 15:39:25');
INSERT INTO `sys_oper_log` VALUES (311, '宿舍信息', 1, 'com.ruoyi.project.system.dormitory.controller.DormitoryController.addSave()', 'POST', 1, 'admin', '计算机科学与技术', '/system/dormitory/add', '127.0.0.1', '内网IP', '{\"dorParentid\":[\"1\"],\"dorNo\":[\"2F\"],\"dorName\":[\"二层\"],\"dorBeds\":[\"60\"],\"dorDescription\":[\"\"],\"remark\":[\"\"]}', '{\"msg\":\"操作成功\",\"code\":0}', 0, NULL, '2022-04-10 15:41:48');
INSERT INTO `sys_oper_log` VALUES (312, '宿舍信息', 1, 'com.ruoyi.project.system.dormitory.controller.DormitoryController.addSave()', 'POST', 1, 'admin', '计算机科学与技术', '/system/dormitory/add', '127.0.0.1', '内网IP', '{\"dorParentid\":[\"5\"],\"dorNo\":[\"201\"],\"dorName\":[\"二零一\"],\"dorBeds\":[\"6\"],\"dorDescription\":[\"\"],\"remark\":[\"\"]}', '{\"msg\":\"操作成功\",\"code\":0}', 0, NULL, '2022-04-10 15:42:02');
INSERT INTO `sys_oper_log` VALUES (313, '宿舍信息', 2, 'com.ruoyi.project.system.dormitory.controller.DormitoryController.editSave()', 'POST', 1, 'admin', '计算机科学与技术', '/system/dormitory/edit', '127.0.0.1', '内网IP', '{\"dorId\":[\"4\"],\"dorParentid\":[\"2\"],\"parentName\":[\"1F\"],\"dorNo\":[\"102\"],\"dorName\":[\"一零二\"],\"dorBeds\":[\"4\"],\"dorDescription\":[\"四人间\"],\"remark\":[\"\"]}', '{\"msg\":\"操作成功\",\"code\":0}', 0, NULL, '2022-04-10 15:42:21');
INSERT INTO `sys_oper_log` VALUES (314, '宿舍信息', 2, 'com.ruoyi.project.system.dormitory.controller.DormitoryController.editSave()', 'POST', 1, 'admin', '计算机科学与技术', '/system/dormitory/edit', '127.0.0.1', '内网IP', '{\"dorId\":[\"5\"],\"dorParentid\":[\"1\"],\"parentName\":[\"3#\"],\"dorNo\":[\"2F\"],\"dorName\":[\"二层\"],\"dorBeds\":[\"60\"],\"dorDescription\":[\"\"],\"remark\":[\"\"]}', '{\"msg\":\"操作成功\",\"code\":0}', 0, NULL, '2022-04-10 15:42:23');
INSERT INTO `sys_oper_log` VALUES (315, '宿舍信息', 2, 'com.ruoyi.project.system.dormitory.controller.DormitoryController.editSave()', 'POST', 1, 'admin', '计算机科学与技术', '/system/dormitory/edit', '127.0.0.1', '内网IP', '{\"dorId\":[\"6\"],\"dorParentid\":[\"5\"],\"parentName\":[\"2F\"],\"dorNo\":[\"201\"],\"dorName\":[\"二零一\"],\"dorBeds\":[\"6\"],\"dorDescription\":[\"\"],\"remark\":[\"\"]}', '{\"msg\":\"操作成功\",\"code\":0}', 0, NULL, '2022-04-10 15:42:24');
INSERT INTO `sys_oper_log` VALUES (316, '宿舍信息', 2, 'com.ruoyi.project.system.dormitory.controller.DormitoryController.editSave()', 'POST', 1, 'admin', '计算机科学与技术', '/system/dormitory/edit', '127.0.0.1', '内网IP', '{\"dorId\":[\"4\"],\"dorParentid\":[\"2\"],\"parentName\":[\"1F\"],\"dorNo\":[\"102\"],\"dorName\":[\"一零二\"],\"dorBeds\":[\"4\"],\"dorDescription\":[\"四人间\"],\"remark\":[\"\"]}', '{\"msg\":\"操作成功\",\"code\":0}', 0, NULL, '2022-04-10 15:44:31');
INSERT INTO `sys_oper_log` VALUES (317, '宿舍信息', 2, 'com.ruoyi.project.system.dormitory.controller.DormitoryController.editSave()', 'POST', 1, 'admin', '计算机科学与技术', '/system/dormitory/edit', '127.0.0.1', '内网IP', '{\"dorId\":[\"5\"],\"dorParentid\":[\"1\"],\"parentName\":[\"3#\"],\"dorNo\":[\"2F\"],\"dorName\":[\"二层\"],\"dorBeds\":[\"60\"],\"dorDescription\":[\"\"],\"remark\":[\"\"]}', '{\"msg\":\"操作成功\",\"code\":0}', 0, NULL, '2022-04-10 15:44:33');
INSERT INTO `sys_oper_log` VALUES (318, '宿舍信息', 2, 'com.ruoyi.project.system.dormitory.controller.DormitoryController.editSave()', 'POST', 1, 'admin', '计算机科学与技术', '/system/dormitory/edit', '127.0.0.1', '内网IP', '{\"dorId\":[\"6\"],\"dorParentid\":[\"5\"],\"parentName\":[\"2F\"],\"dorNo\":[\"201\"],\"dorName\":[\"二零一\"],\"dorBeds\":[\"6\"],\"dorDescription\":[\"\"],\"remark\":[\"\"]}', '{\"msg\":\"操作成功\",\"code\":0}', 0, NULL, '2022-04-10 15:44:34');
INSERT INTO `sys_oper_log` VALUES (319, '代码生成', 2, 'com.ruoyi.project.tool.gen.controller.GenController.synchDb()', 'GET', 1, 'admin', '计算机科学与技术', '/tool/gen/synchDb/major', '127.0.0.1', '内网IP', '\"major\"', '{\"msg\":\"操作成功\",\"code\":0}', 0, NULL, '2022-04-10 16:34:33');
INSERT INTO `sys_oper_log` VALUES (320, '代码生成', 2, 'com.ruoyi.project.tool.gen.controller.GenController.editSave()', 'POST', 1, 'admin', '计算机科学与技术', '/tool/gen/edit', '127.0.0.1', '内网IP', '{\"tableId\":[\"3\"],\"tableName\":[\"major\"],\"tableComment\":[\"专业信息\"],\"className\":[\"Major\"],\"functionAuthor\":[\"ruoyi\"],\"remark\":[\"\"],\"columns[0].columnId\":[\"27\"],\"columns[0].sort\":[\"1\"],\"columns[0].columnComment\":[\"专业id\"],\"columns[0].javaType\":[\"Long\"],\"columns[0].javaField\":[\"majorId\"],\"columns[0].queryType\":[\"EQ\"],\"columns[0].htmlType\":[\"input\"],\"columns[0].dictType\":[\"\"],\"columns[1].columnId\":[\"146\"],\"columns[1].sort\":[\"2\"],\"columns[1].columnComment\":[\"专业代码\"],\"columns[1].javaType\":[\"String\"],\"columns[1].javaField\":[\"majorCode\"],\"columns[1].isInsert\":[\"1\"],\"columns[1].isEdit\":[\"1\"],\"columns[1].isList\":[\"1\"],\"columns[1].isQuery\":[\"1\"],\"columns[1].queryType\":[\"EQ\"],\"columns[1].isRequired\":[\"1\"],\"columns[1].htmlType\":[\"input\"],\"columns[1].dictType\":[\"\"],\"columns[2].columnId\":[\"28\"],\"columns[2].sort\":[\"3\"],\"columns[2].columnComment\":[\"专业名称\"],\"columns[2].javaType\":[\"String\"],\"columns[2].javaField\":[\"majorName\"],\"columns[2].isInsert\":[\"1\"],\"columns[2].isEdit\":[\"1\"],\"columns[2].isList\":[\"1\"],\"columns[2].isQuery\":[\"1\"],\"columns[2].queryType\":[\"LIKE\"],\"columns[2].isRequired\":[\"1\"],\"columns[2].htmlType\":[\"input\"],\"columns[2].dictType\":[\"\"],\"columns[3].columnId\":[\"29\"],\"columns[3].sort\":[\"4\"],\"columns[3].columnComment\":[\"专业描述\"],\"columns[3].javaType\":[\"String\"],\"columns[3].javaField\":[\"majorDescription\"],\"columns[3].isInsert\":[\"1\"],\"columns[3].isEdit\":[\"1\"],\"columns[3].queryType\":[\"EQ\"],\"columns[3].isRequired\":[\"1\"],\"columns[3].htmlType\":[\"textarea\"],\"columns[3].dictType\":[\"\"],\"columns[4].columnId\":[\"30\"],\"columns[4].sort\":[\"5\"],\"columns[4].columnComment\":[\"备注\"],\"columns[4].javaType\":[\"String\"],\"columns[4].javaField\":[\"remark\"],\"columns[4].isInsert\":[\"1\"],\"columns[4].isEdit\":[\"1\"],\"columns[4].isList\":[\"1\"],\"columns[4].queryType\":[\"EQ\"],\"columns[4].htmlType\":[\"input\"],\"columns[4].dictType\":[\"\"],\"columns[5].columnId\":[\"31\"],\"columns[5].sort\":[\"6\"],\"columns[5].columnComment\":[\"删除标记\"],\"columns[5].javaType\":[\"Integer\"],\"columns[5].javaField\":[\"delflag\"],\"columns[5].queryType\":[\"EQ\"],\"col', '{\"msg\":\"操作成功\",\"code\":0}', 0, NULL, '2022-04-10 16:35:11');
INSERT INTO `sys_oper_log` VALUES (321, '缴费项目', 2, 'com.ruoyi.project.system.item.controller.PaymentItemController.editSave()', 'POST', 1, 'admin', '计算机科学与技术', '/system/item/edit', '127.0.0.1', '内网IP', '{\"piId\":[\"1\"]}', '{\"msg\":\"操作成功\",\"code\":0}', 0, NULL, '2022-04-10 17:26:31');
INSERT INTO `sys_oper_log` VALUES (322, '缴费项目', 2, 'com.ruoyi.project.system.item.controller.PaymentItemController.editSave()', 'POST', 1, 'admin', '计算机科学与技术', '/system/item/edit', '127.0.0.1', '内网IP', '{\"piId\":[\"1\"]}', '{\"msg\":\"操作成功\",\"code\":0}', 0, NULL, '2022-04-10 17:31:41');
INSERT INTO `sys_oper_log` VALUES (323, '缴费', 1, 'com.ruoyi.project.system.item.controller.PaymentItemController.paySave()', 'POST', 1, 'student1', '计算机科学与技术', '/system/item/pay', '127.0.0.1', '内网IP', '{\"piId\":[\"1\"]}', '{\"msg\":\"操作成功\",\"code\":0}', 0, NULL, '2022-04-10 21:01:17');
INSERT INTO `sys_oper_log` VALUES (324, '缴费', 1, 'com.ruoyi.project.system.item.controller.PaymentItemController.paySave()', 'POST', 1, 'student1', '计算机科学与技术', '/system/item/pay', '127.0.0.1', '内网IP', '{\"piId\":[\"1\"]}', '{\"msg\":\"操作成功\",\"code\":0}', 0, NULL, '2022-04-10 21:06:05');
INSERT INTO `sys_oper_log` VALUES (325, '缴费', 1, 'com.ruoyi.project.system.item.controller.PaymentItemController.paySave()', 'POST', 1, 'student1', '计算机科学与技术', '/system/item/pay', '127.0.0.1', '内网IP', '{\"piId\":[\"1\"]}', '{\"msg\":\"操作成功\",\"code\":0}', 0, NULL, '2022-04-10 21:06:43');
INSERT INTO `sys_oper_log` VALUES (326, '代码生成', 2, 'com.ruoyi.project.tool.gen.controller.GenController.synchDb()', 'GET', 1, 'admin', '计算机科学与技术', '/tool/gen/synchDb/payment_record', '127.0.0.1', '内网IP', '\"payment_record\"', '{\"msg\":\"操作成功\",\"code\":0}', 0, NULL, '2022-04-10 21:08:49');
INSERT INTO `sys_oper_log` VALUES (327, '代码生成', 2, 'com.ruoyi.project.tool.gen.controller.GenController.editSave()', 'POST', 1, 'admin', '计算机科学与技术', '/tool/gen/edit', '127.0.0.1', '内网IP', '{\"tableId\":[\"10\"],\"tableName\":[\"payment_record\"],\"tableComment\":[\"缴费记录\"],\"className\":[\"PaymentRecord\"],\"functionAuthor\":[\"ruoyi\"],\"remark\":[\"\"],\"columns[0].columnId\":[\"130\"],\"columns[0].sort\":[\"1\"],\"columns[0].columnComment\":[\"缴费记录id\"],\"columns[0].javaType\":[\"Long\"],\"columns[0].javaField\":[\"prId\"],\"columns[0].queryType\":[\"EQ\"],\"columns[0].htmlType\":[\"input\"],\"columns[0].dictType\":[\"\"],\"columns[1].columnId\":[\"131\"],\"columns[1].sort\":[\"2\"],\"columns[1].columnComment\":[\"缴费项\"],\"columns[1].javaType\":[\"Long\"],\"columns[1].javaField\":[\"prPiid\"],\"columns[1].isInsert\":[\"1\"],\"columns[1].isEdit\":[\"1\"],\"columns[1].queryType\":[\"EQ\"],\"columns[1].isRequired\":[\"1\"],\"columns[1].htmlType\":[\"select\"],\"columns[1].dictType\":[\"sys_common_status\"],\"columns[2].columnId\":[\"132\"],\"columns[2].sort\":[\"3\"],\"columns[2].columnComment\":[\"缴费项\"],\"columns[2].javaType\":[\"String\"],\"columns[2].javaField\":[\"prPiname\"],\"columns[2].isList\":[\"1\"],\"columns[2].isQuery\":[\"1\"],\"columns[2].queryType\":[\"LIKE\"],\"columns[2].htmlType\":[\"input\"],\"columns[2].dictType\":[\"\"],\"columns[3].columnId\":[\"150\"],\"columns[3].sort\":[\"4\"],\"columns[3].columnComment\":[\"缴费金额\"],\"columns[3].javaType\":[\"BigDecimal\"],\"columns[3].javaField\":[\"prPiamount\"],\"columns[3].isInsert\":[\"1\"],\"columns[3].isEdit\":[\"1\"],\"columns[3].isList\":[\"1\"],\"columns[3].queryType\":[\"EQ\"],\"columns[3].htmlType\":[\"input\"],\"columns[3].dictType\":[\"\"],\"columns[4].columnId\":[\"133\"],\"columns[4].sort\":[\"5\"],\"columns[4].columnComment\":[\"缴费人\"],\"columns[4].javaType\":[\"Long\"],\"columns[4].javaField\":[\"prStuid\"],\"columns[4].isInsert\":[\"1\"],\"columns[4].queryType\":[\"EQ\"],\"columns[4].htmlType\":[\"select\"],\"columns[4].dictType\":[\"sys_common_status\"],\"columns[5].columnId\":[\"134\"],\"columns[5].sort\":[\"6\"],\"columns[5].columnComment\":[\"缴费人\"],\"columns[5].javaType\":[\"String\"],\"columns[5].javaField\":[\"prStuno\"],\"columns[5].queryType\":[\"EQ\"],\"columns[5].htmlType\":[\"input\"],\"columns[5].dictType\":[\"\"],\"columns[6].columnId\":[\"135\"],\"columns[6].sort\":[\"7\"],\"columns[6].columnComment\":[\"缴费人\"],\"colum', '{\"msg\":\"操作成功\",\"code\":0}', 0, NULL, '2022-04-10 21:11:48');
INSERT INTO `sys_oper_log` VALUES (328, '缴费', 1, 'com.ruoyi.project.system.item.controller.PaymentItemController.paySave()', 'POST', 1, 'student1', '计算机科学与技术', '/system/item/pay', '127.0.0.1', '内网IP', '{\"piId\":[\"1\"]}', '{\"msg\":\"操作成功\",\"code\":0}', 0, NULL, '2022-04-10 21:36:38');
INSERT INTO `sys_oper_log` VALUES (329, '缴费', 1, 'com.ruoyi.project.system.item.controller.PaymentItemController.paySave()', 'POST', 1, 'student1', '计算机科学与技术', '/system/item/pay', '127.0.0.1', '内网IP', '{\"piId\":[\"1\"],\"piName\":[\"2023年度学杂费\"],\"piAmount\":[\"1100.50\"]}', '{\"msg\":\"操作成功\",\"code\":0}', 0, NULL, '2022-04-10 21:40:07');
INSERT INTO `sys_oper_log` VALUES (330, '缴费', 1, 'com.ruoyi.project.system.item.controller.PaymentItemController.paySave()', 'POST', 1, 'student1', '计算机科学与技术', '/system/item/pay', '127.0.0.1', '内网IP', '{\"piId\":[\"1\"],\"piName\":[\"2023年度学杂费\"],\"piAmount\":[\"1100.50\"]}', '{\"msg\":\"操作成功\",\"code\":0}', 0, NULL, '2022-04-10 21:45:29');
INSERT INTO `sys_oper_log` VALUES (331, '缴费记录', 3, 'com.ruoyi.project.system.record.controller.PaymentRecordController.remove()', 'POST', 1, 'admin', '计算机科学与技术', '/system/record/remove', '127.0.0.1', '内网IP', '{\"ids\":[\"6\"]}', '{\"msg\":\"操作成功\",\"code\":0}', 0, NULL, '2022-04-10 21:48:17');
INSERT INTO `sys_oper_log` VALUES (332, '缴费', 1, 'com.ruoyi.project.system.item.controller.PaymentItemController.paySave()', 'POST', 1, 'student1', '计算机科学与技术', '/system/item/pay', '127.0.0.1', '内网IP', '{\"piId\":[\"1\"],\"piName\":[\"2023年度学杂费\"],\"piAmount\":[\"1100.50\"]}', '{\"msg\":\"操作成功\",\"code\":0}', 0, NULL, '2022-04-10 21:49:05');
INSERT INTO `sys_oper_log` VALUES (333, '缴费记录', 3, 'com.ruoyi.project.system.record.controller.PaymentRecordController.remove()', 'POST', 1, 'admin', '计算机科学与技术', '/system/record/remove', '127.0.0.1', '内网IP', '{\"ids\":[\"7\"]}', '{\"msg\":\"操作成功\",\"code\":0}', 0, NULL, '2022-04-10 21:50:39');
INSERT INTO `sys_oper_log` VALUES (334, '缴费', 1, 'com.ruoyi.project.system.item.controller.PaymentItemController.paySave()', 'POST', 1, 'student1', '计算机科学与技术', '/system/item/pay', '127.0.0.1', '内网IP', '{\"piId\":[\"1\"],\"piName\":[\"2023年度学杂费\"],\"piAmount\":[\"1100.50\"]}', '{\"msg\":\"操作成功\",\"code\":0}', 0, NULL, '2022-04-10 21:51:03');
INSERT INTO `sys_oper_log` VALUES (335, '角色管理', 2, 'com.ruoyi.project.system.role.controller.RoleController.editSave()', 'POST', 1, 'admin', '计算机科学与技术', '/system/role/edit', '127.0.0.1', '内网IP', '{\"roleId\":[\"2\"],\"roleName\":[\"管理员\"],\"roleKey\":[\"common\"],\"roleSort\":[\"2\"],\"status\":[\"0\"],\"remark\":[\"管理员\"],\"menuIds\":[\"1,100,1000,1001,1002,1003,1004,1005,1006,101,1007,1008,1009,1010,1011,103,1016,1017,1018,1019,2055,2056,2057,2058,2059,2060,105,1025,1026,1027,1028,1029,107,1035,1036,1037,1038,2,109,1047,1048,1049,111,112,113,2000,2013,2014,2015,2016,2017,2018,2025,2026,2027,2028,2029,2030,2019,2020,2021,2022,2023,2024,2007,2008,2009,2010,2011,2012,2037,2038,2039,2040,2041,2042,2043,2044,2045,2046,2047,2048,2049,2050,2051,2052,2053,2054,2031,2032,2034,2036\"]}', '{\"msg\":\"操作成功\",\"code\":0}', 0, NULL, '2022-04-10 21:55:28');
INSERT INTO `sys_oper_log` VALUES (336, '角色管理', 2, 'com.ruoyi.project.system.role.controller.RoleController.editSave()', 'POST', 1, 'admin', '计算机科学与技术', '/system/role/edit', '127.0.0.1', '内网IP', '{\"roleId\":[\"101\"],\"roleName\":[\"财务\"],\"roleKey\":[\"financial\"],\"roleSort\":[\"4\"],\"status\":[\"0\"],\"remark\":[\"\"],\"menuIds\":[\"2000,2013,2014,2025,2026,2019,2020,2049,2050,2051,2052,2053,2054,2031,2032,2034,2036\"]}', '{\"msg\":\"操作成功\",\"code\":0}', 0, NULL, '2022-04-10 21:55:38');
INSERT INTO `sys_oper_log` VALUES (337, '角色管理', 2, 'com.ruoyi.project.system.role.controller.RoleController.editSave()', 'POST', 1, 'admin', '计算机科学与技术', '/system/role/edit', '127.0.0.1', '内网IP', '{\"roleId\":[\"101\"],\"roleName\":[\"财务\"],\"roleKey\":[\"financial\"],\"roleSort\":[\"4\"],\"status\":[\"0\"],\"remark\":[\"\"],\"menuIds\":[\"2000,2013,2014,2025,2026,2019,2020,2049,2050,2051,2052,2053,2054,2031,2032,2036\"]}', '{\"msg\":\"操作成功\",\"code\":0}', 0, NULL, '2022-04-10 22:00:57');
INSERT INTO `sys_oper_log` VALUES (338, '角色管理', 2, 'com.ruoyi.project.system.role.controller.RoleController.editSave()', 'POST', 1, 'admin', '计算机科学与技术', '/system/role/edit', '127.0.0.1', '内网IP', '{\"roleId\":[\"2\"],\"roleName\":[\"管理员\"],\"roleKey\":[\"common\"],\"roleSort\":[\"2\"],\"status\":[\"0\"],\"remark\":[\"管理员\"],\"menuIds\":[\"1,100,1000,1001,1002,1003,1004,1005,1006,101,1007,1008,1009,1010,1011,103,1016,1017,1018,1019,2055,2056,2057,2058,2059,2060,105,1025,1026,1027,1028,1029,107,1035,1036,1037,1038,2,109,1047,1048,1049,111,112,113,2000,2013,2014,2015,2016,2017,2018,2025,2026,2027,2028,2029,2030,2019,2020,2021,2022,2023,2024,2007,2008,2009,2010,2011,2012,2037,2038,2039,2040,2041,2042,2043,2044,2045,2046,2047,2048,2049,2050,2051,2052,2053,2054,2031,2032,2036\"]}', '{\"msg\":\"操作成功\",\"code\":0}', 0, NULL, '2022-04-10 22:01:04');

-- ----------------------------
-- Table structure for sys_post
-- ----------------------------
DROP TABLE IF EXISTS `sys_post`;
CREATE TABLE `sys_post`  (
                             `post_id` bigint NOT NULL AUTO_INCREMENT COMMENT '岗位ID',
                             `post_code` varchar(64) CHARACTER SET utf8mb4 COLLATE utf8mb4_general_ci NOT NULL COMMENT '岗位编码',
                             `post_name` varchar(50) CHARACTER SET utf8mb4 COLLATE utf8mb4_general_ci NOT NULL COMMENT '岗位名称',
                             `post_sort` int NOT NULL COMMENT '显示顺序',
                             `status` char(1) CHARACTER SET utf8mb4 COLLATE utf8mb4_general_ci NOT NULL COMMENT '状态（0正常 1停用）',
                             `create_by` varchar(64) CHARACTER SET utf8mb4 COLLATE utf8mb4_general_ci NULL DEFAULT '' COMMENT '创建者',
                             `create_time` datetime(0) NULL DEFAULT NULL COMMENT '创建时间',
                             `update_by` varchar(64) CHARACTER SET utf8mb4 COLLATE utf8mb4_general_ci NULL DEFAULT '' COMMENT '更新者',
                             `update_time` datetime(0) NULL DEFAULT NULL COMMENT '更新时间',
                             `remark` varchar(500) CHARACTER SET utf8mb4 COLLATE utf8mb4_general_ci NULL DEFAULT NULL COMMENT '备注',
                             PRIMARY KEY (`post_id`) USING BTREE
) ENGINE = InnoDB AUTO_INCREMENT = 5 CHARACTER SET = utf8mb4 COLLATE = utf8mb4_general_ci COMMENT = '岗位信息表' ROW_FORMAT = Dynamic;

-- ----------------------------
-- Records of sys_post
-- ----------------------------
INSERT INTO `sys_post` VALUES (1, 'manager', '系统管理员', 1, '0', 'admin', '2022-04-08 15:19:14', 'admin', '2022-04-09 21:11:07', '');
INSERT INTO `sys_post` VALUES (2, 'counselor', '辅导员', 2, '0', 'admin', '2022-04-08 15:19:14', 'admin', '2022-04-09 21:12:59', '');
INSERT INTO `sys_post` VALUES (3, 'financial', '财务', 3, '0', 'admin', '2022-04-08 15:19:14', 'admin', '2022-04-09 21:13:21', '');
INSERT INTO `sys_post` VALUES (4, 'student', '学生', 4, '0', 'admin', '2022-04-08 15:19:14', 'admin', '2022-04-09 21:12:12', '');

-- ----------------------------
-- Table structure for sys_role
-- ----------------------------
DROP TABLE IF EXISTS `sys_role`;
CREATE TABLE `sys_role`  (
                             `role_id` bigint NOT NULL AUTO_INCREMENT COMMENT '角色ID',
                             `role_name` varchar(30) CHARACTER SET utf8mb4 COLLATE utf8mb4_general_ci NOT NULL COMMENT '角色名称',
                             `role_key` varchar(100) CHARACTER SET utf8mb4 COLLATE utf8mb4_general_ci NOT NULL COMMENT '角色权限字符串',
                             `role_sort` int NOT NULL COMMENT '显示顺序',
                             `data_scope` char(1) CHARACTER SET utf8mb4 COLLATE utf8mb4_general_ci NULL DEFAULT '1' COMMENT '数据范围（1：全部数据权限 2：自定数据权限 3：本部门数据权限 4：本部门及以下数据权限）',
                             `status` char(1) CHARACTER SET utf8mb4 COLLATE utf8mb4_general_ci NOT NULL COMMENT '角色状态（0正常 1停用）',
                             `del_flag` char(1) CHARACTER SET utf8mb4 COLLATE utf8mb4_general_ci NULL DEFAULT '0' COMMENT '删除标志（0代表存在 2代表删除）',
                             `create_by` varchar(64) CHARACTER SET utf8mb4 COLLATE utf8mb4_general_ci NULL DEFAULT '' COMMENT '创建者',
                             `create_time` datetime(0) NULL DEFAULT NULL COMMENT '创建时间',
                             `update_by` varchar(64) CHARACTER SET utf8mb4 COLLATE utf8mb4_general_ci NULL DEFAULT '' COMMENT '更新者',
                             `update_time` datetime(0) NULL DEFAULT NULL COMMENT '更新时间',
                             `remark` varchar(500) CHARACTER SET utf8mb4 COLLATE utf8mb4_general_ci NULL DEFAULT NULL COMMENT '备注',
                             PRIMARY KEY (`role_id`) USING BTREE
) ENGINE = InnoDB AUTO_INCREMENT = 103 CHARACTER SET = utf8mb4 COLLATE = utf8mb4_general_ci COMMENT = '角色信息表' ROW_FORMAT = Dynamic;

-- ----------------------------
-- Records of sys_role
-- ----------------------------
INSERT INTO `sys_role` VALUES (1, '超级管理员', 'admin', 1, '1', '0', '0', 'admin', '2022-04-08 15:19:14', '', NULL, '超级管理员');
INSERT INTO `sys_role` VALUES (2, '管理员', 'common', 2, '2', '0', '0', 'admin', '2022-04-08 15:19:14', 'admin', '2022-04-10 22:01:04', '管理员');
INSERT INTO `sys_role` VALUES (100, '辅导员', 'counselor', 3, '2', '0', '0', 'admin', '2022-04-09 21:19:55', 'admin', '2022-04-09 21:32:47', '');
INSERT INTO `sys_role` VALUES (101, '财务', 'financial', 4, '2', '0', '0', 'admin', '2022-04-09 21:21:12', 'admin', '2022-04-10 22:00:57', '');
INSERT INTO `sys_role` VALUES (102, '学生', 'student', 5, '2', '0', '0', 'admin', '2022-04-09 21:23:13', 'admin', '2022-04-10 11:09:52', '');

-- ----------------------------
-- Table structure for sys_role_dept
-- ----------------------------
DROP TABLE IF EXISTS `sys_role_dept`;
CREATE TABLE `sys_role_dept`  (
                                  `role_id` bigint NOT NULL COMMENT '角色ID',
                                  `dept_id` bigint NOT NULL COMMENT '部门ID',
                                  PRIMARY KEY (`role_id`, `dept_id`) USING BTREE
) ENGINE = InnoDB CHARACTER SET = utf8mb4 COLLATE = utf8mb4_general_ci COMMENT = '角色和部门关联表' ROW_FORMAT = Dynamic;

-- ----------------------------
-- Records of sys_role_dept
-- ----------------------------
INSERT INTO `sys_role_dept` VALUES (2, 100);
INSERT INTO `sys_role_dept` VALUES (2, 101);
INSERT INTO `sys_role_dept` VALUES (2, 102);
INSERT INTO `sys_role_dept` VALUES (2, 103);
INSERT INTO `sys_role_dept` VALUES (2, 105);
INSERT INTO `sys_role_dept` VALUES (2, 108);
INSERT INTO `sys_role_dept` VALUES (2, 109);
INSERT INTO `sys_role_dept` VALUES (2, 200);
INSERT INTO `sys_role_dept` VALUES (100, 100);
INSERT INTO `sys_role_dept` VALUES (100, 101);
INSERT INTO `sys_role_dept` VALUES (100, 102);
INSERT INTO `sys_role_dept` VALUES (100, 103);
INSERT INTO `sys_role_dept` VALUES (100, 105);
INSERT INTO `sys_role_dept` VALUES (100, 108);
INSERT INTO `sys_role_dept` VALUES (100, 109);
INSERT INTO `sys_role_dept` VALUES (100, 200);
INSERT INTO `sys_role_dept` VALUES (101, 100);
INSERT INTO `sys_role_dept` VALUES (101, 101);
INSERT INTO `sys_role_dept` VALUES (101, 102);
INSERT INTO `sys_role_dept` VALUES (101, 103);
INSERT INTO `sys_role_dept` VALUES (101, 105);
INSERT INTO `sys_role_dept` VALUES (101, 108);
INSERT INTO `sys_role_dept` VALUES (101, 109);
INSERT INTO `sys_role_dept` VALUES (101, 200);
INSERT INTO `sys_role_dept` VALUES (102, 100);
INSERT INTO `sys_role_dept` VALUES (102, 101);
INSERT INTO `sys_role_dept` VALUES (102, 102);
INSERT INTO `sys_role_dept` VALUES (102, 103);
INSERT INTO `sys_role_dept` VALUES (102, 105);
INSERT INTO `sys_role_dept` VALUES (102, 108);
INSERT INTO `sys_role_dept` VALUES (102, 109);
INSERT INTO `sys_role_dept` VALUES (102, 200);

-- ----------------------------
-- Table structure for sys_role_menu
-- ----------------------------
DROP TABLE IF EXISTS `sys_role_menu`;
CREATE TABLE `sys_role_menu`  (
                                  `role_id` bigint NOT NULL COMMENT '角色ID',
                                  `menu_id` bigint NOT NULL COMMENT '菜单ID',
                                  PRIMARY KEY (`role_id`, `menu_id`) USING BTREE
) ENGINE = InnoDB CHARACTER SET = utf8mb4 COLLATE = utf8mb4_general_ci COMMENT = '角色和菜单关联表' ROW_FORMAT = Dynamic;

-- ----------------------------
-- Records of sys_role_menu
-- ----------------------------
INSERT INTO `sys_role_menu` VALUES (2, 1);
INSERT INTO `sys_role_menu` VALUES (2, 2);
INSERT INTO `sys_role_menu` VALUES (2, 100);
INSERT INTO `sys_role_menu` VALUES (2, 101);
INSERT INTO `sys_role_menu` VALUES (2, 103);
INSERT INTO `sys_role_menu` VALUES (2, 105);
INSERT INTO `sys_role_menu` VALUES (2, 107);
INSERT INTO `sys_role_menu` VALUES (2, 109);
INSERT INTO `sys_role_menu` VALUES (2, 111);
INSERT INTO `sys_role_menu` VALUES (2, 112);
INSERT INTO `sys_role_menu` VALUES (2, 113);
INSERT INTO `sys_role_menu` VALUES (2, 1000);
INSERT INTO `sys_role_menu` VALUES (2, 1001);
INSERT INTO `sys_role_menu` VALUES (2, 1002);
INSERT INTO `sys_role_menu` VALUES (2, 1003);
INSERT INTO `sys_role_menu` VALUES (2, 1004);
INSERT INTO `sys_role_menu` VALUES (2, 1005);
INSERT INTO `sys_role_menu` VALUES (2, 1006);
INSERT INTO `sys_role_menu` VALUES (2, 1007);
INSERT INTO `sys_role_menu` VALUES (2, 1008);
INSERT INTO `sys_role_menu` VALUES (2, 1009);
INSERT INTO `sys_role_menu` VALUES (2, 1010);
INSERT INTO `sys_role_menu` VALUES (2, 1011);
INSERT INTO `sys_role_menu` VALUES (2, 1016);
INSERT INTO `sys_role_menu` VALUES (2, 1017);
INSERT INTO `sys_role_menu` VALUES (2, 1018);
INSERT INTO `sys_role_menu` VALUES (2, 1019);
INSERT INTO `sys_role_menu` VALUES (2, 1025);
INSERT INTO `sys_role_menu` VALUES (2, 1026);
INSERT INTO `sys_role_menu` VALUES (2, 1027);
INSERT INTO `sys_role_menu` VALUES (2, 1028);
INSERT INTO `sys_role_menu` VALUES (2, 1029);
INSERT INTO `sys_role_menu` VALUES (2, 1035);
INSERT INTO `sys_role_menu` VALUES (2, 1036);
INSERT INTO `sys_role_menu` VALUES (2, 1037);
INSERT INTO `sys_role_menu` VALUES (2, 1038);
INSERT INTO `sys_role_menu` VALUES (2, 1047);
INSERT INTO `sys_role_menu` VALUES (2, 1048);
INSERT INTO `sys_role_menu` VALUES (2, 1049);
INSERT INTO `sys_role_menu` VALUES (2, 2000);
INSERT INTO `sys_role_menu` VALUES (2, 2007);
INSERT INTO `sys_role_menu` VALUES (2, 2008);
INSERT INTO `sys_role_menu` VALUES (2, 2009);
INSERT INTO `sys_role_menu` VALUES (2, 2010);
INSERT INTO `sys_role_menu` VALUES (2, 2011);
INSERT INTO `sys_role_menu` VALUES (2, 2012);
INSERT INTO `sys_role_menu` VALUES (2, 2013);
INSERT INTO `sys_role_menu` VALUES (2, 2014);
INSERT INTO `sys_role_menu` VALUES (2, 2015);
INSERT INTO `sys_role_menu` VALUES (2, 2016);
INSERT INTO `sys_role_menu` VALUES (2, 2017);
INSERT INTO `sys_role_menu` VALUES (2, 2018);
INSERT INTO `sys_role_menu` VALUES (2, 2019);
INSERT INTO `sys_role_menu` VALUES (2, 2020);
INSERT INTO `sys_role_menu` VALUES (2, 2021);
INSERT INTO `sys_role_menu` VALUES (2, 2022);
INSERT INTO `sys_role_menu` VALUES (2, 2023);
INSERT INTO `sys_role_menu` VALUES (2, 2024);
INSERT INTO `sys_role_menu` VALUES (2, 2025);
INSERT INTO `sys_role_menu` VALUES (2, 2026);
INSERT INTO `sys_role_menu` VALUES (2, 2027);
INSERT INTO `sys_role_menu` VALUES (2, 2028);
INSERT INTO `sys_role_menu` VALUES (2, 2029);
INSERT INTO `sys_role_menu` VALUES (2, 2030);
INSERT INTO `sys_role_menu` VALUES (2, 2031);
INSERT INTO `sys_role_menu` VALUES (2, 2032);
INSERT INTO `sys_role_menu` VALUES (2, 2036);
INSERT INTO `sys_role_menu` VALUES (2, 2037);
INSERT INTO `sys_role_menu` VALUES (2, 2038);
INSERT INTO `sys_role_menu` VALUES (2, 2039);
INSERT INTO `sys_role_menu` VALUES (2, 2040);
INSERT INTO `sys_role_menu` VALUES (2, 2041);
INSERT INTO `sys_role_menu` VALUES (2, 2042);
INSERT INTO `sys_role_menu` VALUES (2, 2043);
INSERT INTO `sys_role_menu` VALUES (2, 2044);
INSERT INTO `sys_role_menu` VALUES (2, 2045);
INSERT INTO `sys_role_menu` VALUES (2, 2046);
INSERT INTO `sys_role_menu` VALUES (2, 2047);
INSERT INTO `sys_role_menu` VALUES (2, 2048);
INSERT INTO `sys_role_menu` VALUES (2, 2049);
INSERT INTO `sys_role_menu` VALUES (2, 2050);
INSERT INTO `sys_role_menu` VALUES (2, 2051);
INSERT INTO `sys_role_menu` VALUES (2, 2052);
INSERT INTO `sys_role_menu` VALUES (2, 2053);
INSERT INTO `sys_role_menu` VALUES (2, 2054);
INSERT INTO `sys_role_menu` VALUES (2, 2055);
INSERT INTO `sys_role_menu` VALUES (2, 2056);
INSERT INTO `sys_role_menu` VALUES (2, 2057);
INSERT INTO `sys_role_menu` VALUES (2, 2058);
INSERT INTO `sys_role_menu` VALUES (2, 2059);
INSERT INTO `sys_role_menu` VALUES (2, 2060);
INSERT INTO `sys_role_menu` VALUES (100, 2000);
INSERT INTO `sys_role_menu` VALUES (100, 2007);
INSERT INTO `sys_role_menu` VALUES (100, 2008);
INSERT INTO `sys_role_menu` VALUES (100, 2009);
INSERT INTO `sys_role_menu` VALUES (100, 2010);
INSERT INTO `sys_role_menu` VALUES (100, 2011);
INSERT INTO `sys_role_menu` VALUES (100, 2012);
INSERT INTO `sys_role_menu` VALUES (100, 2013);
INSERT INTO `sys_role_menu` VALUES (100, 2014);
INSERT INTO `sys_role_menu` VALUES (100, 2019);
INSERT INTO `sys_role_menu` VALUES (100, 2020);
INSERT INTO `sys_role_menu` VALUES (100, 2025);
INSERT INTO `sys_role_menu` VALUES (100, 2026);
INSERT INTO `sys_role_menu` VALUES (100, 2037);
INSERT INTO `sys_role_menu` VALUES (100, 2038);
INSERT INTO `sys_role_menu` VALUES (100, 2039);
INSERT INTO `sys_role_menu` VALUES (100, 2040);
INSERT INTO `sys_role_menu` VALUES (100, 2041);
INSERT INTO `sys_role_menu` VALUES (100, 2042);
INSERT INTO `sys_role_menu` VALUES (100, 2043);
INSERT INTO `sys_role_menu` VALUES (100, 2044);
INSERT INTO `sys_role_menu` VALUES (100, 2045);
INSERT INTO `sys_role_menu` VALUES (100, 2046);
INSERT INTO `sys_role_menu` VALUES (100, 2047);
INSERT INTO `sys_role_menu` VALUES (100, 2048);
INSERT INTO `sys_role_menu` VALUES (101, 2000);
INSERT INTO `sys_role_menu` VALUES (101, 2013);
INSERT INTO `sys_role_menu` VALUES (101, 2014);
INSERT INTO `sys_role_menu` VALUES (101, 2019);
INSERT INTO `sys_role_menu` VALUES (101, 2020);
INSERT INTO `sys_role_menu` VALUES (101, 2025);
INSERT INTO `sys_role_menu` VALUES (101, 2026);
INSERT INTO `sys_role_menu` VALUES (101, 2031);
INSERT INTO `sys_role_menu` VALUES (101, 2032);
INSERT INTO `sys_role_menu` VALUES (101, 2036);
INSERT INTO `sys_role_menu` VALUES (101, 2049);
INSERT INTO `sys_role_menu` VALUES (101, 2050);
INSERT INTO `sys_role_menu` VALUES (101, 2051);
INSERT INTO `sys_role_menu` VALUES (101, 2052);
INSERT INTO `sys_role_menu` VALUES (101, 2053);
INSERT INTO `sys_role_menu` VALUES (101, 2054);
INSERT INTO `sys_role_menu` VALUES (102, 2000);
INSERT INTO `sys_role_menu` VALUES (102, 2013);
INSERT INTO `sys_role_menu` VALUES (102, 2014);
INSERT INTO `sys_role_menu` VALUES (102, 2019);
INSERT INTO `sys_role_menu` VALUES (102, 2020);
INSERT INTO `sys_role_menu` VALUES (102, 2025);
INSERT INTO `sys_role_menu` VALUES (102, 2026);
INSERT INTO `sys_role_menu` VALUES (102, 2031);
INSERT INTO `sys_role_menu` VALUES (102, 2032);
INSERT INTO `sys_role_menu` VALUES (102, 2037);
INSERT INTO `sys_role_menu` VALUES (102, 2038);
INSERT INTO `sys_role_menu` VALUES (102, 2039);
INSERT INTO `sys_role_menu` VALUES (102, 2040);
INSERT INTO `sys_role_menu` VALUES (102, 2049);
INSERT INTO `sys_role_menu` VALUES (102, 2050);
INSERT INTO `sys_role_menu` VALUES (102, 2061);

-- ----------------------------
-- Table structure for sys_user
-- ----------------------------
DROP TABLE IF EXISTS `sys_user`;
CREATE TABLE `sys_user`  (
                             `user_id` bigint NOT NULL AUTO_INCREMENT COMMENT '用户ID',
                             `dept_id` bigint NULL DEFAULT NULL COMMENT '部门ID',
                             `login_name` varchar(30) CHARACTER SET utf8mb4 COLLATE utf8mb4_general_ci NOT NULL COMMENT '登录账号',
                             `user_name` varchar(30) CHARACTER SET utf8mb4 COLLATE utf8mb4_general_ci NULL DEFAULT '' COMMENT '用户昵称',
                             `user_type` varchar(2) CHARACTER SET utf8mb4 COLLATE utf8mb4_general_ci NULL DEFAULT '00' COMMENT '用户类型（00系统用户 01注册用户）',
                             `email` varchar(50) CHARACTER SET utf8mb4 COLLATE utf8mb4_general_ci NULL DEFAULT '' COMMENT '用户邮箱',
                             `phonenumber` varchar(11) CHARACTER SET utf8mb4 COLLATE utf8mb4_general_ci NULL DEFAULT '' COMMENT '手机号码',
                             `sex` char(1) CHARACTER SET utf8mb4 COLLATE utf8mb4_general_ci NULL DEFAULT '0' COMMENT '用户性别（0男 1女 2未知）',
                             `avatar` varchar(100) CHARACTER SET utf8mb4 COLLATE utf8mb4_general_ci NULL DEFAULT '' COMMENT '头像路径',
                             `password` varchar(50) CHARACTER SET utf8mb4 COLLATE utf8mb4_general_ci NULL DEFAULT '' COMMENT '密码',
                             `salt` varchar(20) CHARACTER SET utf8mb4 COLLATE utf8mb4_general_ci NULL DEFAULT '' COMMENT '盐加密',
                             `status` char(1) CHARACTER SET utf8mb4 COLLATE utf8mb4_general_ci NULL DEFAULT '0' COMMENT '帐号状态（0正常 1停用）',
                             `del_flag` char(1) CHARACTER SET utf8mb4 COLLATE utf8mb4_general_ci NULL DEFAULT '0' COMMENT '删除标志（0代表存在 2代表删除）',
                             `login_ip` varchar(128) CHARACTER SET utf8mb4 COLLATE utf8mb4_general_ci NULL DEFAULT '' COMMENT '最后登录IP',
                             `login_date` datetime(0) NULL DEFAULT NULL COMMENT '最后登录时间',
                             `pwd_update_date` datetime(0) NULL DEFAULT NULL COMMENT '密码最后更新时间',
                             `create_by` varchar(64) CHARACTER SET utf8mb4 COLLATE utf8mb4_general_ci NULL DEFAULT '' COMMENT '创建者',
                             `create_time` datetime(0) NULL DEFAULT NULL COMMENT '创建时间',
                             `update_by` varchar(64) CHARACTER SET utf8mb4 COLLATE utf8mb4_general_ci NULL DEFAULT '' COMMENT '更新者',
                             `update_time` datetime(0) NULL DEFAULT NULL COMMENT '更新时间',
                             `remark` varchar(500) CHARACTER SET utf8mb4 COLLATE utf8mb4_general_ci NULL DEFAULT NULL COMMENT '备注',
                             PRIMARY KEY (`user_id`) USING BTREE
) ENGINE = InnoDB AUTO_INCREMENT = 104 CHARACTER SET = utf8mb4 COLLATE = utf8mb4_general_ci COMMENT = '用户信息表' ROW_FORMAT = Dynamic;

-- ----------------------------
-- Records of sys_user
-- ----------------------------
INSERT INTO `sys_user` VALUES (1, 103, 'admin', '超级管理员', '00', '154545@163.com', '15888888888', '0', '', '29c67a30398638269fe600f73a054934', '111111', '0', '0', '127.0.0.1', '2022-04-10 21:53:08', '2022-04-08 15:19:14', 'admin', '2022-04-08 15:19:14', '', '2022-04-10 21:53:07', '超级管理员');
INSERT INTO `sys_user` VALUES (2, 105, 'ry', '管理员', '00', '124654@qq.com', '15666666666', '1', '', '8e6d98b90472783cc73c17047ddccf36', '222222', '0', '0', '127.0.0.1', '2022-04-09 20:13:26', '2022-04-08 15:19:14', 'admin', '2022-04-08 15:19:14', 'admin', '2022-04-09 20:13:26', '管理员');
INSERT INTO `sys_user` VALUES (100, 100, 'admin1', '系统管理员', '00', '14258@163.com', '17864195168', '0', '/profile/avatar/2022/04/09/blob_20220409213509A001.png', 'd8f557df8403508cdf45fccf855d25b5', '349a85', '0', '0', '127.0.0.1', '2022-04-10 21:56:03', NULL, 'admin', '2022-04-09 21:15:36', 'admin', '2022-04-10 21:56:03', '');
INSERT INTO `sys_user` VALUES (101, 200, 'accountant1', '财务会计', '00', '125474@qq.com', '17864185789', '0', '', '5b813640459f594f78cdf8492c02e9ea', '851145', '0', '0', '127.0.0.1', '2022-04-09 21:36:58', NULL, 'admin', '2022-04-09 21:27:01', '', '2022-04-09 21:36:57', NULL);
INSERT INTO `sys_user` VALUES (102, 103, 'counselor', '辅导员', '00', '14298@163.com', '18954879630', '0', '', '9c25ba3af73e1502a6a0a12dc25fdf7d', 'a34d23', '0', '0', '127.0.0.1', '2022-04-09 21:37:57', NULL, 'admin', '2022-04-09 21:28:12', '', '2022-04-09 21:37:57', NULL);
INSERT INTO `sys_user` VALUES (103, 103, 'student1', '张三', '00', '123685@qq.com', '17864195162', '1', '', '5fa91ed886d892b209e5d290b351b217', '249ad3', '0', '0', '127.0.0.1', '2022-04-10 21:50:27', NULL, 'admin', '2022-04-09 21:29:07', '', '2022-04-10 21:50:27', NULL);

-- ----------------------------
-- Table structure for sys_user_online
-- ----------------------------
DROP TABLE IF EXISTS `sys_user_online`;
CREATE TABLE `sys_user_online`  (
                                    `sessionId` varchar(50) CHARACTER SET utf8mb4 COLLATE utf8mb4_general_ci NOT NULL DEFAULT '' COMMENT '用户会话id',
                                    `login_name` varchar(50) CHARACTER SET utf8mb4 COLLATE utf8mb4_general_ci NULL DEFAULT '' COMMENT '登录账号',
                                    `dept_name` varchar(50) CHARACTER SET utf8mb4 COLLATE utf8mb4_general_ci NULL DEFAULT '' COMMENT '部门名称',
                                    `ipaddr` varchar(128) CHARACTER SET utf8mb4 COLLATE utf8mb4_general_ci NULL DEFAULT '' COMMENT '登录IP地址',
                                    `login_location` varchar(255) CHARACTER SET utf8mb4 COLLATE utf8mb4_general_ci NULL DEFAULT '' COMMENT '登录地点',
                                    `browser` varchar(50) CHARACTER SET utf8mb4 COLLATE utf8mb4_general_ci NULL DEFAULT '' COMMENT '浏览器类型',
                                    `os` varchar(50) CHARACTER SET utf8mb4 COLLATE utf8mb4_general_ci NULL DEFAULT '' COMMENT '操作系统',
                                    `status` varchar(10) CHARACTER SET utf8mb4 COLLATE utf8mb4_general_ci NULL DEFAULT '' COMMENT '在线状态on_line在线off_line离线',
                                    `start_timestamp` datetime(0) NULL DEFAULT NULL COMMENT 'session创建时间',
                                    `last_access_time` datetime(0) NULL DEFAULT NULL COMMENT 'session最后访问时间',
                                    `expire_time` int NULL DEFAULT 0 COMMENT '超时时间，单位为分钟',
                                    PRIMARY KEY (`sessionId`) USING BTREE
) ENGINE = InnoDB CHARACTER SET = utf8mb4 COLLATE = utf8mb4_general_ci COMMENT = '在线用户记录' ROW_FORMAT = Dynamic;

-- ----------------------------
-- Records of sys_user_online
-- ----------------------------
INSERT INTO `sys_user_online` VALUES ('01c9c223-6b64-4e04-a15f-fb6fdb360a3f', 'admin', '计算机科学与技术', '127.0.0.1', '内网IP', 'Chrome 10', 'Windows 10', 'on_line', '2022-04-10 21:53:06', '2022-04-10 22:00:58', 1800000);
INSERT INTO `sys_user_online` VALUES ('6ef4ec99-abad-4b48-9992-5a2687449203', 'admin1', '唐山学院', '127.0.0.1', '内网IP', 'Chrome 10', 'Windows 10', 'on_line', '2022-04-10 21:56:03', '2022-04-10 21:56:03', 1800000);

-- ----------------------------
-- Table structure for sys_user_post
-- ----------------------------
DROP TABLE IF EXISTS `sys_user_post`;
CREATE TABLE `sys_user_post`  (
                                  `user_id` bigint NOT NULL COMMENT '用户ID',
                                  `post_id` bigint NOT NULL COMMENT '岗位ID',
                                  PRIMARY KEY (`user_id`, `post_id`) USING BTREE
) ENGINE = InnoDB CHARACTER SET = utf8mb4 COLLATE = utf8mb4_general_ci COMMENT = '用户与岗位关联表' ROW_FORMAT = Dynamic;

-- ----------------------------
-- Records of sys_user_post
-- ----------------------------
INSERT INTO `sys_user_post` VALUES (1, 1);
INSERT INTO `sys_user_post` VALUES (2, 2);
INSERT INTO `sys_user_post` VALUES (100, 1);
INSERT INTO `sys_user_post` VALUES (101, 3);
INSERT INTO `sys_user_post` VALUES (102, 2);
INSERT INTO `sys_user_post` VALUES (103, 4);

-- ----------------------------
-- Table structure for sys_user_role
-- ----------------------------
DROP TABLE IF EXISTS `sys_user_role`;
CREATE TABLE `sys_user_role`  (
                                  `user_id` bigint NOT NULL COMMENT '用户ID',
                                  `role_id` bigint NOT NULL COMMENT '角色ID',
                                  PRIMARY KEY (`user_id`, `role_id`) USING BTREE
) ENGINE = InnoDB CHARACTER SET = utf8mb4 COLLATE = utf8mb4_general_ci COMMENT = '用户和角色关联表' ROW_FORMAT = Dynamic;

-- ----------------------------
-- Records of sys_user_role
-- ----------------------------
INSERT INTO `sys_user_role` VALUES (1, 1);
INSERT INTO `sys_user_role` VALUES (2, 2);
INSERT INTO `sys_user_role` VALUES (100, 2);
INSERT INTO `sys_user_role` VALUES (101, 101);
INSERT INTO `sys_user_role` VALUES (102, 100);
INSERT INTO `sys_user_role` VALUES (103, 102);

-- ----------------------------
-- View structure for computer
-- ----------------------------
DROP VIEW IF EXISTS `computer`;
CREATE ALGORITHM = UNDEFINED SQL SECURITY DEFINER VIEW `computer` AS select `st_course`.`couId` AS `couId`,`st_course`.`couName` AS `couName`,`st_course`.`couGrade` AS `couGrade`,`st_course`.`couTime` AS `couTime` from `st_course` where (`st_course`.`major` = '计算机科学与技术')  WITH CASCADED CHECK OPTION;

-- ----------------------------
-- View structure for ranks
-- ----------------------------
DROP VIEW IF EXISTS `ranks`;
CREATE ALGORITHM = UNDEFINED SQL SECURITY DEFINER VIEW `ranks` AS select `score`.`stuNumber` AS `stuNumber`,`score`.`name` AS `name`,`score`.`couName` AS `couName`,`score`.`grade` AS `grade`,`score`.`point` AS `point`,rank() OVER (PARTITION BY `score`.`couName` ORDER BY `score`.`grade` desc )  AS `ranks` from `score`;

-- ----------------------------
-- View structure for score
-- ----------------------------
DROP VIEW IF EXISTS `score`;
CREATE ALGORITHM = UNDEFINED SQL SECURITY DEFINER VIEW `score` AS select `st_grade`.`stuNumber` AS `stuNumber`,`st_grade`.`couId` AS `couId`,`st_name`.`name` AS `name`,`st_course`.`couName` AS `couName`,`st_grade`.`grade` AS `grade`,`st_grade`.`point` AS `point`,`st_course`.`major` AS `major` from ((`st_course` join `st_name`) join `st_grade`) where ((`st_grade`.`stuNumber` = `st_name`.`stuNumber`) and (`st_grade`.`couId` = `st_course`.`couId`));

-- ----------------------------
-- View structure for software
-- ----------------------------
DROP VIEW IF EXISTS `software`;
CREATE ALGORITHM = UNDEFINED SQL SECURITY DEFINER VIEW `software` AS select `st_course`.`couId` AS `couId`,`st_course`.`couName` AS `couName`,`st_course`.`couGrade` AS `couGrade`,`st_course`.`couTime` AS `couTime` from `st_course` where (`st_course`.`major` = '软件工程')  WITH CASCADED CHECK OPTION;

SET FOREIGN_KEY_CHECKS = 1;
